<?xml version="1.0" encoding="UTF-8"?>
<gpx xmlns="http://www.topografix.com/GPX/1/1" xmlns:gpxtpx="http://www.garmin.com/xmlschemas/TrackPointExtension/v1" xmlns:xsi="http://www.w3.org/2001/XMLSchema-instance" xsi:schemaLocation="http://www.topografix.com/GPX/1/1 http://www.topografix.com/GPX/1/1/gpx.xsd" version="1.1" creator="gpx.py -- https://github.com/tkrajina/gpxpy">
  <trk>
    <name>gpx from keep</name>
    <type>Run</type>
    <trkseg>
      <trkpt lat="31.22409586421066" lon="121.34576875408213">
        <ele>2.0</ele>
        <time>2026-10-08T10:13:59Z</time>
        <extensions>
          <gpxtpx:TrackPointExtension>
            <gpxtpx:hr>90</gpxtpx:hr>
          </gpxtpx:TrackPointExtension>
        </extensions>
      </trkpt>
      <trkpt lat="31.22402897481794" lon="121.34572285341734">
        <ele>1.600000023841858</ele>
        <time>2026-10-08T10:14:03Z</time>
        <extensions>
          <gpxtpx:TrackPointExtension>
            <gpxtpx:hr>91</gpxtpx:hr>
          </gpxtpx:TrackPointExtension>
        </extensions>
      </trkpt>
      <trkpt lat="31.22395916265817" lon="121.34563304261394">
        <ele>1.600000023841858</ele>
        <time>2026-10-08T10:14:07Z</time>
        <extensions>
          <gpxtpx:TrackPointExtension>
            <gpxtpx:hr>92</gpxtpx:hr>
          </gpxtpx:TrackPointExtension>
        </extensions>
      </trkpt>
      <trkpt lat="31.223924361798485" lon="121.34552726155937">
        <ele>1.7999999523162842</ele>
        <time>2026-10-08T10:14:11Z</time>
        <extensions>
          <gpxtpx:TrackPointExtension>
            <gpxtpx:hr>96</gpxtpx:hr>
          </gpxtpx:TrackPointExtension>
        </extensions>
      </trkpt>
      <trkpt lat="31.223906496188828" lon="121.3454544119507">
        <ele>1.7999999523162842</ele>
        <time>2026-10-08T10:14:15Z</time>
        <extensions>
          <gpxtpx:TrackPointExtension>
            <gpxtpx:hr>102</gpxtpx:hr>
          </gpxtpx:TrackPointExtension>
        </extensions>
      </trkpt>
      <trkpt lat="31.223904695708686" lon="121.34533964681353">
        <ele>1.600000023841858</ele>
        <time>2026-10-08T10:14:19Z</time>
        <extensions>
          <gpxtpx:TrackPointExtension>
            <gpxtpx:hr>103</gpxtpx:hr>
          </gpxtpx:TrackPointExtension>
        </extensions>
      </trkpt>
      <trkpt lat="31.22386182651238" lon="121.34527578126028">
        <ele>1.7999999523162842</ele>
        <time>2026-10-08T10:14:23Z</time>
        <extensions>
          <gpxtpx:TrackPointExtension>
            <gpxtpx:hr>101</gpxtpx:hr>
          </gpxtpx:TrackPointExtension>
        </extensions>
      </trkpt>
      <trkpt lat="31.22383882866926" lon="121.34528077303294">
        <ele>1.7999999523162842</ele>
        <time>2026-10-08T10:14:27Z</time>
        <extensions>
          <gpxtpx:TrackPointExtension>
            <gpxtpx:hr>103</gpxtpx:hr>
          </gpxtpx:TrackPointExtension>
        </extensions>
      </trkpt>
      <trkpt lat="31.223790935941857" lon="121.34523187732445">
        <ele>1.600000023841858</ele>
        <time>2026-10-08T10:14:31Z</time>
        <extensions>
          <gpxtpx:TrackPointExtension>
            <gpxtpx:hr>103</gpxtpx:hr>
          </gpxtpx:TrackPointExtension>
        </extensions>
      </trkpt>
      <trkpt lat="31.22375903228118" lon="121.34518497619132">
        <ele>1.600000023841858</ele>
        <time>2026-10-08T10:14:35Z</time>
        <extensions>
          <gpxtpx:TrackPointExtension>
            <gpxtpx:hr>102</gpxtpx:hr>
          </gpxtpx:TrackPointExtension>
        </extensions>
      </trkpt>
      <trkpt lat="31.223833068487043" lon="121.34514405366134">
        <ele>1.7999999523162842</ele>
        <time>2026-10-08T10:14:39Z</time>
        <extensions>
          <gpxtpx:TrackPointExtension>
            <gpxtpx:hr>103</gpxtpx:hr>
          </gpxtpx:TrackPointExtension>
        </extensions>
      </trkpt>
      <trkpt lat="31.22391010331743" lon="121.34510313090651">
        <ele>1.7999999523162842</ele>
        <time>2026-10-08T10:14:43Z</time>
        <extensions>
          <gpxtpx:TrackPointExtension>
            <gpxtpx:hr>104</gpxtpx:hr>
          </gpxtpx:TrackPointExtension>
        </extensions>
      </trkpt>
      <trkpt lat="31.22400811619554" lon="121.34506919203707">
        <ele>1.600000023841858</ele>
        <time>2026-10-08T10:14:47Z</time>
        <extensions>
          <gpxtpx:TrackPointExtension>
            <gpxtpx:hr>106</gpxtpx:hr>
          </gpxtpx:TrackPointExtension>
        </extensions>
      </trkpt>
      <trkpt lat="31.224120093073225" lon="121.34505221716375">
        <ele>1.7999999523162842</ele>
        <time>2026-10-08T10:14:51Z</time>
        <extensions>
          <gpxtpx:TrackPointExtension>
            <gpxtpx:hr>108</gpxtpx:hr>
          </gpxtpx:TrackPointExtension>
        </extensions>
      </trkpt>
      <trkpt lat="31.22421106769171" lon="121.34504222977505">
        <ele>2.0</ele>
        <time>2026-10-08T10:14:55Z</time>
        <extensions>
          <gpxtpx:TrackPointExtension>
            <gpxtpx:hr>111</gpxtpx:hr>
          </gpxtpx:TrackPointExtension>
        </extensions>
      </trkpt>
      <trkpt lat="31.224307076369193" lon="121.34501128497487">
        <ele>2.0</ele>
        <time>2026-10-08T10:14:59Z</time>
        <extensions>
          <gpxtpx:TrackPointExtension>
            <gpxtpx:hr>113</gpxtpx:hr>
          </gpxtpx:TrackPointExtension>
        </extensions>
      </trkpt>
      <trkpt lat="31.22442205015227" lon="121.34499530781333">
        <ele>1.7999999523162842</ele>
        <time>2026-10-08T10:15:03Z</time>
        <extensions>
          <gpxtpx:TrackPointExtension>
            <gpxtpx:hr>116</gpxtpx:hr>
          </gpxtpx:TrackPointExtension>
        </extensions>
      </trkpt>
      <trkpt lat="31.22454098913522" lon="121.34499829137653">
        <ele>2.0</ele>
        <time>2026-10-08T10:15:07Z</time>
        <extensions>
          <gpxtpx:TrackPointExtension>
            <gpxtpx:hr>119</gpxtpx:hr>
          </gpxtpx:TrackPointExtension>
        </extensions>
      </trkpt>
      <trkpt lat="31.224661887327397" lon="121.34502422764668">
        <ele>2.0</ele>
        <time>2026-10-08T10:15:11Z</time>
        <extensions>
          <gpxtpx:TrackPointExtension>
            <gpxtpx:hr>122</gpxtpx:hr>
          </gpxtpx:TrackPointExtension>
        </extensions>
      </trkpt>
      <trkpt lat="31.22477474771505" lon="121.34507411547739">
        <ele>2.0</ele>
        <time>2026-10-08T10:15:15Z</time>
        <extensions>
          <gpxtpx:TrackPointExtension>
            <gpxtpx:hr>124</gpxtpx:hr>
          </gpxtpx:TrackPointExtension>
        </extensions>
      </trkpt>
      <trkpt lat="31.224886650183677" lon="121.34510005256566">
        <ele>2.0</ele>
        <time>2026-10-08T10:15:19Z</time>
        <extensions>
          <gpxtpx:TrackPointExtension>
            <gpxtpx:hr>126</gpxtpx:hr>
          </gpxtpx:TrackPointExtension>
        </extensions>
      </trkpt>
      <trkpt lat="31.224988560823537" lon="121.34512399462514">
        <ele>2.0</ele>
        <time>2026-10-08T10:15:23Z</time>
        <extensions>
          <gpxtpx:TrackPointExtension>
            <gpxtpx:hr>128</gpxtpx:hr>
          </gpxtpx:TrackPointExtension>
        </extensions>
      </trkpt>
      <trkpt lat="31.22508856765077" lon="121.34509304942728">
        <ele>2.200000047683716</ele>
        <time>2026-10-08T10:15:27Z</time>
        <extensions>
          <gpxtpx:TrackPointExtension>
            <gpxtpx:hr>130</gpxtpx:hr>
          </gpxtpx:TrackPointExtension>
        </extensions>
      </trkpt>
      <trkpt lat="31.225127766003673" lon="121.34496830209851">
        <ele>2.0</ele>
        <time>2026-10-08T10:15:31Z</time>
        <extensions>
          <gpxtpx:TrackPointExtension>
            <gpxtpx:hr>132</gpxtpx:hr>
          </gpxtpx:TrackPointExtension>
        </extensions>
      </trkpt>
      <trkpt lat="31.225144987078124" lon="121.34483657135547">
        <ele>2.0</ele>
        <time>2026-10-08T10:15:35Z</time>
        <extensions>
          <gpxtpx:TrackPointExtension>
            <gpxtpx:hr>134</gpxtpx:hr>
          </gpxtpx:TrackPointExtension>
        </extensions>
      </trkpt>
      <trkpt lat="31.225167119199597" lon="121.34475473780961">
        <ele>2.200000047683716</ele>
        <time>2026-10-08T10:15:39Z</time>
        <extensions>
          <gpxtpx:TrackPointExtension>
            <gpxtpx:hr>134</gpxtpx:hr>
          </gpxtpx:TrackPointExtension>
        </extensions>
      </trkpt>
      <trkpt lat="31.22518917841137" lon="121.34471481808166">
        <ele>2.200000047683716</ele>
        <time>2026-10-08T10:15:43Z</time>
        <extensions>
          <gpxtpx:TrackPointExtension>
            <gpxtpx:hr>136</gpxtpx:hr>
          </gpxtpx:TrackPointExtension>
        </extensions>
      </trkpt>
      <trkpt lat="31.225199243270822" lon="121.34467489942347">
        <ele>2.200000047683716</ele>
        <time>2026-10-08T10:15:47Z</time>
        <extensions>
          <gpxtpx:TrackPointExtension>
            <gpxtpx:hr>136</gpxtpx:hr>
          </gpxtpx:TrackPointExtension>
        </extensions>
      </trkpt>
      <trkpt lat="31.225202320133654" lon="121.34462999168473">
        <ele>2.200000047683716</ele>
        <time>2026-10-08T10:15:51Z</time>
        <extensions>
          <gpxtpx:TrackPointExtension>
            <gpxtpx:hr>136</gpxtpx:hr>
          </gpxtpx:TrackPointExtension>
        </extensions>
      </trkpt>
      <trkpt lat="31.225197407738793" lon="121.34458109290787">
        <ele>2.0</ele>
        <time>2026-10-08T10:15:55Z</time>
        <extensions>
          <gpxtpx:TrackPointExtension>
            <gpxtpx:hr>135</gpxtpx:hr>
          </gpxtpx:TrackPointExtension>
        </extensions>
      </trkpt>
      <trkpt lat="31.225200486412373" lon="121.34453518731215">
        <ele>2.0</ele>
        <time>2026-10-08T10:15:59Z</time>
        <extensions>
          <gpxtpx:TrackPointExtension>
            <gpxtpx:hr>133</gpxtpx:hr>
          </gpxtpx:TrackPointExtension>
        </extensions>
      </trkpt>
      <trkpt lat="31.225207530152485" lon="121.34450824229003">
        <ele>2.0</ele>
        <time>2026-10-08T10:16:03Z</time>
        <extensions>
          <gpxtpx:TrackPointExtension>
            <gpxtpx:hr>132</gpxtpx:hr>
          </gpxtpx:TrackPointExtension>
        </extensions>
      </trkpt>
      <trkpt lat="31.22523153632861" lon="121.34449826080504">
        <ele>1.7999999523162842</ele>
        <time>2026-10-08T10:16:07Z</time>
        <extensions>
          <gpxtpx:TrackPointExtension>
            <gpxtpx:hr>132</gpxtpx:hr>
          </gpxtpx:TrackPointExtension>
        </extensions>
      </trkpt>
      <trkpt lat="31.22525051523721" lon="121.34450524474907">
        <ele>2.0</ele>
        <time>2026-10-08T10:16:11Z</time>
        <extensions>
          <gpxtpx:TrackPointExtension>
            <gpxtpx:hr>130</gpxtpx:hr>
          </gpxtpx:TrackPointExtension>
        </extensions>
      </trkpt>
      <trkpt lat="31.225254515105494" lon="121.34450424646221">
        <ele>2.0</ele>
        <time>2026-10-08T10:16:15Z</time>
        <extensions>
          <gpxtpx:TrackPointExtension>
            <gpxtpx:hr>127</gpxtpx:hr>
          </gpxtpx:TrackPointExtension>
        </extensions>
      </trkpt>
      <trkpt lat="31.225246522335873" lon="121.34450225127189">
        <ele>2.0</ele>
        <time>2026-10-08T10:16:19Z</time>
        <extensions>
          <gpxtpx:TrackPointExtension>
            <gpxtpx:hr>125</gpxtpx:hr>
          </gpxtpx:TrackPointExtension>
        </extensions>
      </trkpt>
      <trkpt lat="31.225232610773887" lon="121.34445534927842">
        <ele>2.0</ele>
        <time>2026-10-08T10:16:23Z</time>
        <extensions>
          <gpxtpx:TrackPointExtension>
            <gpxtpx:hr>123</gpxtpx:hr>
          </gpxtpx:TrackPointExtension>
        </extensions>
      </trkpt>
      <trkpt lat="31.22521689553605" lon="121.34429667844579">
        <ele>1.7999999523162842</ele>
        <time>2026-10-08T10:16:27Z</time>
        <extensions>
          <gpxtpx:TrackPointExtension>
            <gpxtpx:hr>122</gpxtpx:hr>
          </gpxtpx:TrackPointExtension>
        </extensions>
      </trkpt>
      <trkpt lat="31.225242135290877" lon="121.34415297357627">
        <ele>1.7999999523162842</ele>
        <time>2026-10-08T10:16:31Z</time>
        <extensions>
          <gpxtpx:TrackPointExtension>
            <gpxtpx:hr>124</gpxtpx:hr>
          </gpxtpx:TrackPointExtension>
        </extensions>
      </trkpt>
      <trkpt lat="31.225243393619788" lon="121.34400527946356">
        <ele>1.7999999523162842</ele>
        <time>2026-10-08T10:16:35Z</time>
        <extensions>
          <gpxtpx:TrackPointExtension>
            <gpxtpx:hr>128</gpxtpx:hr>
          </gpxtpx:TrackPointExtension>
        </extensions>
      </trkpt>
      <trkpt lat="31.225227598944876" lon="121.34389251474924">
        <ele>2.200000047683716</ele>
        <time>2026-10-08T10:16:39Z</time>
        <extensions>
          <gpxtpx:TrackPointExtension>
            <gpxtpx:hr>127</gpxtpx:hr>
          </gpxtpx:TrackPointExtension>
        </extensions>
      </trkpt>
      <trkpt lat="31.22520973178079" lon="121.34382166339722">
        <ele>2.200000047683716</ele>
        <time>2026-10-08T10:16:43Z</time>
        <extensions>
          <gpxtpx:TrackPointExtension>
            <gpxtpx:hr>128</gpxtpx:hr>
          </gpxtpx:TrackPointExtension>
        </extensions>
      </trkpt>
      <trkpt lat="31.225186921416444" lon="121.34371987687096">
        <ele>2.200000047683716</ele>
        <time>2026-10-08T10:16:47Z</time>
        <extensions>
          <gpxtpx:TrackPointExtension>
            <gpxtpx:hr>128</gpxtpx:hr>
          </gpxtpx:TrackPointExtension>
        </extensions>
      </trkpt>
      <trkpt lat="31.22519402869332" lon="121.34365700698932">
        <ele>2.5999999046325684</ele>
        <time>2026-10-08T10:16:51Z</time>
        <extensions>
          <gpxtpx:TrackPointExtension>
            <gpxtpx:hr>128</gpxtpx:hr>
          </gpxtpx:TrackPointExtension>
        </extensions>
      </trkpt>
      <trkpt lat="31.225200154065213" lon="121.34358415803905">
        <ele>2.799999952316284</ele>
        <time>2026-10-08T10:16:55Z</time>
        <extensions>
          <gpxtpx:TrackPointExtension>
            <gpxtpx:hr>128</gpxtpx:hr>
          </gpxtpx:TrackPointExtension>
        </extensions>
      </trkpt>
      <trkpt lat="31.225179264047604" lon="121.34352727827297">
        <ele>2.5999999046325684</ele>
        <time>2026-10-08T10:16:59Z</time>
        <extensions>
          <gpxtpx:TrackPointExtension>
            <gpxtpx:hr>127</gpxtpx:hr>
          </gpxtpx:TrackPointExtension>
        </extensions>
      </trkpt>
      <trkpt lat="31.22516725561017" lon="121.34353526268632">
        <ele>2.799999952316284</ele>
        <time>2026-10-08T10:17:03Z</time>
        <extensions>
          <gpxtpx:TrackPointExtension>
            <gpxtpx:hr>127</gpxtpx:hr>
          </gpxtpx:TrackPointExtension>
        </extensions>
      </trkpt>
      <trkpt lat="31.225177308924007" lon="121.34350233040342">
        <ele>2.799999952316284</ele>
        <time>2026-10-08T10:17:07Z</time>
        <extensions>
          <gpxtpx:TrackPointExtension>
            <gpxtpx:hr>127</gpxtpx:hr>
          </gpxtpx:TrackPointExtension>
        </extensions>
      </trkpt>
      <trkpt lat="31.22517732122883" lon="121.34349534495368">
        <ele>2.799999952316284</ele>
        <time>2026-10-08T10:17:11Z</time>
        <extensions>
          <gpxtpx:TrackPointExtension>
            <gpxtpx:hr>126</gpxtpx:hr>
          </gpxtpx:TrackPointExtension>
        </extensions>
      </trkpt>
      <trkpt lat="31.22517732122883" lon="121.34349534495368">
        <ele>2.799999952316284</ele>
        <time>2026-10-08T10:17:15Z</time>
        <extensions>
          <gpxtpx:TrackPointExtension>
            <gpxtpx:hr>118</gpxtpx:hr>
          </gpxtpx:TrackPointExtension>
        </extensions>
      </trkpt>
      <trkpt lat="31.225165358494507" lon="121.34347738341013">
        <ele>2.799999952316284</ele>
        <time>2026-10-08T10:17:19Z</time>
        <extensions>
          <gpxtpx:TrackPointExtension>
            <gpxtpx:hr>112</gpxtpx:hr>
          </gpxtpx:TrackPointExtension>
        </extensions>
      </trkpt>
      <trkpt lat="31.225165358494507" lon="121.34347738341013">
        <ele>2.799999952316284</ele>
        <time>2026-10-08T10:17:23Z</time>
        <extensions>
          <gpxtpx:TrackPointExtension>
            <gpxtpx:hr>111</gpxtpx:hr>
          </gpxtpx:TrackPointExtension>
        </extensions>
      </trkpt>
      <trkpt lat="31.22516335943138" lon="121.343477383583">
        <ele>2.5999999046325684</ele>
        <time>2026-10-08T10:17:27Z</time>
        <extensions>
          <gpxtpx:TrackPointExtension>
            <gpxtpx:hr>111</gpxtpx:hr>
          </gpxtpx:TrackPointExtension>
        </extensions>
      </trkpt>
      <trkpt lat="31.22513958528636" lon="121.34335563943867">
        <ele>2.5999999046325684</ele>
        <time>2026-10-08T10:17:31Z</time>
        <extensions>
          <gpxtpx:TrackPointExtension>
            <gpxtpx:hr>110</gpxtpx:hr>
          </gpxtpx:TrackPointExtension>
        </extensions>
      </trkpt>
      <trkpt lat="31.225134825378092" lon="121.34322092102224">
        <ele>3.0</ele>
        <time>2026-10-08T10:17:35Z</time>
        <extensions>
          <gpxtpx:TrackPointExtension>
            <gpxtpx:hr>112</gpxtpx:hr>
          </gpxtpx:TrackPointExtension>
        </extensions>
      </trkpt>
      <trkpt lat="31.225155043453864" lon="121.34309218826947">
        <ele>3.799999952316284</ele>
        <time>2026-10-08T10:17:39Z</time>
        <extensions>
          <gpxtpx:TrackPointExtension>
            <gpxtpx:hr>114</gpxtpx:hr>
          </gpxtpx:TrackPointExtension>
        </extensions>
      </trkpt>
      <trkpt lat="31.22516126127835" lon="121.3429674486829">
        <ele>4.400000095367432</ele>
        <time>2026-10-08T10:17:43Z</time>
        <extensions>
          <gpxtpx:TrackPointExtension>
            <gpxtpx:hr>116</gpxtpx:hr>
          </gpxtpx:TrackPointExtension>
        </extensions>
      </trkpt>
      <trkpt lat="31.225157489328616" lon="121.34283971652353">
        <ele>4.800000190734863</ele>
        <time>2026-10-08T10:17:47Z</time>
        <extensions>
          <gpxtpx:TrackPointExtension>
            <gpxtpx:hr>120</gpxtpx:hr>
          </gpxtpx:TrackPointExtension>
        </extensions>
      </trkpt>
      <trkpt lat="31.225153719396232" lon="121.34271098675978">
        <ele>4.800000190734863</ele>
        <time>2026-10-08T10:17:51Z</time>
        <extensions>
          <gpxtpx:TrackPointExtension>
            <gpxtpx:hr>123</gpxtpx:hr>
          </gpxtpx:TrackPointExtension>
        </extensions>
      </trkpt>
      <trkpt lat="31.225152942992732" lon="121.34258525075485">
        <ele>4.800000190734863</ele>
        <time>2026-10-08T10:17:55Z</time>
        <extensions>
          <gpxtpx:TrackPointExtension>
            <gpxtpx:hr>126</gpxtpx:hr>
          </gpxtpx:TrackPointExtension>
        </extensions>
      </trkpt>
      <trkpt lat="31.22514717803671" lon="121.3424545259613">
        <ele>4.400000095367432</ele>
        <time>2026-10-08T10:17:59Z</time>
        <extensions>
          <gpxtpx:TrackPointExtension>
            <gpxtpx:hr>128</gpxtpx:hr>
          </gpxtpx:TrackPointExtension>
        </extensions>
      </trkpt>
      <trkpt lat="31.225137416984385" lon="121.34232280392455">
        <ele>4.199999809265137</ele>
        <time>2026-10-08T10:18:03Z</time>
        <extensions>
          <gpxtpx:TrackPointExtension>
            <gpxtpx:hr>130</gpxtpx:hr>
          </gpxtpx:TrackPointExtension>
        </extensions>
      </trkpt>
      <trkpt lat="31.225133651599972" lon="121.34219207957999">
        <ele>4.0</ele>
        <time>2026-10-08T10:18:07Z</time>
        <extensions>
          <gpxtpx:TrackPointExtension>
            <gpxtpx:hr>132</gpxtpx:hr>
          </gpxtpx:TrackPointExtension>
        </extensions>
      </trkpt>
      <trkpt lat="31.22512189021406" lon="121.34206135623336">
        <ele>3.799999952316284</ele>
        <time>2026-10-08T10:18:11Z</time>
        <extensions>
          <gpxtpx:TrackPointExtension>
            <gpxtpx:hr>132</gpxtpx:hr>
          </gpxtpx:TrackPointExtension>
        </extensions>
      </trkpt>
      <trkpt lat="31.22511713114215" lon="121.341927638909">
        <ele>3.5999999046325684</ele>
        <time>2026-10-08T10:18:15Z</time>
        <extensions>
          <gpxtpx:TrackPointExtension>
            <gpxtpx:hr>133</gpxtpx:hr>
          </gpxtpx:TrackPointExtension>
        </extensions>
      </trkpt>
      <trkpt lat="31.225131358077768" lon="121.34179691393035">
        <ele>3.5999999046325684</ele>
        <time>2026-10-08T10:18:19Z</time>
        <extensions>
          <gpxtpx:TrackPointExtension>
            <gpxtpx:hr>134</gpxtpx:hr>
          </gpxtpx:TrackPointExtension>
        </extensions>
      </trkpt>
      <trkpt lat="31.225137564015263" lon="121.34168016037636">
        <ele>3.5999999046325684</ele>
        <time>2026-10-08T10:18:23Z</time>
        <extensions>
          <gpxtpx:TrackPointExtension>
            <gpxtpx:hr>134</gpxtpx:hr>
          </gpxtpx:TrackPointExtension>
        </extensions>
      </trkpt>
      <trkpt lat="31.225151737814922" lon="121.34157937255019">
        <ele>3.5999999046325684</ele>
        <time>2026-10-08T10:18:27Z</time>
        <extensions>
          <gpxtpx:TrackPointExtension>
            <gpxtpx:hr>135</gpxtpx:hr>
          </gpxtpx:TrackPointExtension>
        </extensions>
      </trkpt>
      <trkpt lat="31.225155920019173" lon="121.3414765899954">
        <ele>3.4000000953674316</ele>
        <time>2026-10-08T10:18:31Z</time>
        <extensions>
          <gpxtpx:TrackPointExtension>
            <gpxtpx:hr>135</gpxtpx:hr>
          </gpxtpx:TrackPointExtension>
        </extensions>
      </trkpt>
      <trkpt lat="31.22516309202078" lon="121.34137879677888">
        <ele>3.4000000953674316</ele>
        <time>2026-10-08T10:18:35Z</time>
        <extensions>
          <gpxtpx:TrackPointExtension>
            <gpxtpx:hr>136</gpxtpx:hr>
          </gpxtpx:TrackPointExtension>
        </extensions>
      </trkpt>
      <trkpt lat="31.225170316090917" lon="121.34125206517726">
        <ele>3.4000000953674316</ele>
        <time>2026-10-08T10:18:39Z</time>
        <extensions>
          <gpxtpx:TrackPointExtension>
            <gpxtpx:hr>135</gpxtpx:hr>
          </gpxtpx:TrackPointExtension>
        </extensions>
      </trkpt>
      <trkpt lat="31.225164612817515" lon="121.34108841347584">
        <ele>3.200000047683716</ele>
        <time>2026-10-08T10:18:43Z</time>
        <extensions>
          <gpxtpx:TrackPointExtension>
            <gpxtpx:hr>135</gpxtpx:hr>
          </gpxtpx:TrackPointExtension>
        </extensions>
      </trkpt>
      <trkpt lat="31.225175860656815" lon="121.34094771189523">
        <ele>2.799999952316284</ele>
        <time>2026-10-08T10:18:47Z</time>
        <extensions>
          <gpxtpx:TrackPointExtension>
            <gpxtpx:hr>138</gpxtpx:hr>
          </gpxtpx:TrackPointExtension>
        </extensions>
      </trkpt>
      <trkpt lat="31.225200093692685" lon="121.34081199889162">
        <ele>2.799999952316284</ele>
        <time>2026-10-08T10:18:51Z</time>
        <extensions>
          <gpxtpx:TrackPointExtension>
            <gpxtpx:hr>139</gpxtpx:hr>
          </gpxtpx:TrackPointExtension>
        </extensions>
      </trkpt>
      <trkpt lat="31.22524227717723" lon="121.34069923568094">
        <ele>2.799999952316284</ele>
        <time>2026-10-08T10:18:55Z</time>
        <extensions>
          <gpxtpx:TrackPointExtension>
            <gpxtpx:hr>139</gpxtpx:hr>
          </gpxtpx:TrackPointExtension>
        </extensions>
      </trkpt>
      <trkpt lat="31.22526743819683" lon="121.34060343793578">
        <ele>3.0</ele>
        <time>2026-10-08T10:18:59Z</time>
        <extensions>
          <gpxtpx:TrackPointExtension>
            <gpxtpx:hr>139</gpxtpx:hr>
          </gpxtpx:TrackPointExtension>
        </extensions>
      </trkpt>
      <trkpt lat="31.225283661200002" lon="121.34047570934183">
        <ele>3.0</ele>
        <time>2026-10-08T10:19:03Z</time>
        <extensions>
          <gpxtpx:TrackPointExtension>
            <gpxtpx:hr>139</gpxtpx:hr>
          </gpxtpx:TrackPointExtension>
        </extensions>
      </trkpt>
      <trkpt lat="31.22529186292281" lon="121.34036195182813">
        <ele>3.0</ele>
        <time>2026-10-08T10:19:07Z</time>
        <extensions>
          <gpxtpx:TrackPointExtension>
            <gpxtpx:hr>138</gpxtpx:hr>
          </gpxtpx:TrackPointExtension>
        </extensions>
      </trkpt>
      <trkpt lat="31.225289100649235" lon="121.34023123178818">
        <ele>3.200000047683716</ele>
        <time>2026-10-08T10:19:11Z</time>
        <extensions>
          <gpxtpx:TrackPointExtension>
            <gpxtpx:hr>137</gpxtpx:hr>
          </gpxtpx:TrackPointExtension>
        </extensions>
      </trkpt>
      <trkpt lat="31.225299336125396" lon="121.34009851517878">
        <ele>3.200000047683716</ele>
        <time>2026-10-08T10:19:15Z</time>
        <extensions>
          <gpxtpx:TrackPointExtension>
            <gpxtpx:hr>138</gpxtpx:hr>
          </gpxtpx:TrackPointExtension>
        </extensions>
      </trkpt>
      <trkpt lat="31.225320537749074" lon="121.3399817636576">
        <ele>3.200000047683716</ele>
        <time>2026-10-08T10:19:19Z</time>
        <extensions>
          <gpxtpx:TrackPointExtension>
            <gpxtpx:hr>138</gpxtpx:hr>
          </gpxtpx:TrackPointExtension>
        </extensions>
      </trkpt>
      <trkpt lat="31.22534673720846" lon="121.33986501192236">
        <ele>3.5999999046325684</ele>
        <time>2026-10-08T10:19:23Z</time>
        <extensions>
          <gpxtpx:TrackPointExtension>
            <gpxtpx:hr>138</gpxtpx:hr>
          </gpxtpx:TrackPointExtension>
        </extensions>
      </trkpt>
      <trkpt lat="31.225369954549056" lon="121.339739279958">
        <ele>3.5999999046325684</ele>
        <time>2026-10-08T10:19:27Z</time>
        <extensions>
          <gpxtpx:TrackPointExtension>
            <gpxtpx:hr>136</gpxtpx:hr>
          </gpxtpx:TrackPointExtension>
        </extensions>
      </trkpt>
      <trkpt lat="31.225375153329903" lon="121.33962851760879">
        <ele>3.799999952316284</ele>
        <time>2026-10-08T10:19:31Z</time>
        <extensions>
          <gpxtpx:TrackPointExtension>
            <gpxtpx:hr>132</gpxtpx:hr>
          </gpxtpx:TrackPointExtension>
        </extensions>
      </trkpt>
      <trkpt lat="31.225355378485485" lon="121.33950977479043">
        <ele>4.0</ele>
        <time>2026-10-08T10:19:35Z</time>
        <extensions>
          <gpxtpx:TrackPointExtension>
            <gpxtpx:hr>131</gpxtpx:hr>
          </gpxtpx:TrackPointExtension>
        </extensions>
      </trkpt>
      <trkpt lat="31.225263497774055" lon="121.33946787294681">
        <ele>4.199999809265137</ele>
        <time>2026-10-08T10:19:39Z</time>
        <extensions>
          <gpxtpx:TrackPointExtension>
            <gpxtpx:hr>128</gpxtpx:hr>
          </gpxtpx:TrackPointExtension>
        </extensions>
      </trkpt>
      <trkpt lat="31.22517051593113" lon="121.3394818509027">
        <ele>4.199999809265137</ele>
        <time>2026-10-08T10:19:43Z</time>
        <extensions>
          <gpxtpx:TrackPointExtension>
            <gpxtpx:hr>128</gpxtpx:hr>
          </gpxtpx:TrackPointExtension>
        </extensions>
      </trkpt>
      <trkpt lat="31.225079540418573" lon="121.33949183728035">
        <ele>4.0</ele>
        <time>2026-10-08T10:19:47Z</time>
        <extensions>
          <gpxtpx:TrackPointExtension>
            <gpxtpx:hr>129</gpxtpx:hr>
          </gpxtpx:TrackPointExtension>
        </extensions>
      </trkpt>
      <trkpt lat="31.224980575920423" lon="121.33949783294129">
        <ele>3.799999952316284</ele>
        <time>2026-10-08T10:19:51Z</time>
        <extensions>
          <gpxtpx:TrackPointExtension>
            <gpxtpx:hr>129</gpxtpx:hr>
          </gpxtpx:TrackPointExtension>
        </extensions>
      </trkpt>
      <trkpt lat="31.22487761693463" lon="121.33950183324353">
        <ele>3.799999952316284</ele>
        <time>2026-10-08T10:19:55Z</time>
        <extensions>
          <gpxtpx:TrackPointExtension>
            <gpxtpx:hr>130</gpxtpx:hr>
          </gpxtpx:TrackPointExtension>
        </extensions>
      </trkpt>
      <trkpt lat="31.224781671004948" lon="121.3394968522711">
        <ele>3.5999999046325684</ele>
        <time>2026-10-08T10:19:59Z</time>
        <extensions>
          <gpxtpx:TrackPointExtension>
            <gpxtpx:hr>130</gpxtpx:hr>
          </gpxtpx:TrackPointExtension>
        </extensions>
      </trkpt>
      <trkpt lat="31.224673687169776" lon="121.33951582079081">
        <ele>3.4000000953674316</ele>
        <time>2026-10-08T10:20:03Z</time>
        <extensions>
          <gpxtpx:TrackPointExtension>
            <gpxtpx:hr>129</gpxtpx:hr>
          </gpxtpx:TrackPointExtension>
        </extensions>
      </trkpt>
      <trkpt lat="31.224566715577428" lon="121.33952780426058">
        <ele>3.4000000953674316</ele>
        <time>2026-10-08T10:20:07Z</time>
        <extensions>
          <gpxtpx:TrackPointExtension>
            <gpxtpx:hr>130</gpxtpx:hr>
          </gpxtpx:TrackPointExtension>
        </extensions>
      </trkpt>
      <trkpt lat="31.224457775770524" lon="121.33952282440849">
        <ele>3.4000000953674316</ele>
        <time>2026-10-08T10:20:11Z</time>
        <extensions>
          <gpxtpx:TrackPointExtension>
            <gpxtpx:hr>131</gpxtpx:hr>
          </gpxtpx:TrackPointExtension>
        </extensions>
      </trkpt>
      <trkpt lat="31.224352819586144" lon="121.33952582703223">
        <ele>3.4000000953674316</ele>
        <time>2026-10-08T10:20:15Z</time>
        <extensions>
          <gpxtpx:TrackPointExtension>
            <gpxtpx:hr>131</gpxtpx:hr>
          </gpxtpx:TrackPointExtension>
        </extensions>
      </trkpt>
      <trkpt lat="31.224249876984544" lon="121.33952084666214">
        <ele>3.200000047683716</ele>
        <time>2026-10-08T10:20:19Z</time>
        <extensions>
          <gpxtpx:TrackPointExtension>
            <gpxtpx:hr>131</gpxtpx:hr>
          </gpxtpx:TrackPointExtension>
        </extensions>
      </trkpt>
      <trkpt lat="31.224143926730704" lon="121.3395208558142">
        <ele>3.200000047683716</ele>
        <time>2026-10-08T10:20:23Z</time>
        <extensions>
          <gpxtpx:TrackPointExtension>
            <gpxtpx:hr>132</gpxtpx:hr>
          </gpxtpx:TrackPointExtension>
        </extensions>
      </trkpt>
      <trkpt lat="31.22404494780636" lon="121.33953483429976">
        <ele>3.200000047683716</ele>
        <time>2026-10-08T10:20:27Z</time>
        <extensions>
          <gpxtpx:TrackPointExtension>
            <gpxtpx:hr>131</gpxtpx:hr>
          </gpxtpx:TrackPointExtension>
        </extensions>
      </trkpt>
      <trkpt lat="31.223941988908138" lon="121.33953883460417">
        <ele>3.0</ele>
        <time>2026-10-08T10:20:31Z</time>
        <extensions>
          <gpxtpx:TrackPointExtension>
            <gpxtpx:hr>131</gpxtpx:hr>
          </gpxtpx:TrackPointExtension>
        </extensions>
      </trkpt>
      <trkpt lat="31.223827019332287" lon="121.33955181662203">
        <ele>3.0</ele>
        <time>2026-10-08T10:20:35Z</time>
        <extensions>
          <gpxtpx:TrackPointExtension>
            <gpxtpx:hr>131</gpxtpx:hr>
          </gpxtpx:TrackPointExtension>
        </extensions>
      </trkpt>
      <trkpt lat="31.22372605588836" lon="121.33955781246114">
        <ele>3.0</ele>
        <time>2026-10-08T10:20:39Z</time>
        <extensions>
          <gpxtpx:TrackPointExtension>
            <gpxtpx:hr>130</gpxtpx:hr>
          </gpxtpx:TrackPointExtension>
        </extensions>
      </trkpt>
      <trkpt lat="31.223622073916374" lon="121.3395747849468">
        <ele>3.200000047683716</ele>
        <time>2026-10-08T10:20:43Z</time>
        <extensions>
          <gpxtpx:TrackPointExtension>
            <gpxtpx:hr>130</gpxtpx:hr>
          </gpxtpx:TrackPointExtension>
        </extensions>
      </trkpt>
      <trkpt lat="31.223512112908505" lon="121.33958177941867">
        <ele>3.0</ele>
        <time>2026-10-08T10:20:47Z</time>
        <extensions>
          <gpxtpx:TrackPointExtension>
            <gpxtpx:hr>129</gpxtpx:hr>
          </gpxtpx:TrackPointExtension>
        </extensions>
      </trkpt>
      <trkpt lat="31.223400161917745" lon="121.3395837847958">
        <ele>3.0</ele>
        <time>2026-10-08T10:20:51Z</time>
        <extensions>
          <gpxtpx:TrackPointExtension>
            <gpxtpx:hr>129</gpxtpx:hr>
          </gpxtpx:TrackPointExtension>
        </extensions>
      </trkpt>
      <trkpt lat="31.22328722954044" lon="121.33957581172385">
        <ele>2.799999952316284</ele>
        <time>2026-10-08T10:20:55Z</time>
        <extensions>
          <gpxtpx:TrackPointExtension>
            <gpxtpx:hr>130</gpxtpx:hr>
          </gpxtpx:TrackPointExtension>
        </extensions>
      </trkpt>
      <trkpt lat="31.223183272996952" lon="121.33957881426352">
        <ele>3.200000047683716</ele>
        <time>2026-10-08T10:20:59Z</time>
        <extensions>
          <gpxtpx:TrackPointExtension>
            <gpxtpx:hr>130</gpxtpx:hr>
          </gpxtpx:TrackPointExtension>
        </extensions>
      </trkpt>
      <trkpt lat="31.223080314179665" lon="121.33958281457056">
        <ele>3.200000047683716</ele>
        <time>2026-10-08T10:21:03Z</time>
        <extensions>
          <gpxtpx:TrackPointExtension>
            <gpxtpx:hr>130</gpxtpx:hr>
          </gpxtpx:TrackPointExtension>
        </extensions>
      </trkpt>
      <trkpt lat="31.222984359331967" lon="121.339582822859">
        <ele>3.4000000953674316</ele>
        <time>2026-10-08T10:21:07Z</time>
        <extensions>
          <gpxtpx:TrackPointExtension>
            <gpxtpx:hr>131</gpxtpx:hr>
          </gpxtpx:TrackPointExtension>
        </extensions>
      </trkpt>
      <trkpt lat="31.222901329484245" lon="121.33962074847263">
        <ele>3.4000000953674316</ele>
        <time>2026-10-08T10:21:11Z</time>
        <extensions>
          <gpxtpx:TrackPointExtension>
            <gpxtpx:hr>130</gpxtpx:hr>
          </gpxtpx:TrackPointExtension>
        </extensions>
      </trkpt>
      <trkpt lat="31.222882108310504" lon="121.3397474777198">
        <ele>3.0</ele>
        <time>2026-10-08T10:21:15Z</time>
        <extensions>
          <gpxtpx:TrackPointExtension>
            <gpxtpx:hr>130</gpxtpx:hr>
          </gpxtpx:TrackPointExtension>
        </extensions>
      </trkpt>
      <trkpt lat="31.222782053960064" lon="121.33980336632389">
        <ele>2.799999952316284</ele>
        <time>2026-10-08T10:21:19Z</time>
        <extensions>
          <gpxtpx:TrackPointExtension>
            <gpxtpx:hr>131</gpxtpx:hr>
          </gpxtpx:TrackPointExtension>
        </extensions>
      </trkpt>
      <trkpt lat="31.222672991226982" lon="121.33986624076054">
        <ele>3.200000047683716</ele>
        <time>2026-10-08T10:21:23Z</time>
        <extensions>
          <gpxtpx:TrackPointExtension>
            <gpxtpx:hr>130</gpxtpx:hr>
          </gpxtpx:TrackPointExtension>
        </extensions>
      </trkpt>
      <trkpt lat="31.22255802002516" lon="121.3398802207042">
        <ele>3.4000000953674316</ele>
        <time>2026-10-08T10:21:27Z</time>
        <extensions>
          <gpxtpx:TrackPointExtension>
            <gpxtpx:hr>130</gpxtpx:hr>
          </gpxtpx:TrackPointExtension>
        </extensions>
      </trkpt>
      <trkpt lat="31.22245909739604" lon="121.33986326566391">
        <ele>3.5999999046325684</ele>
        <time>2026-10-08T10:21:31Z</time>
        <extensions>
          <gpxtpx:TrackPointExtension>
            <gpxtpx:hr>131</gpxtpx:hr>
          </gpxtpx:TrackPointExtension>
        </extensions>
      </trkpt>
      <trkpt lat="31.22235718705134" lon="121.33984032374097">
        <ele>3.5999999046325684</ele>
        <time>2026-10-08T10:21:35Z</time>
        <extensions>
          <gpxtpx:TrackPointExtension>
            <gpxtpx:hr>131</gpxtpx:hr>
          </gpxtpx:TrackPointExtension>
        </extensions>
      </trkpt>
      <trkpt lat="31.22226015492151" lon="121.33988324000929">
        <ele>3.5999999046325684</ele>
        <time>2026-10-08T10:21:39Z</time>
        <extensions>
          <gpxtpx:TrackPointExtension>
            <gpxtpx:hr>132</gpxtpx:hr>
          </gpxtpx:TrackPointExtension>
        </extensions>
      </trkpt>
      <trkpt lat="31.222167151690975" lon="121.33990919236086">
        <ele>3.4000000953674316</ele>
        <time>2026-10-08T10:21:43Z</time>
        <extensions>
          <gpxtpx:TrackPointExtension>
            <gpxtpx:hr>132</gpxtpx:hr>
          </gpxtpx:TrackPointExtension>
        </extensions>
      </trkpt>
      <trkpt lat="31.22206519070291" lon="121.3399141904617">
        <ele>3.4000000953674316</ele>
        <time>2026-10-08T10:21:47Z</time>
        <extensions>
          <gpxtpx:TrackPointExtension>
            <gpxtpx:hr>132</gpxtpx:hr>
          </gpxtpx:TrackPointExtension>
        </extensions>
      </trkpt>
      <trkpt lat="31.22196122885802" lon="121.33992018659451">
        <ele>3.5999999046325684</ele>
        <time>2026-10-08T10:21:51Z</time>
        <extensions>
          <gpxtpx:TrackPointExtension>
            <gpxtpx:hr>131</gpxtpx:hr>
          </gpxtpx:TrackPointExtension>
        </extensions>
      </trkpt>
      <trkpt lat="31.22185424854111" lon="121.33993715943699">
        <ele>3.5999999046325684</ele>
        <time>2026-10-08T10:21:55Z</time>
        <extensions>
          <gpxtpx:TrackPointExtension>
            <gpxtpx:hr>131</gpxtpx:hr>
          </gpxtpx:TrackPointExtension>
        </extensions>
      </trkpt>
      <trkpt lat="31.221779175399895" lon="121.33999703749242">
        <ele>3.799999952316284</ele>
        <time>2026-10-08T10:21:59Z</time>
        <extensions>
          <gpxtpx:TrackPointExtension>
            <gpxtpx:hr>132</gpxtpx:hr>
          </gpxtpx:TrackPointExtension>
        </extensions>
      </trkpt>
      <trkpt lat="31.221709052971892" lon="121.34008285956753">
        <ele>3.799999952316284</ele>
        <time>2026-10-08T10:22:03Z</time>
        <extensions>
          <gpxtpx:TrackPointExtension>
            <gpxtpx:hr>131</gpxtpx:hr>
          </gpxtpx:TrackPointExtension>
        </extensions>
      </trkpt>
      <trkpt lat="31.221654876156496" lon="121.34019462482019">
        <ele>3.5999999046325684</ele>
        <time>2026-10-08T10:22:07Z</time>
        <extensions>
          <gpxtpx:TrackPointExtension>
            <gpxtpx:hr>131</gpxtpx:hr>
          </gpxtpx:TrackPointExtension>
        </extensions>
      </trkpt>
      <trkpt lat="31.22163564873134" lon="121.34032534669277">
        <ele>3.5999999046325684</ele>
        <time>2026-10-08T10:22:11Z</time>
        <extensions>
          <gpxtpx:TrackPointExtension>
            <gpxtpx:hr>131</gpxtpx:hr>
          </gpxtpx:TrackPointExtension>
        </extensions>
      </trkpt>
      <trkpt lat="31.221663419190367" lon="121.34044508824277">
        <ele>3.5999999046325684</ele>
        <time>2026-10-08T10:22:15Z</time>
        <extensions>
          <gpxtpx:TrackPointExtension>
            <gpxtpx:hr>131</gpxtpx:hr>
          </gpxtpx:TrackPointExtension>
        </extensions>
      </trkpt>
      <trkpt lat="31.221696205488396" lon="121.34055485090313">
        <ele>3.799999952316284</ele>
        <time>2026-10-08T10:22:19Z</time>
        <extensions>
          <gpxtpx:TrackPointExtension>
            <gpxtpx:hr>129</gpxtpx:hr>
          </gpxtpx:TrackPointExtension>
        </extensions>
      </trkpt>
      <trkpt lat="31.221718998462933" lon="121.34066361675448">
        <ele>3.799999952316284</ele>
        <time>2026-10-08T10:22:23Z</time>
        <extensions>
          <gpxtpx:TrackPointExtension>
            <gpxtpx:hr>128</gpxtpx:hr>
          </gpxtpx:TrackPointExtension>
        </extensions>
      </trkpt>
      <trkpt lat="31.22174578611644" lon="121.34077437820197">
        <ele>3.5999999046325684</ele>
        <time>2026-10-08T10:22:27Z</time>
        <extensions>
          <gpxtpx:TrackPointExtension>
            <gpxtpx:hr>128</gpxtpx:hr>
          </gpxtpx:TrackPointExtension>
        </extensions>
      </trkpt>
      <trkpt lat="31.22176557005307" lon="121.34088913195721">
        <ele>3.5999999046325684</ele>
        <time>2026-10-08T10:22:31Z</time>
        <extensions>
          <gpxtpx:TrackPointExtension>
            <gpxtpx:hr>128</gpxtpx:hr>
          </gpxtpx:TrackPointExtension>
        </extensions>
      </trkpt>
      <trkpt lat="31.221775344529142" lon="121.3410118698107">
        <ele>3.4000000953674316</ele>
        <time>2026-10-08T10:22:35Z</time>
        <extensions>
          <gpxtpx:TrackPointExtension>
            <gpxtpx:hr>128</gpxtpx:hr>
          </gpxtpx:TrackPointExtension>
        </extensions>
      </trkpt>
      <trkpt lat="31.221784134025828" lon="121.34112662497466">
        <ele>3.4000000953674316</ele>
        <time>2026-10-08T10:22:39Z</time>
        <extensions>
          <gpxtpx:TrackPointExtension>
            <gpxtpx:hr>129</gpxtpx:hr>
          </gpxtpx:TrackPointExtension>
        </extensions>
      </trkpt>
      <trkpt lat="31.221803923892907" lon="121.34123838577031">
        <ele>3.4000000953674316</ele>
        <time>2026-10-08T10:22:43Z</time>
        <extensions>
          <gpxtpx:TrackPointExtension>
            <gpxtpx:hr>132</gpxtpx:hr>
          </gpxtpx:TrackPointExtension>
        </extensions>
      </trkpt>
      <trkpt lat="31.221804690679463" lon="121.34136811030889">
        <ele>3.4000000953674316</ele>
        <time>2026-10-08T10:22:47Z</time>
        <extensions>
          <gpxtpx:TrackPointExtension>
            <gpxtpx:hr>132</gpxtpx:hr>
          </gpxtpx:TrackPointExtension>
        </extensions>
      </trkpt>
      <trkpt lat="31.221774479467122" lon="121.34149384627467">
        <ele>3.200000047683716</ele>
        <time>2026-10-08T10:22:51Z</time>
        <extensions>
          <gpxtpx:TrackPointExtension>
            <gpxtpx:hr>131</gpxtpx:hr>
          </gpxtpx:TrackPointExtension>
        </extensions>
      </trkpt>
      <trkpt lat="31.22171134833861" lon="121.34158366143747">
        <ele>3.4000000953674316</ele>
        <time>2026-10-08T10:22:55Z</time>
        <extensions>
          <gpxtpx:TrackPointExtension>
            <gpxtpx:hr>131</gpxtpx:hr>
          </gpxtpx:TrackPointExtension>
        </extensions>
      </trkpt>
      <trkpt lat="31.22166818826189" lon="121.34168445178372">
        <ele>3.4000000953674316</ele>
        <time>2026-10-08T10:22:59Z</time>
        <extensions>
          <gpxtpx:TrackPointExtension>
            <gpxtpx:hr>131</gpxtpx:hr>
          </gpxtpx:TrackPointExtension>
        </extensions>
      </trkpt>
      <trkpt lat="31.221662980094965" lon="121.34180220315928">
        <ele>3.5999999046325684</ele>
        <time>2026-10-08T10:23:03Z</time>
        <extensions>
          <gpxtpx:TrackPointExtension>
            <gpxtpx:hr>130</gpxtpx:hr>
          </gpxtpx:TrackPointExtension>
        </extensions>
      </trkpt>
      <trkpt lat="31.221693776532" lon="121.34190797696067">
        <ele>3.5999999046325684</ele>
        <time>2026-10-08T10:23:07Z</time>
        <extensions>
          <gpxtpx:TrackPointExtension>
            <gpxtpx:hr>129</gpxtpx:hr>
          </gpxtpx:TrackPointExtension>
        </extensions>
      </trkpt>
      <trkpt lat="31.221716568002634" lon="121.34201874112183">
        <ele>3.799999952316284</ele>
        <time>2026-10-08T10:23:11Z</time>
        <extensions>
          <gpxtpx:TrackPointExtension>
            <gpxtpx:hr>129</gpxtpx:hr>
          </gpxtpx:TrackPointExtension>
        </extensions>
      </trkpt>
      <trkpt lat="31.22170135978426" lon="121.34213948774685">
        <ele>3.799999952316284</ele>
        <time>2026-10-08T10:23:15Z</time>
        <extensions>
          <gpxtpx:TrackPointExtension>
            <gpxtpx:hr>128</gpxtpx:hr>
          </gpxtpx:TrackPointExtension>
        </extensions>
      </trkpt>
      <trkpt lat="31.221670185974748" lon="121.34224526753947">
        <ele>3.799999952316284</ele>
        <time>2026-10-08T10:23:19Z</time>
        <extensions>
          <gpxtpx:TrackPointExtension>
            <gpxtpx:hr>129</gpxtpx:hr>
          </gpxtpx:TrackPointExtension>
        </extensions>
      </trkpt>
      <trkpt lat="31.22163901943191" lon="121.3423470559331">
        <ele>3.799999952316284</ele>
        <time>2026-10-08T10:23:23Z</time>
        <extensions>
          <gpxtpx:TrackPointExtension>
            <gpxtpx:hr>129</gpxtpx:hr>
          </gpxtpx:TrackPointExtension>
        </extensions>
      </trkpt>
      <trkpt lat="31.221651786179294" lon="121.34247478616895">
        <ele>3.799999952316284</ele>
        <time>2026-10-08T10:23:27Z</time>
        <extensions>
          <gpxtpx:TrackPointExtension>
            <gpxtpx:hr>128</gpxtpx:hr>
          </gpxtpx:TrackPointExtension>
        </extensions>
      </trkpt>
      <trkpt lat="31.221719555582805" lon="121.34258654547617">
        <ele>3.799999952316284</ele>
        <time>2026-10-08T10:23:31Z</time>
        <extensions>
          <gpxtpx:TrackPointExtension>
            <gpxtpx:hr>130</gpxtpx:hr>
          </gpxtpx:TrackPointExtension>
        </extensions>
      </trkpt>
      <trkpt lat="31.22179035031639" lon="121.34268333615728">
        <ele>3.5999999046325684</ele>
        <time>2026-10-08T10:23:35Z</time>
        <extensions>
          <gpxtpx:TrackPointExtension>
            <gpxtpx:hr>131</gpxtpx:hr>
          </gpxtpx:TrackPointExtension>
        </extensions>
      </trkpt>
      <trkpt lat="31.221764164390873" lon="121.34279510401386">
        <ele>4.0</ele>
        <time>2026-10-08T10:23:39Z</time>
        <extensions>
          <gpxtpx:TrackPointExtension>
            <gpxtpx:hr>132</gpxtpx:hr>
          </gpxtpx:TrackPointExtension>
        </extensions>
      </trkpt>
      <trkpt lat="31.22175997711765" lon="121.34290188064905">
        <ele>4.800000190734863</ele>
        <time>2026-10-08T10:23:43Z</time>
        <extensions>
          <gpxtpx:TrackPointExtension>
            <gpxtpx:hr>132</gpxtpx:hr>
          </gpxtpx:TrackPointExtension>
        </extensions>
      </trkpt>
      <trkpt lat="31.221797801997077" lon="121.34299069144978">
        <ele>5.400000095367432</ele>
        <time>2026-10-08T10:23:47Z</time>
        <extensions>
          <gpxtpx:TrackPointExtension>
            <gpxtpx:hr>132</gpxtpx:hr>
          </gpxtpx:TrackPointExtension>
        </extensions>
      </trkpt>
      <trkpt lat="31.221867663086062" lon="121.34305056014738">
        <ele>5.400000095367432</ele>
        <time>2026-10-08T10:23:51Z</time>
        <extensions>
          <gpxtpx:TrackPointExtension>
            <gpxtpx:hr>132</gpxtpx:hr>
          </gpxtpx:TrackPointExtension>
        </extensions>
      </trkpt>
      <trkpt lat="31.22195350611079" lon="121.34311641501424">
        <ele>5.0</ele>
        <time>2026-10-08T10:23:55Z</time>
        <extensions>
          <gpxtpx:TrackPointExtension>
            <gpxtpx:hr>133</gpxtpx:hr>
          </gpxtpx:TrackPointExtension>
        </extensions>
      </trkpt>
      <trkpt lat="31.222023335596376" lon="121.34319424633189">
        <ele>4.400000095367432</ele>
        <time>2026-10-08T10:23:59Z</time>
        <extensions>
          <gpxtpx:TrackPointExtension>
            <gpxtpx:hr>133</gpxtpx:hr>
          </gpxtpx:TrackPointExtension>
        </extensions>
      </trkpt>
      <trkpt lat="31.222090129608137" lon="121.34329303428713">
        <ele>4.0</ele>
        <time>2026-10-08T10:24:03Z</time>
        <extensions>
          <gpxtpx:TrackPointExtension>
            <gpxtpx:hr>134</gpxtpx:hr>
          </gpxtpx:TrackPointExtension>
        </extensions>
      </trkpt>
      <trkpt lat="31.2221619266983" lon="121.34338882823653">
        <ele>3.799999952316284</ele>
        <time>2026-10-08T10:24:07Z</time>
        <extensions>
          <gpxtpx:TrackPointExtension>
            <gpxtpx:hr>135</gpxtpx:hr>
          </gpxtpx:TrackPointExtension>
        </extensions>
      </trkpt>
      <trkpt lat="31.222135771860195" lon="121.34348363290871">
        <ele>3.4000000953674316</ele>
        <time>2026-10-08T10:24:11Z</time>
        <extensions>
          <gpxtpx:TrackPointExtension>
            <gpxtpx:hr>135</gpxtpx:hr>
          </gpxtpx:TrackPointExtension>
        </extensions>
      </trkpt>
      <trkpt lat="31.222065692356523" lon="121.34354750595232">
        <ele>3.200000047683716</ele>
        <time>2026-10-08T10:24:15Z</time>
        <extensions>
          <gpxtpx:TrackPointExtension>
            <gpxtpx:hr>135</gpxtpx:hr>
          </gpxtpx:TrackPointExtension>
        </extensions>
      </trkpt>
      <trkpt lat="31.22198563519526" lon="121.34360140070336">
        <ele>2.799999952316284</ele>
        <time>2026-10-08T10:24:19Z</time>
        <extensions>
          <gpxtpx:TrackPointExtension>
            <gpxtpx:hr>133</gpxtpx:hr>
          </gpxtpx:TrackPointExtension>
        </extensions>
      </trkpt>
      <trkpt lat="31.22190557457465" lon="121.34365729135932">
        <ele>2.200000047683716</ele>
        <time>2026-10-08T10:24:23Z</time>
        <extensions>
          <gpxtpx:TrackPointExtension>
            <gpxtpx:hr>133</gpxtpx:hr>
          </gpxtpx:TrackPointExtension>
        </extensions>
      </trkpt>
      <trkpt lat="31.22182451798936" lon="121.34371118631093">
        <ele>1.7999999523162842</ele>
        <time>2026-10-08T10:24:27Z</time>
        <extensions>
          <gpxtpx:TrackPointExtension>
            <gpxtpx:hr>133</gpxtpx:hr>
          </gpxtpx:TrackPointExtension>
        </extensions>
      </trkpt>
      <trkpt lat="31.22174045410222" lon="121.34377007121115">
        <ele>1.600000023841858</ele>
        <time>2026-10-08T10:24:31Z</time>
        <extensions>
          <gpxtpx:TrackPointExtension>
            <gpxtpx:hr>133</gpxtpx:hr>
          </gpxtpx:TrackPointExtension>
        </extensions>
      </trkpt>
      <trkpt lat="31.221651383871137" lon="121.34383394625017">
        <ele>1.2000000476837158</ele>
        <time>2026-10-08T10:24:35Z</time>
        <extensions>
          <gpxtpx:TrackPointExtension>
            <gpxtpx:hr>133</gpxtpx:hr>
          </gpxtpx:TrackPointExtension>
        </extensions>
      </trkpt>
      <trkpt lat="31.221562301451623" lon="121.34390480687311">
        <ele>0.800000011920929</ele>
        <time>2026-10-08T10:24:39Z</time>
        <extensions>
          <gpxtpx:TrackPointExtension>
            <gpxtpx:hr>133</gpxtpx:hr>
          </gpxtpx:TrackPointExtension>
        </extensions>
      </trkpt>
      <trkpt lat="31.2214602445058" lon="121.34396469148159">
        <ele>0.4000000059604645</ele>
        <time>2026-10-08T10:24:43Z</time>
        <extensions>
          <gpxtpx:TrackPointExtension>
            <gpxtpx:hr>132</gpxtpx:hr>
          </gpxtpx:TrackPointExtension>
        </extensions>
      </trkpt>
      <trkpt lat="31.22137824643358" lon="121.34398565511309">
        <time>2026-10-08T10:24:47Z</time>
        <extensions>
          <gpxtpx:TrackPointExtension>
            <gpxtpx:hr>131</gpxtpx:hr>
          </gpxtpx:TrackPointExtension>
        </extensions>
      </trkpt>
      <trkpt lat="31.221206322344745" lon="121.34398866377258">
        <ele>-0.4000000059604645</ele>
        <time>2026-10-08T10:24:51Z</time>
        <extensions>
          <gpxtpx:TrackPointExtension>
            <gpxtpx:hr>130</gpxtpx:hr>
          </gpxtpx:TrackPointExtension>
        </extensions>
      </trkpt>
      <trkpt lat="31.221036488361424" lon="121.34393977987423">
        <ele>-0.4000000059604645</ele>
        <time>2026-10-08T10:24:55Z</time>
        <extensions>
          <gpxtpx:TrackPointExtension>
            <gpxtpx:hr>129</gpxtpx:hr>
          </gpxtpx:TrackPointExtension>
        </extensions>
      </trkpt>
      <trkpt lat="31.22093574801878" lon="121.34381903921837">
        <ele>-0.6000000238418579</ele>
        <time>2026-10-08T10:24:59Z</time>
        <extensions>
          <gpxtpx:TrackPointExtension>
            <gpxtpx:hr>127</gpxtpx:hr>
          </gpxtpx:TrackPointExtension>
        </extensions>
      </trkpt>
      <trkpt lat="31.220936651167154" lon="121.34387392518114">
        <ele>-0.6000000238418579</ele>
        <time>2026-10-08T10:25:03Z</time>
        <extensions>
          <gpxtpx:TrackPointExtension>
            <gpxtpx:hr>128</gpxtpx:hr>
          </gpxtpx:TrackPointExtension>
        </extensions>
      </trkpt>
      <trkpt lat="31.221106437809095" lon="121.34394975312462">
        <ele>-0.6000000238418579</ele>
        <time>2026-10-08T10:25:07Z</time>
        <extensions>
          <gpxtpx:TrackPointExtension>
            <gpxtpx:hr>127</gpxtpx:hr>
          </gpxtpx:TrackPointExtension>
        </extensions>
      </trkpt>
      <trkpt lat="31.220795582903158" lon="121.34395077793548">
        <ele>-0.800000011920929</ele>
        <time>2026-10-08T10:25:11Z</time>
        <extensions>
          <gpxtpx:TrackPointExtension>
            <gpxtpx:hr>129</gpxtpx:hr>
          </gpxtpx:TrackPointExtension>
        </extensions>
      </trkpt>
      <trkpt lat="31.22067960093562" lon="121.34397174450008">
        <ele>-0.6000000238418579</ele>
        <time>2026-10-08T10:25:15Z</time>
        <extensions>
          <gpxtpx:TrackPointExtension>
            <gpxtpx:hr>130</gpxtpx:hr>
          </gpxtpx:TrackPointExtension>
        </extensions>
      </trkpt>
      <trkpt lat="31.22057761412191" lon="121.34399171193229">
        <ele>-0.6000000238418579</ele>
        <time>2026-10-08T10:25:19Z</time>
        <extensions>
          <gpxtpx:TrackPointExtension>
            <gpxtpx:hr>132</gpxtpx:hr>
          </gpxtpx:TrackPointExtension>
        </extensions>
      </trkpt>
      <trkpt lat="31.220519617029325" lon="121.34400568798128">
        <ele>-0.4000000059604645</ele>
        <time>2026-10-08T10:25:23Z</time>
        <extensions>
          <gpxtpx:TrackPointExtension>
            <gpxtpx:hr>132</gpxtpx:hr>
          </gpxtpx:TrackPointExtension>
        </extensions>
      </trkpt>
      <trkpt lat="31.22049359082388" lon="121.34402764472127">
        <time>2026-10-08T10:25:27Z</time>
        <extensions>
          <gpxtpx:TrackPointExtension>
            <gpxtpx:hr>132</gpxtpx:hr>
          </gpxtpx:TrackPointExtension>
        </extensions>
      </trkpt>
      <trkpt lat="31.220328523660115" lon="121.34411048738157">
        <ele>0.4000000059604645</ele>
        <time>2026-10-08T10:25:31Z</time>
        <extensions>
          <gpxtpx:TrackPointExtension>
            <gpxtpx:hr>133</gpxtpx:hr>
          </gpxtpx:TrackPointExtension>
        </extensions>
      </trkpt>
      <trkpt lat="31.220244488216693" lon="121.34415340579335">
        <ele>0.800000011920929</ele>
        <time>2026-10-08T10:25:35Z</time>
        <extensions>
          <gpxtpx:TrackPointExtension>
            <gpxtpx:hr>135</gpxtpx:hr>
          </gpxtpx:TrackPointExtension>
        </extensions>
      </trkpt>
      <trkpt lat="31.220173441421903" lon="121.344199316923">
        <ele>1.0</ele>
        <time>2026-10-08T10:25:39Z</time>
        <extensions>
          <gpxtpx:TrackPointExtension>
            <gpxtpx:hr>136</gpxtpx:hr>
          </gpxtpx:TrackPointExtension>
        </extensions>
      </trkpt>
      <trkpt lat="31.220101424822154" lon="121.34422826327194">
        <ele>1.2000000476837158</ele>
        <time>2026-10-08T10:25:43Z</time>
        <extensions>
          <gpxtpx:TrackPointExtension>
            <gpxtpx:hr>137</gpxtpx:hr>
          </gpxtpx:TrackPointExtension>
        </extensions>
      </trkpt>
      <trkpt lat="31.21994445717595" lon="121.34425222730377">
        <ele>1.7999999523162842</ele>
        <time>2026-10-08T10:25:47Z</time>
        <extensions>
          <gpxtpx:TrackPointExtension>
            <gpxtpx:hr>137</gpxtpx:hr>
          </gpxtpx:TrackPointExtension>
        </extensions>
      </trkpt>
      <trkpt lat="31.219823456817934" lon="121.34428516966553">
        <ele>2.0</ele>
        <time>2026-10-08T10:25:51Z</time>
        <extensions>
          <gpxtpx:TrackPointExtension>
            <gpxtpx:hr>139</gpxtpx:hr>
          </gpxtpx:TrackPointExtension>
        </extensions>
      </trkpt>
      <trkpt lat="31.21972245051483" lon="121.34431611444533">
        <ele>2.4000000953674316</ele>
        <time>2026-10-08T10:25:55Z</time>
        <extensions>
          <gpxtpx:TrackPointExtension>
            <gpxtpx:hr>139</gpxtpx:hr>
          </gpxtpx:TrackPointExtension>
        </extensions>
      </trkpt>
      <trkpt lat="31.21962743093074" lon="121.34435304635399">
        <ele>2.799999952316284</ele>
        <time>2026-10-08T10:25:59Z</time>
        <extensions>
          <gpxtpx:TrackPointExtension>
            <gpxtpx:hr>137</gpxtpx:hr>
          </gpxtpx:TrackPointExtension>
        </extensions>
      </trkpt>
      <trkpt lat="31.219535406469394" lon="121.34439197390833">
        <ele>3.4000000953674316</ele>
        <time>2026-10-08T10:26:03Z</time>
        <extensions>
          <gpxtpx:TrackPointExtension>
            <gpxtpx:hr>138</gpxtpx:hr>
          </gpxtpx:TrackPointExtension>
        </extensions>
      </trkpt>
      <trkpt lat="31.219450357811766" lon="121.34444287616542">
        <ele>3.5999999046325684</ele>
        <time>2026-10-08T10:26:07Z</time>
        <extensions>
          <gpxtpx:TrackPointExtension>
            <gpxtpx:hr>138</gpxtpx:hr>
          </gpxtpx:TrackPointExtension>
        </extensions>
      </trkpt>
      <trkpt lat="31.219354352737998" lon="121.34447182472952">
        <ele>4.0</ele>
        <time>2026-10-08T10:26:11Z</time>
        <extensions>
          <gpxtpx:TrackPointExtension>
            <gpxtpx:hr>141</gpxtpx:hr>
          </gpxtpx:TrackPointExtension>
        </extensions>
      </trkpt>
      <trkpt lat="31.219259315862814" lon="121.34451873616658">
        <ele>4.400000095367432</ele>
        <time>2026-10-08T10:26:15Z</time>
        <extensions>
          <gpxtpx:TrackPointExtension>
            <gpxtpx:hr>142</gpxtpx:hr>
          </gpxtpx:TrackPointExtension>
        </extensions>
      </trkpt>
      <trkpt lat="31.219175242490262" lon="121.34458360966288">
        <ele>4.599999904632568</ele>
        <time>2026-10-08T10:26:19Z</time>
        <extensions>
          <gpxtpx:TrackPointExtension>
            <gpxtpx:hr>141</gpxtpx:hr>
          </gpxtpx:TrackPointExtension>
        </extensions>
      </trkpt>
      <trkpt lat="31.21909119006678" lon="121.34463650791692">
        <ele>4.800000190734863</ele>
        <time>2026-10-08T10:26:23Z</time>
        <extensions>
          <gpxtpx:TrackPointExtension>
            <gpxtpx:hr>140</gpxtpx:hr>
          </gpxtpx:TrackPointExtension>
        </extensions>
      </trkpt>
      <trkpt lat="31.219005114303513" lon="121.34470337763028">
        <ele>4.599999904632568</ele>
        <time>2026-10-08T10:26:27Z</time>
        <extensions>
          <gpxtpx:TrackPointExtension>
            <gpxtpx:hr>140</gpxtpx:hr>
          </gpxtpx:TrackPointExtension>
        </extensions>
      </trkpt>
      <trkpt lat="31.218901059313936" lon="121.34476326336517">
        <ele>4.199999809265137</ele>
        <time>2026-10-08T10:26:31Z</time>
        <extensions>
          <gpxtpx:TrackPointExtension>
            <gpxtpx:hr>138</gpxtpx:hr>
          </gpxtpx:TrackPointExtension>
        </extensions>
      </trkpt>
      <trkpt lat="31.218812023331516" lon="121.34480817866499">
        <ele>4.0</ele>
        <time>2026-10-08T10:26:35Z</time>
        <extensions>
          <gpxtpx:TrackPointExtension>
            <gpxtpx:hr>137</gpxtpx:hr>
          </gpxtpx:TrackPointExtension>
        </extensions>
      </trkpt>
      <trkpt lat="31.21871898407829" lon="121.34485608819625">
        <ele>3.5999999046325684</ele>
        <time>2026-10-08T10:26:39Z</time>
        <extensions>
          <gpxtpx:TrackPointExtension>
            <gpxtpx:hr>138</gpxtpx:hr>
          </gpxtpx:TrackPointExtension>
        </extensions>
      </trkpt>
      <trkpt lat="31.218622977528398" lon="121.3448860349512">
        <ele>3.4000000953674316</ele>
        <time>2026-10-08T10:26:43Z</time>
        <extensions>
          <gpxtpx:TrackPointExtension>
            <gpxtpx:hr>137</gpxtpx:hr>
          </gpxtpx:TrackPointExtension>
        </extensions>
      </trkpt>
      <trkpt lat="31.21853895143126" lon="121.34492396428338">
        <ele>3.4000000953674316</ele>
        <time>2026-10-08T10:26:47Z</time>
        <extensions>
          <gpxtpx:TrackPointExtension>
            <gpxtpx:hr>135</gpxtpx:hr>
          </gpxtpx:TrackPointExtension>
        </extensions>
      </trkpt>
      <trkpt lat="31.21845290030271" lon="121.34497686307596">
        <ele>3.4000000953674316</ele>
        <time>2026-10-08T10:26:51Z</time>
        <extensions>
          <gpxtpx:TrackPointExtension>
            <gpxtpx:hr>135</gpxtpx:hr>
          </gpxtpx:TrackPointExtension>
        </extensions>
      </trkpt>
      <trkpt lat="31.21835684877301" lon="121.34503275664575">
        <ele>3.4000000953674316</ele>
        <time>2026-10-08T10:26:55Z</time>
        <extensions>
          <gpxtpx:TrackPointExtension>
            <gpxtpx:hr>134</gpxtpx:hr>
          </gpxtpx:TrackPointExtension>
        </extensions>
      </trkpt>
      <trkpt lat="31.218256821719738" lon="121.34507567723848">
        <ele>3.4000000953674316</ele>
        <time>2026-10-08T10:26:59Z</time>
        <extensions>
          <gpxtpx:TrackPointExtension>
            <gpxtpx:hr>134</gpxtpx:hr>
          </gpxtpx:TrackPointExtension>
        </extensions>
      </trkpt>
      <trkpt lat="31.21817176854141" lon="121.34512957406315">
        <ele>3.200000047683716</ele>
        <time>2026-10-08T10:27:03Z</time>
        <extensions>
          <gpxtpx:TrackPointExtension>
            <gpxtpx:hr>134</gpxtpx:hr>
          </gpxtpx:TrackPointExtension>
        </extensions>
      </trkpt>
      <trkpt lat="31.218082736352866" lon="121.34517249379053">
        <ele>3.4000000953674316</ele>
        <time>2026-10-08T10:27:07Z</time>
        <extensions>
          <gpxtpx:TrackPointExtension>
            <gpxtpx:hr>133</gpxtpx:hr>
          </gpxtpx:TrackPointExtension>
        </extensions>
      </trkpt>
      <trkpt lat="31.217995717092503" lon="121.34520742973903">
        <ele>3.4000000953674316</ele>
        <time>2026-10-08T10:27:11Z</time>
        <extensions>
          <gpxtpx:TrackPointExtension>
            <gpxtpx:hr>132</gpxtpx:hr>
          </gpxtpx:TrackPointExtension>
        </extensions>
      </trkpt>
      <trkpt lat="31.217912654458765" lon="121.34526631632039">
        <ele>3.4000000953674316</ele>
        <time>2026-10-08T10:27:15Z</time>
        <extensions>
          <gpxtpx:TrackPointExtension>
            <gpxtpx:hr>131</gpxtpx:hr>
          </gpxtpx:TrackPointExtension>
        </extensions>
      </trkpt>
      <trkpt lat="31.21782163889501" lon="121.34530025472527">
        <ele>3.200000047683716</ele>
        <time>2026-10-08T10:27:19Z</time>
        <extensions>
          <gpxtpx:TrackPointExtension>
            <gpxtpx:hr>131</gpxtpx:hr>
          </gpxtpx:TrackPointExtension>
        </extensions>
      </trkpt>
      <trkpt lat="31.217738635109683" lon="121.34532521084091">
        <ele>3.4000000953674316</ele>
        <time>2026-10-08T10:27:23Z</time>
        <extensions>
          <gpxtpx:TrackPointExtension>
            <gpxtpx:hr>131</gpxtpx:hr>
          </gpxtpx:TrackPointExtension>
        </extensions>
      </trkpt>
      <trkpt lat="31.217652632766136" lon="121.3453501672289">
        <ele>3.4000000953674316</ele>
        <time>2026-10-08T10:27:27Z</time>
        <extensions>
          <gpxtpx:TrackPointExtension>
            <gpxtpx:hr>131</gpxtpx:hr>
          </gpxtpx:TrackPointExtension>
        </extensions>
      </trkpt>
      <trkpt lat="31.21756262888588" lon="121.34537711989353">
        <ele>3.4000000953674316</ele>
        <time>2026-10-08T10:27:31Z</time>
        <extensions>
          <gpxtpx:TrackPointExtension>
            <gpxtpx:hr>130</gpxtpx:hr>
          </gpxtpx:TrackPointExtension>
        </extensions>
      </trkpt>
      <trkpt lat="31.217473590019793" lon="121.34542403168095">
        <ele>3.5999999046325684</ele>
        <time>2026-10-08T10:27:35Z</time>
        <extensions>
          <gpxtpx:TrackPointExtension>
            <gpxtpx:hr>130</gpxtpx:hr>
          </gpxtpx:TrackPointExtension>
        </extensions>
      </trkpt>
      <trkpt lat="31.217387546321383" lon="121.34547293917677">
        <ele>3.4000000953674316</ele>
        <time>2026-10-08T10:27:39Z</time>
        <extensions>
          <gpxtpx:TrackPointExtension>
            <gpxtpx:hr>130</gpxtpx:hr>
          </gpxtpx:TrackPointExtension>
        </extensions>
      </trkpt>
      <trkpt lat="31.217300508319862" lon="121.34551885292332">
        <ele>3.4000000953674316</ele>
        <time>2026-10-08T10:27:43Z</time>
        <extensions>
          <gpxtpx:TrackPointExtension>
            <gpxtpx:hr>129</gpxtpx:hr>
          </gpxtpx:TrackPointExtension>
        </extensions>
      </trkpt>
      <trkpt lat="31.217215472858175" lon="121.34556277061549">
        <ele>3.4000000953674316</ele>
        <time>2026-10-08T10:27:47Z</time>
        <extensions>
          <gpxtpx:TrackPointExtension>
            <gpxtpx:hr>128</gpxtpx:hr>
          </gpxtpx:TrackPointExtension>
        </extensions>
      </trkpt>
      <trkpt lat="31.217122465366586" lon="121.34559271754969">
        <ele>3.4000000953674316</ele>
        <time>2026-10-08T10:27:51Z</time>
        <extensions>
          <gpxtpx:TrackPointExtension>
            <gpxtpx:hr>128</gpxtpx:hr>
          </gpxtpx:TrackPointExtension>
        </extensions>
      </trkpt>
      <trkpt lat="31.217034433123434" lon="121.3456356376051">
        <ele>3.4000000953674316</ele>
        <time>2026-10-08T10:27:55Z</time>
        <extensions>
          <gpxtpx:TrackPointExtension>
            <gpxtpx:hr>129</gpxtpx:hr>
          </gpxtpx:TrackPointExtension>
        </extensions>
      </trkpt>
      <trkpt lat="31.216947396999284" lon="121.34568055354336">
        <ele>3.4000000953674316</ele>
        <time>2026-10-08T10:27:59Z</time>
        <extensions>
          <gpxtpx:TrackPointExtension>
            <gpxtpx:hr>130</gpxtpx:hr>
          </gpxtpx:TrackPointExtension>
        </extensions>
      </trkpt>
      <trkpt lat="31.21686635978335" lon="121.34572447103922">
        <ele>3.5999999046325684</ele>
        <time>2026-10-08T10:28:03Z</time>
        <extensions>
          <gpxtpx:TrackPointExtension>
            <gpxtpx:hr>130</gpxtpx:hr>
          </gpxtpx:TrackPointExtension>
        </extensions>
      </trkpt>
      <trkpt lat="31.216771329267996" lon="121.34576838978631">
        <ele>4.0</ele>
        <time>2026-10-08T10:28:07Z</time>
        <extensions>
          <gpxtpx:TrackPointExtension>
            <gpxtpx:hr>130</gpxtpx:hr>
          </gpxtpx:TrackPointExtension>
        </extensions>
      </trkpt>
      <trkpt lat="31.216679299085943" lon="121.34581131034685">
        <ele>3.799999952316284</ele>
        <time>2026-10-08T10:28:11Z</time>
        <extensions>
          <gpxtpx:TrackPointExtension>
            <gpxtpx:hr>130</gpxtpx:hr>
          </gpxtpx:TrackPointExtension>
        </extensions>
      </trkpt>
      <trkpt lat="31.216583312106163" lon="121.34583028004369">
        <ele>3.5999999046325684</ele>
        <time>2026-10-08T10:28:15Z</time>
        <extensions>
          <gpxtpx:TrackPointExtension>
            <gpxtpx:hr>130</gpxtpx:hr>
          </gpxtpx:TrackPointExtension>
        </extensions>
      </trkpt>
      <trkpt lat="31.216496405107893" lon="121.34580034852205">
        <ele>3.799999952316284</ele>
        <time>2026-10-08T10:28:19Z</time>
        <extensions>
          <gpxtpx:TrackPointExtension>
            <gpxtpx:hr>130</gpxtpx:hr>
          </gpxtpx:TrackPointExtension>
        </extensions>
      </trkpt>
      <trkpt lat="31.216403514752137" lon="121.34576243380121">
        <ele>3.799999952316284</ele>
        <time>2026-10-08T10:28:23Z</time>
        <extensions>
          <gpxtpx:TrackPointExtension>
            <gpxtpx:hr>130</gpxtpx:hr>
          </gpxtpx:TrackPointExtension>
        </extensions>
      </trkpt>
      <trkpt lat="31.216303567532247" lon="121.3457594485462">
        <ele>3.799999952316284</ele>
        <time>2026-10-08T10:28:27Z</time>
        <extensions>
          <gpxtpx:TrackPointExtension>
            <gpxtpx:hr>129</gpxtpx:hr>
          </gpxtpx:TrackPointExtension>
        </extensions>
      </trkpt>
      <trkpt lat="31.21620457167451" lon="121.34578440628604">
        <ele>4.199999809265137</ele>
        <time>2026-10-08T10:28:31Z</time>
        <extensions>
          <gpxtpx:TrackPointExtension>
            <gpxtpx:hr>129</gpxtpx:hr>
          </gpxtpx:TrackPointExtension>
        </extensions>
      </trkpt>
      <trkpt lat="31.216109563612655" lon="121.34581535150173">
        <ele>4.400000095367432</ele>
        <time>2026-10-08T10:28:35Z</time>
        <extensions>
          <gpxtpx:TrackPointExtension>
            <gpxtpx:hr>129</gpxtpx:hr>
          </gpxtpx:TrackPointExtension>
        </extensions>
      </trkpt>
      <trkpt lat="31.21602256035897" lon="121.34584130620237">
        <ele>4.800000190734863</ele>
        <time>2026-10-08T10:28:39Z</time>
        <extensions>
          <gpxtpx:TrackPointExtension>
            <gpxtpx:hr>129</gpxtpx:hr>
          </gpxtpx:TrackPointExtension>
        </extensions>
      </trkpt>
      <trkpt lat="31.215938545382134" lon="121.34587324847378">
        <ele>5.400000095367432</ele>
        <time>2026-10-08T10:28:43Z</time>
        <extensions>
          <gpxtpx:TrackPointExtension>
            <gpxtpx:hr>129</gpxtpx:hr>
          </gpxtpx:TrackPointExtension>
        </extensions>
      </trkpt>
      <trkpt lat="31.215840533665936" lon="121.34590718791748">
        <ele>5.599999904632568</ele>
        <time>2026-10-08T10:28:47Z</time>
        <extensions>
          <gpxtpx:TrackPointExtension>
            <gpxtpx:hr>129</gpxtpx:hr>
          </gpxtpx:TrackPointExtension>
        </extensions>
      </trkpt>
      <trkpt lat="31.215743531806176" lon="121.34593513947485">
        <ele>5.599999904632568</ele>
        <time>2026-10-08T10:28:51Z</time>
        <extensions>
          <gpxtpx:TrackPointExtension>
            <gpxtpx:hr>130</gpxtpx:hr>
          </gpxtpx:TrackPointExtension>
        </extensions>
      </trkpt>
      <trkpt lat="31.215654529587948" lon="121.34596109441469">
        <ele>5.400000095367432</ele>
        <time>2026-10-08T10:28:55Z</time>
        <extensions>
          <gpxtpx:TrackPointExtension>
            <gpxtpx:hr>131</gpxtpx:hr>
          </gpxtpx:TrackPointExtension>
        </extensions>
      </trkpt>
      <trkpt lat="31.215558529009876" lon="121.34598804794598">
        <ele>4.800000190734863</ele>
        <time>2026-10-08T10:28:59Z</time>
        <extensions>
          <gpxtpx:TrackPointExtension>
            <gpxtpx:hr>130</gpxtpx:hr>
          </gpxtpx:TrackPointExtension>
        </extensions>
      </trkpt>
      <trkpt lat="31.21546652139647" lon="121.34601799506422">
        <ele>4.400000095367432</ele>
        <time>2026-10-08T10:29:03Z</time>
        <extensions>
          <gpxtpx:TrackPointExtension>
            <gpxtpx:hr>130</gpxtpx:hr>
          </gpxtpx:TrackPointExtension>
        </extensions>
      </trkpt>
      <trkpt lat="31.215374458918244" lon="121.34607987735124">
        <ele>4.199999809265137</ele>
        <time>2026-10-08T10:29:07Z</time>
        <extensions>
          <gpxtpx:TrackPointExtension>
            <gpxtpx:hr>130</gpxtpx:hr>
          </gpxtpx:TrackPointExtension>
        </extensions>
      </trkpt>
      <trkpt lat="31.21529236775116" lon="121.34615573050904">
        <ele>3.799999952316284</ele>
        <time>2026-10-08T10:29:11Z</time>
        <extensions>
          <gpxtpx:TrackPointExtension>
            <gpxtpx:hr>130</gpxtpx:hr>
          </gpxtpx:TrackPointExtension>
        </extensions>
      </trkpt>
      <trkpt lat="31.215233253731178" lon="121.34623856764142">
        <ele>3.4000000953674316</ele>
        <time>2026-10-08T10:29:15Z</time>
        <extensions>
          <gpxtpx:TrackPointExtension>
            <gpxtpx:hr>129</gpxtpx:hr>
          </gpxtpx:TrackPointExtension>
        </extensions>
      </trkpt>
      <trkpt lat="31.21513227111208" lon="121.346256539967">
        <ele>3.4000000953674316</ele>
        <time>2026-10-08T10:29:19Z</time>
        <extensions>
          <gpxtpx:TrackPointExtension>
            <gpxtpx:hr>129</gpxtpx:hr>
          </gpxtpx:TrackPointExtension>
        </extensions>
      </trkpt>
      <trkpt lat="31.215031298777017" lon="121.34626852443232">
        <ele>3.4000000953674316</ele>
        <time>2026-10-08T10:29:23Z</time>
        <extensions>
          <gpxtpx:TrackPointExtension>
            <gpxtpx:hr>130</gpxtpx:hr>
          </gpxtpx:TrackPointExtension>
        </extensions>
      </trkpt>
      <trkpt lat="31.214936323588827" lon="121.34628050838194">
        <ele>3.5999999046325684</ele>
        <time>2026-10-08T10:29:27Z</time>
        <extensions>
          <gpxtpx:TrackPointExtension>
            <gpxtpx:hr>130</gpxtpx:hr>
          </gpxtpx:TrackPointExtension>
        </extensions>
      </trkpt>
      <trkpt lat="31.21483933396578" lon="121.34630147431348">
        <ele>3.4000000953674316</ele>
        <time>2026-10-08T10:29:31Z</time>
        <extensions>
          <gpxtpx:TrackPointExtension>
            <gpxtpx:hr>131</gpxtpx:hr>
          </gpxtpx:TrackPointExtension>
        </extensions>
      </trkpt>
      <trkpt lat="31.214744350246377" lon="121.34631844816587">
        <ele>3.4000000953674316</ele>
        <time>2026-10-08T10:29:35Z</time>
        <extensions>
          <gpxtpx:TrackPointExtension>
            <gpxtpx:hr>130</gpxtpx:hr>
          </gpxtpx:TrackPointExtension>
        </extensions>
      </trkpt>
      <trkpt lat="31.214647374337137" lon="121.34633143028059">
        <ele>3.4000000953674316</ele>
        <time>2026-10-08T10:29:39Z</time>
        <extensions>
          <gpxtpx:TrackPointExtension>
            <gpxtpx:hr>129</gpxtpx:hr>
          </gpxtpx:TrackPointExtension>
        </extensions>
      </trkpt>
      <trkpt lat="31.214557401936123" lon="121.34634041987604">
        <ele>3.4000000953674316</ele>
        <time>2026-10-08T10:29:43Z</time>
        <extensions>
          <gpxtpx:TrackPointExtension>
            <gpxtpx:hr>130</gpxtpx:hr>
          </gpxtpx:TrackPointExtension>
        </extensions>
      </trkpt>
      <trkpt lat="31.214463431454796" lon="121.34634940981913">
        <ele>3.4000000953674316</ele>
        <time>2026-10-08T10:29:47Z</time>
        <extensions>
          <gpxtpx:TrackPointExtension>
            <gpxtpx:hr>129</gpxtpx:hr>
          </gpxtpx:TrackPointExtension>
        </extensions>
      </trkpt>
      <trkpt lat="31.214371436087895" lon="121.34637237130981">
        <ele>3.4000000953674316</ele>
        <time>2026-10-08T10:29:51Z</time>
        <extensions>
          <gpxtpx:TrackPointExtension>
            <gpxtpx:hr>129</gpxtpx:hr>
          </gpxtpx:TrackPointExtension>
        </extensions>
      </trkpt>
      <trkpt lat="31.214276449009297" lon="121.34639134114929">
        <ele>3.5999999046325684</ele>
        <time>2026-10-08T10:29:55Z</time>
        <extensions>
          <gpxtpx:TrackPointExtension>
            <gpxtpx:hr>129</gpxtpx:hr>
          </gpxtpx:TrackPointExtension>
        </extensions>
      </trkpt>
      <trkpt lat="31.214180465841228" lon="121.34640831512134">
        <ele>3.4000000953674316</ele>
        <time>2026-10-08T10:29:59Z</time>
        <extensions>
          <gpxtpx:TrackPointExtension>
            <gpxtpx:hr>128</gpxtpx:hr>
          </gpxtpx:TrackPointExtension>
        </extensions>
      </trkpt>
      <trkpt lat="31.214082483642528" lon="121.34642528927259">
        <ele>3.5999999046325684</ele>
        <time>2026-10-08T10:30:03Z</time>
        <extensions>
          <gpxtpx:TrackPointExtension>
            <gpxtpx:hr>127</gpxtpx:hr>
          </gpxtpx:TrackPointExtension>
        </extensions>
      </trkpt>
      <trkpt lat="31.213986510752388" lon="121.34643627536809">
        <ele>3.5999999046325684</ele>
        <time>2026-10-08T10:30:07Z</time>
        <extensions>
          <gpxtpx:TrackPointExtension>
            <gpxtpx:hr>126</gpxtpx:hr>
          </gpxtpx:TrackPointExtension>
        </extensions>
      </trkpt>
      <trkpt lat="31.21389753964962" lon="121.34644426691597">
        <ele>3.4000000953674316</ele>
        <time>2026-10-08T10:30:11Z</time>
        <extensions>
          <gpxtpx:TrackPointExtension>
            <gpxtpx:hr>126</gpxtpx:hr>
          </gpxtpx:TrackPointExtension>
        </extensions>
      </trkpt>
      <trkpt lat="31.213807557075043" lon="121.34645924442486">
        <ele>3.4000000953674316</ele>
        <time>2026-10-08T10:30:15Z</time>
        <extensions>
          <gpxtpx:TrackPointExtension>
            <gpxtpx:hr>127</gpxtpx:hr>
          </gpxtpx:TrackPointExtension>
        </extensions>
      </trkpt>
      <trkpt lat="31.213717579635457" lon="121.34647122799191">
        <ele>3.4000000953674316</ele>
        <time>2026-10-08T10:30:19Z</time>
        <extensions>
          <gpxtpx:TrackPointExtension>
            <gpxtpx:hr>127</gpxtpx:hr>
          </gpxtpx:TrackPointExtension>
        </extensions>
      </trkpt>
      <trkpt lat="31.213622601182514" lon="121.34648520795943">
        <ele>3.4000000953674316</ele>
        <time>2026-10-08T10:30:23Z</time>
        <extensions>
          <gpxtpx:TrackPointExtension>
            <gpxtpx:hr>127</gpxtpx:hr>
          </gpxtpx:TrackPointExtension>
        </extensions>
      </trkpt>
      <trkpt lat="31.213521605123525" lon="121.34651116424551">
        <ele>3.5999999046325684</ele>
        <time>2026-10-08T10:30:27Z</time>
        <extensions>
          <gpxtpx:TrackPointExtension>
            <gpxtpx:hr>127</gpxtpx:hr>
          </gpxtpx:TrackPointExtension>
        </extensions>
      </trkpt>
      <trkpt lat="31.21342463960391" lon="121.34651815851497">
        <ele>3.4000000953674316</ele>
        <time>2026-10-08T10:30:31Z</time>
        <extensions>
          <gpxtpx:TrackPointExtension>
            <gpxtpx:hr>127</gpxtpx:hr>
          </gpxtpx:TrackPointExtension>
        </extensions>
      </trkpt>
      <trkpt lat="31.21333767784088" lon="121.3465201620041">
        <ele>3.4000000953674316</ele>
        <time>2026-10-08T10:30:35Z</time>
        <extensions>
          <gpxtpx:TrackPointExtension>
            <gpxtpx:hr>126</gpxtpx:hr>
          </gpxtpx:TrackPointExtension>
        </extensions>
      </trkpt>
      <trkpt lat="31.21324069014785" lon="121.34654013006147">
        <ele>3.4000000953674316</ele>
        <time>2026-10-08T10:30:39Z</time>
        <extensions>
          <gpxtpx:TrackPointExtension>
            <gpxtpx:hr>127</gpxtpx:hr>
          </gpxtpx:TrackPointExtension>
        </extensions>
      </trkpt>
      <trkpt lat="31.213150685466456" lon="121.34656808139626">
        <ele>3.200000047683716</ele>
        <time>2026-10-08T10:30:43Z</time>
        <extensions>
          <gpxtpx:TrackPointExtension>
            <gpxtpx:hr>128</gpxtpx:hr>
          </gpxtpx:TrackPointExtension>
        </extensions>
      </trkpt>
      <trkpt lat="31.213058647651824" lon="121.34661599262435">
        <ele>3.200000047683716</ele>
        <time>2026-10-08T10:30:47Z</time>
        <extensions>
          <gpxtpx:TrackPointExtension>
            <gpxtpx:hr>129</gpxtpx:hr>
          </gpxtpx:TrackPointExtension>
        </extensions>
      </trkpt>
      <trkpt lat="31.21296958458623" lon="121.34667787545546">
        <ele>3.200000047683716</ele>
        <time>2026-10-08T10:30:51Z</time>
        <extensions>
          <gpxtpx:TrackPointExtension>
            <gpxtpx:hr>130</gpxtpx:hr>
          </gpxtpx:TrackPointExtension>
        </extensions>
      </trkpt>
      <trkpt lat="31.21289350855465" lon="121.34674374919906">
        <ele>3.200000047683716</ele>
        <time>2026-10-08T10:30:55Z</time>
        <extensions>
          <gpxtpx:TrackPointExtension>
            <gpxtpx:hr>131</gpxtpx:hr>
          </gpxtpx:TrackPointExtension>
        </extensions>
      </trkpt>
      <trkpt lat="31.212818418512445" lon="121.34681760686937">
        <ele>3.4000000953674316</ele>
        <time>2026-10-08T10:30:59Z</time>
        <extensions>
          <gpxtpx:TrackPointExtension>
            <gpxtpx:hr>131</gpxtpx:hr>
          </gpxtpx:TrackPointExtension>
        </extensions>
      </trkpt>
      <trkpt lat="31.21274531571283" lon="121.3468984504276">
        <ele>3.4000000953674316</ele>
        <time>2026-10-08T10:31:03Z</time>
        <extensions>
          <gpxtpx:TrackPointExtension>
            <gpxtpx:hr>131</gpxtpx:hr>
          </gpxtpx:TrackPointExtension>
        </extensions>
      </trkpt>
      <trkpt lat="31.212684168215844" lon="121.34700224694608">
        <ele>3.200000047683716</ele>
        <time>2026-10-08T10:31:07Z</time>
        <extensions>
          <gpxtpx:TrackPointExtension>
            <gpxtpx:hr>130</gpxtpx:hr>
          </gpxtpx:TrackPointExtension>
        </extensions>
      </trkpt>
      <trkpt lat="31.212640029735823" lon="121.34709606227302">
        <ele>3.4000000953674316</ele>
        <time>2026-10-08T10:31:11Z</time>
        <extensions>
          <gpxtpx:TrackPointExtension>
            <gpxtpx:hr>131</gpxtpx:hr>
          </gpxtpx:TrackPointExtension>
        </extensions>
      </trkpt>
      <trkpt lat="31.212591900117" lon="121.34718588615006">
        <ele>3.4000000953674316</ele>
        <time>2026-10-08T10:31:15Z</time>
        <extensions>
          <gpxtpx:TrackPointExtension>
            <gpxtpx:hr>130</gpxtpx:hr>
          </gpxtpx:TrackPointExtension>
        </extensions>
      </trkpt>
      <trkpt lat="31.212542755888457" lon="121.34728469229464">
        <ele>3.200000047683716</ele>
        <time>2026-10-08T10:31:19Z</time>
        <extensions>
          <gpxtpx:TrackPointExtension>
            <gpxtpx:hr>129</gpxtpx:hr>
          </gpxtpx:TrackPointExtension>
        </extensions>
      </trkpt>
      <trkpt lat="31.21247764319665" lon="121.34736952801094">
        <ele>3.200000047683716</ele>
        <time>2026-10-08T10:31:23Z</time>
        <extensions>
          <gpxtpx:TrackPointExtension>
            <gpxtpx:hr>128</gpxtpx:hr>
          </gpxtpx:TrackPointExtension>
        </extensions>
      </trkpt>
      <trkpt lat="31.212426495199107" lon="121.34747132874955">
        <ele>3.4000000953674316</ele>
        <time>2026-10-08T10:31:27Z</time>
        <extensions>
          <gpxtpx:TrackPointExtension>
            <gpxtpx:hr>129</gpxtpx:hr>
          </gpxtpx:TrackPointExtension>
        </extensions>
      </trkpt>
      <trkpt lat="31.212379353918312" lon="121.34756813934354">
        <ele>3.200000047683716</ele>
        <time>2026-10-08T10:31:31Z</time>
        <extensions>
          <gpxtpx:TrackPointExtension>
            <gpxtpx:hr>129</gpxtpx:hr>
          </gpxtpx:TrackPointExtension>
        </extensions>
      </trkpt>
      <trkpt lat="31.212333215707616" lon="121.34766295404629">
        <ele>3.200000047683716</ele>
        <time>2026-10-08T10:31:35Z</time>
        <extensions>
          <gpxtpx:TrackPointExtension>
            <gpxtpx:hr>130</gpxtpx:hr>
          </gpxtpx:TrackPointExtension>
        </extensions>
      </trkpt>
      <trkpt lat="31.212287097882097" lon="121.34774579282515">
        <ele>3.4000000953674316</ele>
        <time>2026-10-08T10:31:39Z</time>
        <extensions>
          <gpxtpx:TrackPointExtension>
            <gpxtpx:hr>131</gpxtpx:hr>
          </gpxtpx:TrackPointExtension>
        </extensions>
      </trkpt>
      <trkpt lat="31.212215029693418" lon="121.34780667774064">
        <ele>3.200000047683716</ele>
        <time>2026-10-08T10:31:43Z</time>
        <extensions>
          <gpxtpx:TrackPointExtension>
            <gpxtpx:hr>132</gpxtpx:hr>
          </gpxtpx:TrackPointExtension>
        </extensions>
      </trkpt>
      <trkpt lat="31.212120002900473" lon="121.34784960049346">
        <ele>3.200000047683716</ele>
        <time>2026-10-08T10:31:47Z</time>
        <extensions>
          <gpxtpx:TrackPointExtension>
            <gpxtpx:hr>132</gpxtpx:hr>
          </gpxtpx:TrackPointExtension>
        </extensions>
      </trkpt>
      <trkpt lat="31.212022024689823" lon="121.34786457916665">
        <ele>3.200000047683716</ele>
        <time>2026-10-08T10:31:51Z</time>
        <extensions>
          <gpxtpx:TrackPointExtension>
            <gpxtpx:hr>133</gpxtpx:hr>
          </gpxtpx:TrackPointExtension>
        </extensions>
      </trkpt>
      <trkpt lat="31.21192103783924" lon="121.34788554618682">
        <ele>3.200000047683716</ele>
        <time>2026-10-08T10:31:55Z</time>
        <extensions>
          <gpxtpx:TrackPointExtension>
            <gpxtpx:hr>132</gpxtpx:hr>
          </gpxtpx:TrackPointExtension>
        </extensions>
      </trkpt>
      <trkpt lat="31.211819066621075" lon="121.3478975311761">
        <ele>3.0</ele>
        <time>2026-10-08T10:31:59Z</time>
        <extensions>
          <gpxtpx:TrackPointExtension>
            <gpxtpx:hr>132</gpxtpx:hr>
          </gpxtpx:TrackPointExtension>
        </extensions>
      </trkpt>
      <trkpt lat="31.211721090130755" lon="121.34791151185148">
        <ele>3.0</ele>
        <time>2026-10-08T10:32:03Z</time>
        <extensions>
          <gpxtpx:TrackPointExtension>
            <gpxtpx:hr>130</gpxtpx:hr>
          </gpxtpx:TrackPointExtension>
        </extensions>
      </trkpt>
      <trkpt lat="31.211617124940396" lon="121.34792050297706">
        <ele>3.0</ele>
        <time>2026-10-08T10:32:07Z</time>
        <extensions>
          <gpxtpx:TrackPointExtension>
            <gpxtpx:hr>129</gpxtpx:hr>
          </gpxtpx:TrackPointExtension>
        </extensions>
      </trkpt>
      <trkpt lat="31.211516166725893" lon="121.34792450377131">
        <ele>2.799999952316284</ele>
        <time>2026-10-08T10:32:11Z</time>
        <extensions>
          <gpxtpx:TrackPointExtension>
            <gpxtpx:hr>129</gpxtpx:hr>
          </gpxtpx:TrackPointExtension>
        </extensions>
      </trkpt>
      <trkpt lat="31.211440199872253" lon="121.3479265063741">
        <ele>3.0</ele>
        <time>2026-10-08T10:32:15Z</time>
        <extensions>
          <gpxtpx:TrackPointExtension>
            <gpxtpx:hr>128</gpxtpx:hr>
          </gpxtpx:TrackPointExtension>
        </extensions>
      </trkpt>
      <trkpt lat="31.21136423302362" lon="121.34792850897698">
        <ele>3.200000047683716</ele>
        <time>2026-10-08T10:32:19Z</time>
        <extensions>
          <gpxtpx:TrackPointExtension>
            <gpxtpx:hr>128</gpxtpx:hr>
          </gpxtpx:TrackPointExtension>
        </extensions>
      </trkpt>
      <trkpt lat="31.211258250338844" lon="121.3479484784453">
        <ele>3.0</ele>
        <time>2026-10-08T10:32:23Z</time>
        <extensions>
          <gpxtpx:TrackPointExtension>
            <gpxtpx:hr>127</gpxtpx:hr>
          </gpxtpx:TrackPointExtension>
        </extensions>
      </trkpt>
      <trkpt lat="31.21115132529776" lon="121.3479345154887">
        <ele>3.0</ele>
        <time>2026-10-08T10:32:27Z</time>
        <extensions>
          <gpxtpx:TrackPointExtension>
            <gpxtpx:hr>128</gpxtpx:hr>
          </gpxtpx:TrackPointExtension>
        </extensions>
      </trkpt>
      <trkpt lat="31.2110544324569" lon="121.34789859535579">
        <ele>3.0</ele>
        <time>2026-10-08T10:32:31Z</time>
        <extensions>
          <gpxtpx:TrackPointExtension>
            <gpxtpx:hr>127</gpxtpx:hr>
          </gpxtpx:TrackPointExtension>
        </extensions>
      </trkpt>
      <trkpt lat="31.210965566089012" lon="121.34784471032508">
        <ele>3.0</ele>
        <time>2026-10-08T10:32:35Z</time>
        <extensions>
          <gpxtpx:TrackPointExtension>
            <gpxtpx:hr>129</gpxtpx:hr>
          </gpxtpx:TrackPointExtension>
        </extensions>
      </trkpt>
      <trkpt lat="31.210871678615977" lon="121.34780479795832">
        <ele>3.0</ele>
        <time>2026-10-08T10:32:39Z</time>
        <extensions>
          <gpxtpx:TrackPointExtension>
            <gpxtpx:hr>130</gpxtpx:hr>
          </gpxtpx:TrackPointExtension>
        </extensions>
      </trkpt>
      <trkpt lat="31.210793643753934" lon="121.34784771923972">
        <ele>3.4000000953674316</ele>
        <time>2026-10-08T10:32:43Z</time>
        <extensions>
          <gpxtpx:TrackPointExtension>
            <gpxtpx:hr>130</gpxtpx:hr>
          </gpxtpx:TrackPointExtension>
        </extensions>
      </trkpt>
      <trkpt lat="31.21074250010604" lon="121.34794752505927">
        <ele>3.799999952316284</ele>
        <time>2026-10-08T10:32:47Z</time>
        <extensions>
          <gpxtpx:TrackPointExtension>
            <gpxtpx:hr>130</gpxtpx:hr>
          </gpxtpx:TrackPointExtension>
        </extensions>
      </trkpt>
      <trkpt lat="31.210688349698366" lon="121.34805232145554">
        <ele>4.199999809265137</ele>
        <time>2026-10-08T10:32:51Z</time>
        <extensions>
          <gpxtpx:TrackPointExtension>
            <gpxtpx:hr>131</gpxtpx:hr>
          </gpxtpx:TrackPointExtension>
        </extensions>
      </trkpt>
      <trkpt lat="31.21064419972242" lon="121.34815412318063">
        <ele>4.400000095367432</ele>
        <time>2026-10-08T10:32:55Z</time>
        <extensions>
          <gpxtpx:TrackPointExtension>
            <gpxtpx:hr>131</gpxtpx:hr>
          </gpxtpx:TrackPointExtension>
        </extensions>
      </trkpt>
      <trkpt lat="31.210601061190662" lon="121.34824893890374">
        <ele>4.400000095367432</ele>
        <time>2026-10-08T10:32:59Z</time>
        <extensions>
          <gpxtpx:TrackPointExtension>
            <gpxtpx:hr>132</gpxtpx:hr>
          </gpxtpx:TrackPointExtension>
        </extensions>
      </trkpt>
      <trkpt lat="31.21055191568111" lon="121.34834974350193">
        <ele>3.799999952316284</ele>
        <time>2026-10-08T10:33:03Z</time>
        <extensions>
          <gpxtpx:TrackPointExtension>
            <gpxtpx:hr>132</gpxtpx:hr>
          </gpxtpx:TrackPointExtension>
        </extensions>
      </trkpt>
      <trkpt lat="31.21049877897955" lon="121.34844655657619">
        <ele>3.4000000953674316</ele>
        <time>2026-10-08T10:33:07Z</time>
        <extensions>
          <gpxtpx:TrackPointExtension>
            <gpxtpx:hr>132</gpxtpx:hr>
          </gpxtpx:TrackPointExtension>
        </extensions>
      </trkpt>
      <trkpt lat="31.210460618550094" lon="121.34855334886461">
        <ele>3.0</ele>
        <time>2026-10-08T10:33:11Z</time>
        <extensions>
          <gpxtpx:TrackPointExtension>
            <gpxtpx:hr>133</gpxtpx:hr>
          </gpxtpx:TrackPointExtension>
        </extensions>
      </trkpt>
      <trkpt lat="31.210411456969457" lon="121.3486641345005">
        <ele>2.5999999046325684</ele>
        <time>2026-10-08T10:33:15Z</time>
        <extensions>
          <gpxtpx:TrackPointExtension>
            <gpxtpx:hr>132</gpxtpx:hr>
          </gpxtpx:TrackPointExtension>
        </extensions>
      </trkpt>
      <trkpt lat="31.210350354693116" lon="121.34874298437174">
        <ele>2.4000000953674316</ele>
        <time>2026-10-08T10:33:19Z</time>
        <extensions>
          <gpxtpx:TrackPointExtension>
            <gpxtpx:hr>132</gpxtpx:hr>
          </gpxtpx:TrackPointExtension>
        </extensions>
      </trkpt>
      <trkpt lat="31.210259353536845" lon="121.34876993916427">
        <ele>2.200000047683716</ele>
        <time>2026-10-08T10:33:23Z</time>
        <extensions>
          <gpxtpx:TrackPointExtension>
            <gpxtpx:hr>132</gpxtpx:hr>
          </gpxtpx:TrackPointExtension>
        </extensions>
      </trkpt>
      <trkpt lat="31.210158427141415" lon="121.34875497738784">
        <ele>2.4000000953674316</ele>
        <time>2026-10-08T10:33:27Z</time>
        <extensions>
          <gpxtpx:TrackPointExtension>
            <gpxtpx:hr>132</gpxtpx:hr>
          </gpxtpx:TrackPointExtension>
        </extensions>
      </trkpt>
      <trkpt lat="31.210062538330494" lon="121.3487160623819">
        <ele>2.4000000953674316</ele>
        <time>2026-10-08T10:33:31Z</time>
        <extensions>
          <gpxtpx:TrackPointExtension>
            <gpxtpx:hr>132</gpxtpx:hr>
          </gpxtpx:TrackPointExtension>
        </extensions>
      </trkpt>
      <trkpt lat="31.21001372863071" lon="121.34861626342399">
        <ele>2.5999999046325684</ele>
        <time>2026-10-08T10:33:35Z</time>
        <extensions>
          <gpxtpx:TrackPointExtension>
            <gpxtpx:hr>132</gpxtpx:hr>
          </gpxtpx:TrackPointExtension>
        </extensions>
      </trkpt>
      <trkpt lat="31.209979918582107" lon="121.34851247128965">
        <ele>3.0</ele>
        <time>2026-10-08T10:33:39Z</time>
        <extensions>
          <gpxtpx:TrackPointExtension>
            <gpxtpx:hr>131</gpxtpx:hr>
          </gpxtpx:TrackPointExtension>
        </extensions>
      </trkpt>
      <trkpt lat="31.209903077633864" lon="121.3484396219425">
        <ele>3.200000047683716</ele>
        <time>2026-10-08T10:33:43Z</time>
        <extensions>
          <gpxtpx:TrackPointExtension>
            <gpxtpx:hr>132</gpxtpx:hr>
          </gpxtpx:TrackPointExtension>
        </extensions>
      </trkpt>
      <trkpt lat="31.209827227947816" lon="121.34837176275798">
        <ele>3.200000047683716</ele>
        <time>2026-10-08T10:33:47Z</time>
        <extensions>
          <gpxtpx:TrackPointExtension>
            <gpxtpx:hr>131</gpxtpx:hr>
          </gpxtpx:TrackPointExtension>
        </extensions>
      </trkpt>
      <trkpt lat="31.209772406744754" lon="121.34828094733041">
        <ele>3.0</ele>
        <time>2026-10-08T10:33:51Z</time>
        <extensions>
          <gpxtpx:TrackPointExtension>
            <gpxtpx:hr>130</gpxtpx:hr>
          </gpxtpx:TrackPointExtension>
        </extensions>
      </trkpt>
      <trkpt lat="31.209698539554264" lon="121.3482230684386">
        <ele>2.799999952316284</ele>
        <time>2026-10-08T10:33:55Z</time>
        <extensions>
          <gpxtpx:TrackPointExtension>
            <gpxtpx:hr>131</gpxtpx:hr>
          </gpxtpx:TrackPointExtension>
        </extensions>
      </trkpt>
      <trkpt lat="31.20962155823245" lon="121.34823405333765">
        <ele>2.799999952316284</ele>
        <time>2026-10-08T10:33:59Z</time>
        <extensions>
          <gpxtpx:TrackPointExtension>
            <gpxtpx:hr>130</gpxtpx:hr>
          </gpxtpx:TrackPointExtension>
        </extensions>
      </trkpt>
      <trkpt lat="31.209530563565863" lon="121.34825701571756">
        <ele>2.5999999046325684</ele>
        <time>2026-10-08T10:34:03Z</time>
        <extensions>
          <gpxtpx:TrackPointExtension>
            <gpxtpx:hr>131</gpxtpx:hr>
          </gpxtpx:TrackPointExtension>
        </extensions>
      </trkpt>
      <trkpt lat="31.209436545247588" lon="121.34829494871593">
        <ele>2.4000000953674316</ele>
        <time>2026-10-08T10:34:07Z</time>
        <extensions>
          <gpxtpx:TrackPointExtension>
            <gpxtpx:hr>133</gpxtpx:hr>
          </gpxtpx:TrackPointExtension>
        </extensions>
      </trkpt>
      <trkpt lat="31.209322561712884" lon="121.3483179131179">
        <ele>2.4000000953674316</ele>
        <time>2026-10-08T10:34:11Z</time>
        <extensions>
          <gpxtpx:TrackPointExtension>
            <gpxtpx:hr>135</gpxtpx:hr>
          </gpxtpx:TrackPointExtension>
        </extensions>
      </trkpt>
      <trkpt lat="31.209213624322167" lon="121.34831193440313">
        <ele>2.200000047683716</ele>
        <time>2026-10-08T10:34:15Z</time>
        <extensions>
          <gpxtpx:TrackPointExtension>
            <gpxtpx:hr>133</gpxtpx:hr>
          </gpxtpx:TrackPointExtension>
        </extensions>
      </trkpt>
      <trkpt lat="31.209115679961887" lon="121.34830695276128">
        <ele>2.5999999046325684</ele>
        <time>2026-10-08T10:34:19Z</time>
        <extensions>
          <gpxtpx:TrackPointExtension>
            <gpxtpx:hr>132</gpxtpx:hr>
          </gpxtpx:TrackPointExtension>
        </extensions>
      </trkpt>
      <trkpt lat="31.20902571668463" lon="121.34831095264006">
        <ele>2.5999999046325684</ele>
        <time>2026-10-08T10:34:23Z</time>
        <extensions>
          <gpxtpx:TrackPointExtension>
            <gpxtpx:hr>132</gpxtpx:hr>
          </gpxtpx:TrackPointExtension>
        </extensions>
      </trkpt>
      <trkpt lat="31.208927742211312" lon="121.34832393542592">
        <ele>2.5999999046325684</ele>
        <time>2026-10-08T10:34:27Z</time>
        <extensions>
          <gpxtpx:TrackPointExtension>
            <gpxtpx:hr>132</gpxtpx:hr>
          </gpxtpx:TrackPointExtension>
        </extensions>
      </trkpt>
      <trkpt lat="31.208828778272725" lon="121.348330930157">
        <ele>2.799999952316284</ele>
        <time>2026-10-08T10:34:31Z</time>
        <extensions>
          <gpxtpx:TrackPointExtension>
            <gpxtpx:hr>132</gpxtpx:hr>
          </gpxtpx:TrackPointExtension>
        </extensions>
      </trkpt>
      <trkpt lat="31.20882177161045" lon="121.34833691890768">
        <ele>2.799999952316284</ele>
        <time>2026-10-08T10:34:35Z</time>
        <extensions>
          <gpxtpx:TrackPointExtension>
            <gpxtpx:hr>132</gpxtpx:hr>
          </gpxtpx:TrackPointExtension>
        </extensions>
      </trkpt>
      <trkpt lat="31.208823789053696" lon="121.34832594046908">
        <ele>2.799999952316284</ele>
        <time>2026-10-08T10:34:39Z</time>
        <extensions>
          <gpxtpx:TrackPointExtension>
            <gpxtpx:hr>132</gpxtpx:hr>
          </gpxtpx:TrackPointExtension>
        </extensions>
      </trkpt>
      <trkpt lat="31.20883675433094" lon="121.34834290575635">
        <ele>2.799999952316284</ele>
        <time>2026-10-08T10:34:43Z</time>
        <extensions>
          <gpxtpx:TrackPointExtension>
            <gpxtpx:hr>128</gpxtpx:hr>
          </gpxtpx:TrackPointExtension>
        </extensions>
      </trkpt>
      <trkpt lat="31.208837748828557" lon="121.34834589974321">
        <ele>2.799999952316284</ele>
        <time>2026-10-08T10:34:47Z</time>
        <extensions>
          <gpxtpx:TrackPointExtension>
            <gpxtpx:hr>122</gpxtpx:hr>
          </gpxtpx:TrackPointExtension>
        </extensions>
      </trkpt>
      <trkpt lat="31.208837748828557" lon="121.34834589974321">
        <ele>3.0</ele>
        <time>2026-10-08T10:34:51Z</time>
        <extensions>
          <gpxtpx:TrackPointExtension>
            <gpxtpx:hr>123</gpxtpx:hr>
          </gpxtpx:TrackPointExtension>
        </extensions>
      </trkpt>
      <trkpt lat="31.208837748828557" lon="121.34834589974321">
        <ele>2.799999952316284</ele>
        <time>2026-10-08T10:34:55Z</time>
        <extensions>
          <gpxtpx:TrackPointExtension>
            <gpxtpx:hr>123</gpxtpx:hr>
          </gpxtpx:TrackPointExtension>
        </extensions>
      </trkpt>
      <trkpt lat="31.208837748828557" lon="121.34834589974321">
        <ele>2.799999952316284</ele>
        <time>2026-10-08T10:34:59Z</time>
        <extensions>
          <gpxtpx:TrackPointExtension>
            <gpxtpx:hr>122</gpxtpx:hr>
          </gpxtpx:TrackPointExtension>
        </extensions>
      </trkpt>
      <trkpt lat="31.208837748828557" lon="121.34834589974321">
        <ele>2.5999999046325684</ele>
        <time>2026-10-08T10:35:03Z</time>
        <extensions>
          <gpxtpx:TrackPointExtension>
            <gpxtpx:hr>123</gpxtpx:hr>
          </gpxtpx:TrackPointExtension>
        </extensions>
      </trkpt>
      <trkpt lat="31.208837748828557" lon="121.34834589974321">
        <ele>2.5999999046325684</ele>
        <time>2026-10-08T10:35:07Z</time>
        <extensions>
          <gpxtpx:TrackPointExtension>
            <gpxtpx:hr>121</gpxtpx:hr>
          </gpxtpx:TrackPointExtension>
        </extensions>
      </trkpt>
      <trkpt lat="31.208837748828557" lon="121.34834589974321">
        <ele>2.4000000953674316</ele>
        <time>2026-10-08T10:35:11Z</time>
        <extensions>
          <gpxtpx:TrackPointExtension>
            <gpxtpx:hr>119</gpxtpx:hr>
          </gpxtpx:TrackPointExtension>
        </extensions>
      </trkpt>
      <trkpt lat="31.208816753944284" lon="121.3483488956331">
        <ele>2.4000000953674316</ele>
        <time>2026-10-08T10:35:15Z</time>
        <extensions>
          <gpxtpx:TrackPointExtension>
            <gpxtpx:hr>115</gpxtpx:hr>
          </gpxtpx:TrackPointExtension>
        </extensions>
      </trkpt>
      <trkpt lat="31.20877276346969" lon="121.34835588561123">
        <ele>2.5999999046325684</ele>
        <time>2026-10-08T10:35:19Z</time>
        <extensions>
          <gpxtpx:TrackPointExtension>
            <gpxtpx:hr>111</gpxtpx:hr>
          </gpxtpx:TrackPointExtension>
        </extensions>
      </trkpt>
      <trkpt lat="31.208690774613533" lon="121.34837285912717">
        <ele>2.5999999046325684</ele>
        <time>2026-10-08T10:35:23Z</time>
        <extensions>
          <gpxtpx:TrackPointExtension>
            <gpxtpx:hr>110</gpxtpx:hr>
          </gpxtpx:TrackPointExtension>
        </extensions>
      </trkpt>
      <trkpt lat="31.20859075767188" lon="121.34841179077365">
        <ele>2.4000000953674316</ele>
        <time>2026-10-08T10:35:27Z</time>
        <extensions>
          <gpxtpx:TrackPointExtension>
            <gpxtpx:hr>110</gpxtpx:hr>
          </gpxtpx:TrackPointExtension>
        </extensions>
      </trkpt>
      <trkpt lat="31.208474720087192" lon="121.34846769030094">
        <ele>2.4000000953674316</ele>
        <time>2026-10-08T10:35:31Z</time>
        <extensions>
          <gpxtpx:TrackPointExtension>
            <gpxtpx:hr>109</gpxtpx:hr>
          </gpxtpx:TrackPointExtension>
        </extensions>
      </trkpt>
      <trkpt lat="31.208365669174867" lon="121.34852957746854">
        <ele>2.200000047683716</ele>
        <time>2026-10-08T10:35:35Z</time>
        <extensions>
          <gpxtpx:TrackPointExtension>
            <gpxtpx:hr>110</gpxtpx:hr>
          </gpxtpx:TrackPointExtension>
        </extensions>
      </trkpt>
      <trkpt lat="31.20826663353894" lon="121.34857948750022">
        <ele>2.4000000953674316</ele>
        <time>2026-10-08T10:35:39Z</time>
        <extensions>
          <gpxtpx:TrackPointExtension>
            <gpxtpx:hr>110</gpxtpx:hr>
          </gpxtpx:TrackPointExtension>
        </extensions>
      </trkpt>
      <trkpt lat="31.208168630835157" lon="121.3486094368862">
        <ele>2.4000000953674316</ele>
        <time>2026-10-08T10:35:43Z</time>
        <extensions>
          <gpxtpx:TrackPointExtension>
            <gpxtpx:hr>112</gpxtpx:hr>
          </gpxtpx:TrackPointExtension>
        </extensions>
      </trkpt>
      <trkpt lat="31.208052678550576" lon="121.34861443707337">
        <ele>2.4000000953674316</ele>
        <time>2026-10-08T10:35:47Z</time>
        <extensions>
          <gpxtpx:TrackPointExtension>
            <gpxtpx:hr>116</gpxtpx:hr>
          </gpxtpx:TrackPointExtension>
        </extensions>
      </trkpt>
      <trkpt lat="31.20794871880934" lon="121.34862043425406">
        <ele>2.5999999046325684</ele>
        <time>2026-10-08T10:35:51Z</time>
        <extensions>
          <gpxtpx:TrackPointExtension>
            <gpxtpx:hr>117</gpxtpx:hr>
          </gpxtpx:TrackPointExtension>
        </extensions>
      </trkpt>
      <trkpt lat="31.207846774789893" lon="121.34861645095305">
        <ele>2.799999952316284</ele>
        <time>2026-10-08T10:35:55Z</time>
        <extensions>
          <gpxtpx:TrackPointExtension>
            <gpxtpx:hr>119</gpxtpx:hr>
          </gpxtpx:TrackPointExtension>
        </extensions>
      </trkpt>
      <trkpt lat="31.207736837984115" lon="121.34861047228287">
        <ele>3.0</ele>
        <time>2026-10-08T10:35:59Z</time>
        <extensions>
          <gpxtpx:TrackPointExtension>
            <gpxtpx:hr>122</gpxtpx:hr>
          </gpxtpx:TrackPointExtension>
        </extensions>
      </trkpt>
      <trkpt lat="31.20764387295012" lon="121.3486164685115">
        <ele>2.799999952316284</ele>
        <time>2026-10-08T10:36:03Z</time>
        <extensions>
          <gpxtpx:TrackPointExtension>
            <gpxtpx:hr>124</gpxtpx:hr>
          </gpxtpx:TrackPointExtension>
        </extensions>
      </trkpt>
      <trkpt lat="31.207547887694595" lon="121.34863543940523">
        <ele>2.5999999046325684</ele>
        <time>2026-10-08T10:36:07Z</time>
        <extensions>
          <gpxtpx:TrackPointExtension>
            <gpxtpx:hr>125</gpxtpx:hr>
          </gpxtpx:TrackPointExtension>
        </extensions>
      </trkpt>
      <trkpt lat="31.20745386314472" lon="121.34867736487072">
        <ele>2.5999999046325684</ele>
        <time>2026-10-08T10:36:11Z</time>
        <extensions>
          <gpxtpx:TrackPointExtension>
            <gpxtpx:hr>126</gpxtpx:hr>
          </gpxtpx:TrackPointExtension>
        </extensions>
      </trkpt>
      <trkpt lat="31.207370786674257" lon="121.34874723436727">
        <ele>2.5999999046325684</ele>
        <time>2026-10-08T10:36:15Z</time>
        <extensions>
          <gpxtpx:TrackPointExtension>
            <gpxtpx:hr>128</gpxtpx:hr>
          </gpxtpx:TrackPointExtension>
        </extensions>
      </trkpt>
      <trkpt lat="31.207295721411196" lon="121.34880812096837">
        <ele>2.5999999046325684</ele>
        <time>2026-10-08T10:36:19Z</time>
        <extensions>
          <gpxtpx:TrackPointExtension>
            <gpxtpx:hr>130</gpxtpx:hr>
          </gpxtpx:TrackPointExtension>
        </extensions>
      </trkpt>
      <trkpt lat="31.207199697991097" lon="121.34885004677881">
        <ele>2.5999999046325684</ele>
        <time>2026-10-08T10:36:23Z</time>
        <extensions>
          <gpxtpx:TrackPointExtension>
            <gpxtpx:hr>131</gpxtpx:hr>
          </gpxtpx:TrackPointExtension>
        </extensions>
      </trkpt>
      <trkpt lat="31.20709469227156" lon="121.34888398911146">
        <ele>2.5999999046325684</ele>
        <time>2026-10-08T10:36:27Z</time>
        <extensions>
          <gpxtpx:TrackPointExtension>
            <gpxtpx:hr>131</gpxtpx:hr>
          </gpxtpx:TrackPointExtension>
        </extensions>
      </trkpt>
      <trkpt lat="31.206987745737415" lon="121.34888300032961">
        <ele>2.5999999046325684</ele>
        <time>2026-10-08T10:36:31Z</time>
        <extensions>
          <gpxtpx:TrackPointExtension>
            <gpxtpx:hr>132</gpxtpx:hr>
          </gpxtpx:TrackPointExtension>
        </extensions>
      </trkpt>
      <trkpt lat="31.20688484716844" lon="121.34885207009836">
        <ele>2.5999999046325684</ele>
        <time>2026-10-08T10:36:35Z</time>
        <extensions>
          <gpxtpx:TrackPointExtension>
            <gpxtpx:hr>133</gpxtpx:hr>
          </gpxtpx:TrackPointExtension>
        </extensions>
      </trkpt>
      <trkpt lat="31.206776871200134" lon="121.34886904606272">
        <ele>3.0</ele>
        <time>2026-10-08T10:36:39Z</time>
        <extensions>
          <gpxtpx:TrackPointExtension>
            <gpxtpx:hr>132</gpxtpx:hr>
          </gpxtpx:TrackPointExtension>
        </extensions>
      </trkpt>
      <trkpt lat="31.206688882232996" lon="121.34888801637854">
        <ele>3.5999999046325684</ele>
        <time>2026-10-08T10:36:43Z</time>
        <extensions>
          <gpxtpx:TrackPointExtension>
            <gpxtpx:hr>134</gpxtpx:hr>
          </gpxtpx:TrackPointExtension>
        </extensions>
      </trkpt>
      <trkpt lat="31.206589901933768" lon="121.34890499157902">
        <ele>4.0</ele>
        <time>2026-10-08T10:36:47Z</time>
        <extensions>
          <gpxtpx:TrackPointExtension>
            <gpxtpx:hr>134</gpxtpx:hr>
          </gpxtpx:TrackPointExtension>
        </extensions>
      </trkpt>
      <trkpt lat="31.20647691347571" lon="121.34893095034117">
        <ele>4.0</ele>
        <time>2026-10-08T10:36:51Z</time>
        <extensions>
          <gpxtpx:TrackPointExtension>
            <gpxtpx:hr>134</gpxtpx:hr>
          </gpxtpx:TrackPointExtension>
        </extensions>
      </trkpt>
      <trkpt lat="31.20637791327193" lon="121.34895990202538">
        <ele>3.5999999046325684</ele>
        <time>2026-10-08T10:36:55Z</time>
        <extensions>
          <gpxtpx:TrackPointExtension>
            <gpxtpx:hr>135</gpxtpx:hr>
          </gpxtpx:TrackPointExtension>
        </extensions>
      </trkpt>
      <trkpt lat="31.20628098022819" lon="121.34894793394936">
        <ele>3.4000000953674316</ele>
        <time>2026-10-08T10:36:59Z</time>
        <extensions>
          <gpxtpx:TrackPointExtension>
            <gpxtpx:hr>136</gpxtpx:hr>
          </gpxtpx:TrackPointExtension>
        </extensions>
      </trkpt>
      <trkpt lat="31.206183089229484" lon="121.34891101500979">
        <ele>3.200000047683716</ele>
        <time>2026-10-08T10:37:03Z</time>
        <extensions>
          <gpxtpx:TrackPointExtension>
            <gpxtpx:hr>135</gpxtpx:hr>
          </gpxtpx:TrackPointExtension>
        </extensions>
      </trkpt>
      <trkpt lat="31.20607818170636" lon="121.34888607315327">
        <ele>2.799999952316284</ele>
        <time>2026-10-08T10:37:07Z</time>
        <extensions>
          <gpxtpx:TrackPointExtension>
            <gpxtpx:hr>137</gpxtpx:hr>
          </gpxtpx:TrackPointExtension>
        </extensions>
      </trkpt>
      <trkpt lat="31.205973194393525" lon="121.34890903709828">
        <ele>2.5999999046325684</ele>
        <time>2026-10-08T10:37:11Z</time>
        <extensions>
          <gpxtpx:TrackPointExtension>
            <gpxtpx:hr>138</gpxtpx:hr>
          </gpxtpx:TrackPointExtension>
        </extensions>
      </trkpt>
      <trkpt lat="31.20587715787249" lon="121.34895894732142">
        <ele>2.799999952316284</ele>
        <time>2026-10-08T10:37:15Z</time>
        <extensions>
          <gpxtpx:TrackPointExtension>
            <gpxtpx:hr>139</gpxtpx:hr>
          </gpxtpx:TrackPointExtension>
        </extensions>
      </trkpt>
      <trkpt lat="31.20578615551365" lon="121.34898690029355">
        <ele>2.799999952316284</ele>
        <time>2026-10-08T10:37:19Z</time>
        <extensions>
          <gpxtpx:TrackPointExtension>
            <gpxtpx:hr>139</gpxtpx:hr>
          </gpxtpx:TrackPointExtension>
        </extensions>
      </trkpt>
      <trkpt lat="31.205677150291447" lon="121.3490218411242">
        <ele>2.5999999046325684</ele>
        <time>2026-10-08T10:37:23Z</time>
        <extensions>
          <gpxtpx:TrackPointExtension>
            <gpxtpx:hr>138</gpxtpx:hr>
          </gpxtpx:TrackPointExtension>
        </extensions>
      </trkpt>
      <trkpt lat="31.20557909994558" lon="121.34908073403142">
        <ele>2.5999999046325684</ele>
        <time>2026-10-08T10:37:27Z</time>
        <extensions>
          <gpxtpx:TrackPointExtension>
            <gpxtpx:hr>138</gpxtpx:hr>
          </gpxtpx:TrackPointExtension>
        </extensions>
      </trkpt>
      <trkpt lat="31.205477126235216" lon="121.34909471544314">
        <ele>2.799999952316284</ele>
        <time>2026-10-08T10:37:31Z</time>
        <extensions>
          <gpxtpx:TrackPointExtension>
            <gpxtpx:hr>137</gpxtpx:hr>
          </gpxtpx:TrackPointExtension>
        </extensions>
      </trkpt>
      <trkpt lat="31.20537215731074" lon="121.34910670103399">
        <ele>2.5999999046325684</ele>
        <time>2026-10-08T10:37:35Z</time>
        <extensions>
          <gpxtpx:TrackPointExtension>
            <gpxtpx:hr>136</gpxtpx:hr>
          </gpxtpx:TrackPointExtension>
        </extensions>
      </trkpt>
      <trkpt lat="31.20526914432258" lon="121.34914463557655">
        <ele>2.799999952316284</ele>
        <time>2026-10-08T10:37:39Z</time>
        <extensions>
          <gpxtpx:TrackPointExtension>
            <gpxtpx:hr>137</gpxtpx:hr>
          </gpxtpx:TrackPointExtension>
        </extensions>
      </trkpt>
      <trkpt lat="31.20520903594861" lon="121.34922747845428">
        <ele>2.5999999046325684</ele>
        <time>2026-10-08T10:37:43Z</time>
        <extensions>
          <gpxtpx:TrackPointExtension>
            <gpxtpx:hr>137</gpxtpx:hr>
          </gpxtpx:TrackPointExtension>
        </extensions>
      </trkpt>
      <trkpt lat="31.205158939401382" lon="121.34930034015953">
        <ele>2.5999999046325684</ele>
        <time>2026-10-08T10:37:47Z</time>
        <extensions>
          <gpxtpx:TrackPointExtension>
            <gpxtpx:hr>136</gpxtpx:hr>
          </gpxtpx:TrackPointExtension>
        </extensions>
      </trkpt>
      <trkpt lat="31.20509481009566" lon="121.3493971563858">
        <ele>2.4000000953674316</ele>
        <time>2026-10-08T10:37:51Z</time>
        <extensions>
          <gpxtpx:TrackPointExtension>
            <gpxtpx:hr>136</gpxtpx:hr>
          </gpxtpx:TrackPointExtension>
        </extensions>
      </trkpt>
      <trkpt lat="31.205030671078053" lon="121.34949996115122">
        <ele>2.4000000953674316</ele>
        <time>2026-10-08T10:37:55Z</time>
        <extensions>
          <gpxtpx:TrackPointExtension>
            <gpxtpx:hr>136</gpxtpx:hr>
          </gpxtpx:TrackPointExtension>
        </extensions>
      </trkpt>
      <trkpt lat="31.204942565369556" lon="121.34958979354352">
        <ele>2.4000000953674316</ele>
        <time>2026-10-08T10:37:59Z</time>
        <extensions>
          <gpxtpx:TrackPointExtension>
            <gpxtpx:hr>136</gpxtpx:hr>
          </gpxtpx:TrackPointExtension>
        </extensions>
      </trkpt>
      <trkpt lat="31.20484357885954" lon="121.34961076125134">
        <ele>2.5999999046325684</ele>
        <time>2026-10-08T10:38:03Z</time>
        <extensions>
          <gpxtpx:TrackPointExtension>
            <gpxtpx:hr>135</gpxtpx:hr>
          </gpxtpx:TrackPointExtension>
        </extensions>
      </trkpt>
      <trkpt lat="31.204745623193404" lon="121.3496127658385">
        <ele>2.5999999046325684</ele>
        <time>2026-10-08T10:38:07Z</time>
        <extensions>
          <gpxtpx:TrackPointExtension>
            <gpxtpx:hr>136</gpxtpx:hr>
          </gpxtpx:TrackPointExtension>
        </extensions>
      </trkpt>
      <trkpt lat="31.20464165232331" lon="121.34962574954923">
        <ele>2.5999999046325684</ele>
        <time>2026-10-08T10:38:11Z</time>
        <extensions>
          <gpxtpx:TrackPointExtension>
            <gpxtpx:hr>136</gpxtpx:hr>
          </gpxtpx:TrackPointExtension>
        </extensions>
      </trkpt>
      <trkpt lat="31.20453769300014" lon="121.34963174687688">
        <ele>2.799999952316284</ele>
        <time>2026-10-08T10:38:15Z</time>
        <extensions>
          <gpxtpx:TrackPointExtension>
            <gpxtpx:hr>137</gpxtpx:hr>
          </gpxtpx:TrackPointExtension>
        </extensions>
      </trkpt>
      <trkpt lat="31.204431705003447" lon="121.3496557093792">
        <ele>2.5999999046325684</ele>
        <time>2026-10-08T10:38:19Z</time>
        <extensions>
          <gpxtpx:TrackPointExtension>
            <gpxtpx:hr>137</gpxtpx:hr>
          </gpxtpx:TrackPointExtension>
        </extensions>
      </trkpt>
      <trkpt lat="31.20432574008612" lon="121.34966569910833">
        <ele>2.799999952316284</ele>
        <time>2026-10-08T10:38:23Z</time>
        <extensions>
          <gpxtpx:TrackPointExtension>
            <gpxtpx:hr>136</gpxtpx:hr>
          </gpxtpx:TrackPointExtension>
        </extensions>
      </trkpt>
      <trkpt lat="31.204221759385295" lon="121.34968467117469">
        <ele>3.0</ele>
        <time>2026-10-08T10:38:27Z</time>
        <extensions>
          <gpxtpx:TrackPointExtension>
            <gpxtpx:hr>137</gpxtpx:hr>
          </gpxtpx:TrackPointExtension>
        </extensions>
      </trkpt>
      <trkpt lat="31.20412578139386" lon="121.34969965033005">
        <ele>3.5999999046325684</ele>
        <time>2026-10-08T10:38:31Z</time>
        <extensions>
          <gpxtpx:TrackPointExtension>
            <gpxtpx:hr>137</gpxtpx:hr>
          </gpxtpx:TrackPointExtension>
        </extensions>
      </trkpt>
      <trkpt lat="31.20403280195467" lon="121.34971462923141">
        <ele>3.5999999046325684</ele>
        <time>2026-10-08T10:38:35Z</time>
        <extensions>
          <gpxtpx:TrackPointExtension>
            <gpxtpx:hr>137</gpxtpx:hr>
          </gpxtpx:TrackPointExtension>
        </extensions>
      </trkpt>
      <trkpt lat="31.203931836296768" lon="121.349723620485">
        <ele>4.199999809265137</ele>
        <time>2026-10-08T10:38:39Z</time>
        <extensions>
          <gpxtpx:TrackPointExtension>
            <gpxtpx:hr>138</gpxtpx:hr>
          </gpxtpx:TrackPointExtension>
        </extensions>
      </trkpt>
      <trkpt lat="31.203827860589286" lon="121.34973959840465">
        <ele>4.0</ele>
        <time>2026-10-08T10:38:43Z</time>
        <extensions>
          <gpxtpx:TrackPointExtension>
            <gpxtpx:hr>138</gpxtpx:hr>
          </gpxtpx:TrackPointExtension>
        </extensions>
      </trkpt>
      <trkpt lat="31.20372988361986" lon="121.3497545777533">
        <ele>3.5999999046325684</ele>
        <time>2026-10-08T10:38:47Z</time>
        <extensions>
          <gpxtpx:TrackPointExtension>
            <gpxtpx:hr>139</gpxtpx:hr>
          </gpxtpx:TrackPointExtension>
        </extensions>
      </trkpt>
      <trkpt lat="31.203641880408966" lon="121.34978253100655">
        <ele>3.4000000953674316</ele>
        <time>2026-10-08T10:38:51Z</time>
        <extensions>
          <gpxtpx:TrackPointExtension>
            <gpxtpx:hr>139</gpxtpx:hr>
          </gpxtpx:TrackPointExtension>
        </extensions>
      </trkpt>
      <trkpt lat="31.203554814267164" lon="121.34984841047604">
        <ele>2.799999952316284</ele>
        <time>2026-10-08T10:38:55Z</time>
        <extensions>
          <gpxtpx:TrackPointExtension>
            <gpxtpx:hr>138</gpxtpx:hr>
          </gpxtpx:TrackPointExtension>
        </extensions>
      </trkpt>
      <trkpt lat="31.20345581319525" lon="121.34987836086816">
        <ele>2.4000000953674316</ele>
        <time>2026-10-08T10:38:59Z</time>
        <extensions>
          <gpxtpx:TrackPointExtension>
            <gpxtpx:hr>138</gpxtpx:hr>
          </gpxtpx:TrackPointExtension>
        </extensions>
      </trkpt>
      <trkpt lat="31.203349805707298" lon="121.34991430026066">
        <ele>2.0</ele>
        <time>2026-10-08T10:39:03Z</time>
        <extensions>
          <gpxtpx:TrackPointExtension>
            <gpxtpx:hr>136</gpxtpx:hr>
          </gpxtpx:TrackPointExtension>
        </extensions>
      </trkpt>
      <trkpt lat="31.203246813207997" lon="121.34994025879618">
        <ele>2.0</ele>
        <time>2026-10-08T10:39:07Z</time>
        <extensions>
          <gpxtpx:TrackPointExtension>
            <gpxtpx:hr>136</gpxtpx:hr>
          </gpxtpx:TrackPointExtension>
        </extensions>
      </trkpt>
      <trkpt lat="31.203138855993544" lon="121.34994625651653">
        <ele>2.0</ele>
        <time>2026-10-08T10:39:11Z</time>
        <extensions>
          <gpxtpx:TrackPointExtension>
            <gpxtpx:hr>136</gpxtpx:hr>
          </gpxtpx:TrackPointExtension>
        </extensions>
      </trkpt>
      <trkpt lat="31.203039864861225" lon="121.34997021859941">
        <ele>2.0</ele>
        <time>2026-10-08T10:39:15Z</time>
        <extensions>
          <gpxtpx:TrackPointExtension>
            <gpxtpx:hr>135</gpxtpx:hr>
          </gpxtpx:TrackPointExtension>
        </extensions>
      </trkpt>
      <trkpt lat="31.202944880001223" lon="121.34998919003002">
        <ele>2.0</ele>
        <time>2026-10-08T10:39:19Z</time>
        <extensions>
          <gpxtpx:TrackPointExtension>
            <gpxtpx:hr>135</gpxtpx:hr>
          </gpxtpx:TrackPointExtension>
        </extensions>
      </trkpt>
      <trkpt lat="31.20284789121086" lon="121.35001115583623">
        <ele>1.7999999523162842</ele>
        <time>2026-10-08T10:39:23Z</time>
        <extensions>
          <gpxtpx:TrackPointExtension>
            <gpxtpx:hr>136</gpxtpx:hr>
          </gpxtpx:TrackPointExtension>
        </extensions>
      </trkpt>
      <trkpt lat="31.202754905406465" lon="121.35003012711313">
        <ele>2.0</ele>
        <time>2026-10-08T10:39:27Z</time>
        <extensions>
          <gpxtpx:TrackPointExtension>
            <gpxtpx:hr>136</gpxtpx:hr>
          </gpxtpx:TrackPointExtension>
        </extensions>
      </trkpt>
      <trkpt lat="31.202659907477987" lon="121.35005708309698">
        <ele>1.7999999523162842</ele>
        <time>2026-10-08T10:39:31Z</time>
        <extensions>
          <gpxtpx:TrackPointExtension>
            <gpxtpx:hr>136</gpxtpx:hr>
          </gpxtpx:TrackPointExtension>
        </extensions>
      </trkpt>
      <trkpt lat="31.20255190116745" lon="121.35009302282211">
        <ele>2.0</ele>
        <time>2026-10-08T10:39:35Z</time>
        <extensions>
          <gpxtpx:TrackPointExtension>
            <gpxtpx:hr>136</gpxtpx:hr>
          </gpxtpx:TrackPointExtension>
        </extensions>
      </trkpt>
      <trkpt lat="31.20247681002406" lon="121.35017087858172">
        <ele>2.200000047683716</ele>
        <time>2026-10-08T10:39:39Z</time>
        <extensions>
          <gpxtpx:TrackPointExtension>
            <gpxtpx:hr>137</gpxtpx:hr>
          </gpxtpx:TrackPointExtension>
        </extensions>
      </trkpt>
      <trkpt lat="31.20239971181041" lon="121.35025372501823">
        <ele>2.200000047683716</ele>
        <time>2026-10-08T10:39:43Z</time>
        <extensions>
          <gpxtpx:TrackPointExtension>
            <gpxtpx:hr>136</gpxtpx:hr>
          </gpxtpx:TrackPointExtension>
        </extensions>
      </trkpt>
      <trkpt lat="31.20230565961569" lon="121.35031361743205">
        <ele>2.0</ele>
        <time>2026-10-08T10:39:47Z</time>
        <extensions>
          <gpxtpx:TrackPointExtension>
            <gpxtpx:hr>137</gpxtpx:hr>
          </gpxtpx:TrackPointExtension>
        </extensions>
      </trkpt>
      <trkpt lat="31.202200758262272" lon="121.3502846824353">
        <ele>2.0</ele>
        <time>2026-10-08T10:39:51Z</time>
        <extensions>
          <gpxtpx:TrackPointExtension>
            <gpxtpx:hr>137</gpxtpx:hr>
          </gpxtpx:TrackPointExtension>
        </extensions>
      </trkpt>
      <trkpt lat="31.202109889348222" lon="121.3502317925593">
        <ele>1.7999999523162842</ele>
        <time>2026-10-08T10:39:55Z</time>
        <extensions>
          <gpxtpx:TrackPointExtension>
            <gpxtpx:hr>137</gpxtpx:hr>
          </gpxtpx:TrackPointExtension>
        </extensions>
      </trkpt>
      <trkpt lat="31.202025004476006" lon="121.35018688678467">
        <ele>1.600000023841858</ele>
        <time>2026-10-08T10:39:59Z</time>
        <extensions>
          <gpxtpx:TrackPointExtension>
            <gpxtpx:hr>136</gpxtpx:hr>
          </gpxtpx:TrackPointExtension>
        </extensions>
      </trkpt>
      <trkpt lat="31.20193211700895" lon="121.35014597402372">
        <ele>1.600000023841858</ele>
        <time>2026-10-08T10:40:03Z</time>
        <extensions>
          <gpxtpx:TrackPointExtension>
            <gpxtpx:hr>135</gpxtpx:hr>
          </gpxtpx:TrackPointExtension>
        </extensions>
      </trkpt>
      <trkpt lat="31.201835241367142" lon="121.35009907324918">
        <ele>1.7999999523162842</ele>
        <time>2026-10-08T10:40:07Z</time>
        <extensions>
          <gpxtpx:TrackPointExtension>
            <gpxtpx:hr>135</gpxtpx:hr>
          </gpxtpx:TrackPointExtension>
        </extensions>
      </trkpt>
      <trkpt lat="31.201746363509223" lon="121.35005117377139">
        <ele>1.7999999523162842</ele>
        <time>2026-10-08T10:40:11Z</time>
        <extensions>
          <gpxtpx:TrackPointExtension>
            <gpxtpx:hr>135</gpxtpx:hr>
          </gpxtpx:TrackPointExtension>
        </extensions>
      </trkpt>
      <trkpt lat="31.201652458626047" lon="121.35002123994624">
        <ele>2.0</ele>
        <time>2026-10-08T10:40:15Z</time>
        <extensions>
          <gpxtpx:TrackPointExtension>
            <gpxtpx:hr>135</gpxtpx:hr>
          </gpxtpx:TrackPointExtension>
        </extensions>
      </trkpt>
      <trkpt lat="31.201558527522433" lon="121.35000727517219">
        <ele>2.200000047683716</ele>
        <time>2026-10-08T10:40:19Z</time>
        <extensions>
          <gpxtpx:TrackPointExtension>
            <gpxtpx:hr>135</gpxtpx:hr>
          </gpxtpx:TrackPointExtension>
        </extensions>
      </trkpt>
      <trkpt lat="31.201466518371348" lon="121.350040219273">
        <ele>2.4000000953674316</ele>
        <time>2026-10-08T10:40:23Z</time>
        <extensions>
          <gpxtpx:TrackPointExtension>
            <gpxtpx:hr>135</gpxtpx:hr>
          </gpxtpx:TrackPointExtension>
        </extensions>
      </trkpt>
      <trkpt lat="31.201391473081138" lon="121.35009012905824">
        <ele>2.4000000953674316</ele>
        <time>2026-10-08T10:40:27Z</time>
        <extensions>
          <gpxtpx:TrackPointExtension>
            <gpxtpx:hr>136</gpxtpx:hr>
          </gpxtpx:TrackPointExtension>
        </extensions>
      </trkpt>
      <trkpt lat="31.20131240524235" lon="121.35015501027137">
        <ele>2.4000000953674316</ele>
        <time>2026-10-08T10:40:31Z</time>
        <extensions>
          <gpxtpx:TrackPointExtension>
            <gpxtpx:hr>135</gpxtpx:hr>
          </gpxtpx:TrackPointExtension>
        </extensions>
      </trkpt>
      <trkpt lat="31.20122435825591" lon="121.35020991167131">
        <ele>2.200000047683716</ele>
        <time>2026-10-08T10:40:35Z</time>
        <extensions>
          <gpxtpx:TrackPointExtension>
            <gpxtpx:hr>134</gpxtpx:hr>
          </gpxtpx:TrackPointExtension>
        </extensions>
      </trkpt>
      <trkpt lat="31.201130325717468" lon="121.35025782716986">
        <ele>2.4000000953674316</ele>
        <time>2026-10-08T10:40:39Z</time>
        <extensions>
          <gpxtpx:TrackPointExtension>
            <gpxtpx:hr>131</gpxtpx:hr>
          </gpxtpx:TrackPointExtension>
        </extensions>
      </trkpt>
      <trkpt lat="31.201028338005358" lon="121.35028079162736">
        <ele>2.4000000953674316</ele>
        <time>2026-10-08T10:40:43Z</time>
        <extensions>
          <gpxtpx:TrackPointExtension>
            <gpxtpx:hr>133</gpxtpx:hr>
          </gpxtpx:TrackPointExtension>
        </extensions>
      </trkpt>
      <trkpt lat="31.20092039247295" lon="121.35027980289902">
        <ele>2.4000000953674316</ele>
        <time>2026-10-08T10:40:47Z</time>
        <extensions>
          <gpxtpx:TrackPointExtension>
            <gpxtpx:hr>136</gpxtpx:hr>
          </gpxtpx:TrackPointExtension>
        </extensions>
      </trkpt>
      <trkpt lat="31.200816459705404" lon="121.35026983118424">
        <ele>2.4000000953674316</ele>
        <time>2026-10-08T10:40:51Z</time>
        <extensions>
          <gpxtpx:TrackPointExtension>
            <gpxtpx:hr>137</gpxtpx:hr>
          </gpxtpx:TrackPointExtension>
        </extensions>
      </trkpt>
      <trkpt lat="31.20071054591418" lon="121.35024888086762">
        <ele>2.200000047683716</ele>
        <time>2026-10-08T10:40:55Z</time>
        <extensions>
          <gpxtpx:TrackPointExtension>
            <gpxtpx:hr>138</gpxtpx:hr>
          </gpxtpx:TrackPointExtension>
        </extensions>
      </trkpt>
      <trkpt lat="31.200617658495702" lon="121.35020796804214">
        <ele>2.200000047683716</ele>
        <time>2026-10-08T10:40:59Z</time>
        <extensions>
          <gpxtpx:TrackPointExtension>
            <gpxtpx:hr>138</gpxtpx:hr>
          </gpxtpx:TrackPointExtension>
        </extensions>
      </trkpt>
      <trkpt lat="31.200519745741754" lon="121.3501840228587">
        <ele>2.4000000953674316</ele>
        <time>2026-10-08T10:41:03Z</time>
        <extensions>
          <gpxtpx:TrackPointExtension>
            <gpxtpx:hr>139</gpxtpx:hr>
          </gpxtpx:TrackPointExtension>
        </extensions>
      </trkpt>
      <trkpt lat="31.20042273760162" lon="121.35021796560716">
        <ele>2.200000047683716</ele>
        <time>2026-10-08T10:41:07Z</time>
        <extensions>
          <gpxtpx:TrackPointExtension>
            <gpxtpx:hr>138</gpxtpx:hr>
          </gpxtpx:TrackPointExtension>
        </extensions>
      </trkpt>
      <trkpt lat="31.200326712652423" lon="121.35026188900524">
        <ele>2.4000000953674316</ele>
        <time>2026-10-08T10:41:11Z</time>
        <extensions>
          <gpxtpx:TrackPointExtension>
            <gpxtpx:hr>137</gpxtpx:hr>
          </gpxtpx:TrackPointExtension>
        </extensions>
      </trkpt>
      <trkpt lat="31.20023667990977" lon="121.35030880614855">
        <ele>2.4000000953674316</ele>
        <time>2026-10-08T10:41:15Z</time>
        <extensions>
          <gpxtpx:TrackPointExtension>
            <gpxtpx:hr>137</gpxtpx:hr>
          </gpxtpx:TrackPointExtension>
        </extensions>
      </trkpt>
      <trkpt lat="31.200143678087155" lon="121.35033775829302">
        <ele>2.4000000953674316</ele>
        <time>2026-10-08T10:41:19Z</time>
        <extensions>
          <gpxtpx:TrackPointExtension>
            <gpxtpx:hr>137</gpxtpx:hr>
          </gpxtpx:TrackPointExtension>
        </extensions>
      </trkpt>
      <trkpt lat="31.200038708296244" lon="121.35035074232421">
        <ele>2.4000000953674316</ele>
        <time>2026-10-08T10:41:23Z</time>
        <extensions>
          <gpxtpx:TrackPointExtension>
            <gpxtpx:hr>136</gpxtpx:hr>
          </gpxtpx:TrackPointExtension>
        </extensions>
      </trkpt>
      <trkpt lat="31.19996267206529" lon="121.35039566221265">
        <ele>2.4000000953674316</ele>
        <time>2026-10-08T10:41:27Z</time>
        <extensions>
          <gpxtpx:TrackPointExtension>
            <gpxtpx:hr>136</gpxtpx:hr>
          </gpxtpx:TrackPointExtension>
        </extensions>
      </trkpt>
      <trkpt lat="31.199906539650648" lon="121.35049347844932">
        <ele>2.4000000953674316</ele>
        <time>2026-10-08T10:41:31Z</time>
        <extensions>
          <gpxtpx:TrackPointExtension>
            <gpxtpx:hr>135</gpxtpx:hr>
          </gpxtpx:TrackPointExtension>
        </extensions>
      </trkpt>
      <trkpt lat="31.199844412007106" lon="121.35059029736702">
        <ele>2.200000047683716</ele>
        <time>2026-10-08T10:41:35Z</time>
        <extensions>
          <gpxtpx:TrackPointExtension>
            <gpxtpx:hr>134</gpxtpx:hr>
          </gpxtpx:TrackPointExtension>
        </extensions>
      </trkpt>
      <trkpt lat="31.199753414286644" lon="121.35061625530463">
        <ele>2.200000047683716</ele>
        <time>2026-10-08T10:41:39Z</time>
        <extensions>
          <gpxtpx:TrackPointExtension>
            <gpxtpx:hr>133</gpxtpx:hr>
          </gpxtpx:TrackPointExtension>
        </extensions>
      </trkpt>
      <trkpt lat="31.199647454859488" lon="121.3506232510338">
        <ele>2.200000047683716</ele>
        <time>2026-10-08T10:41:43Z</time>
        <extensions>
          <gpxtpx:TrackPointExtension>
            <gpxtpx:hr>132</gpxtpx:hr>
          </gpxtpx:TrackPointExtension>
        </extensions>
      </trkpt>
      <trkpt lat="31.19955147101248" lon="121.3506422228622">
        <ele>2.200000047683716</ele>
        <time>2026-10-08T10:41:47Z</time>
        <extensions>
          <gpxtpx:TrackPointExtension>
            <gpxtpx:hr>132</gpxtpx:hr>
          </gpxtpx:TrackPointExtension>
        </extensions>
      </trkpt>
      <trkpt lat="31.199456507838715" lon="121.35064821956378">
        <ele>2.0</ele>
        <time>2026-10-08T10:41:51Z</time>
        <extensions>
          <gpxtpx:TrackPointExtension>
            <gpxtpx:hr>132</gpxtpx:hr>
          </gpxtpx:TrackPointExtension>
        </extensions>
      </trkpt>
      <trkpt lat="31.19936653083325" lon="121.35066120239932">
        <ele>2.0</ele>
        <time>2026-10-08T10:41:55Z</time>
        <extensions>
          <gpxtpx:TrackPointExtension>
            <gpxtpx:hr>133</gpxtpx:hr>
          </gpxtpx:TrackPointExtension>
        </extensions>
      </trkpt>
      <trkpt lat="31.199256563649918" lon="121.35067418696939">
        <ele>2.0</ele>
        <time>2026-10-08T10:41:59Z</time>
        <extensions>
          <gpxtpx:TrackPointExtension>
            <gpxtpx:hr>134</gpxtpx:hr>
          </gpxtpx:TrackPointExtension>
        </extensions>
      </trkpt>
      <trkpt lat="31.19915058313483" lon="121.3506941577692">
        <ele>2.0</ele>
        <time>2026-10-08T10:42:03Z</time>
        <extensions>
          <gpxtpx:TrackPointExtension>
            <gpxtpx:hr>135</gpxtpx:hr>
          </gpxtpx:TrackPointExtension>
        </extensions>
      </trkpt>
      <trkpt lat="31.199052605213552" lon="121.35071013555832">
        <ele>2.0</ele>
        <time>2026-10-08T10:42:07Z</time>
        <extensions>
          <gpxtpx:TrackPointExtension>
            <gpxtpx:hr>136</gpxtpx:hr>
          </gpxtpx:TrackPointExtension>
        </extensions>
      </trkpt>
      <trkpt lat="31.198952628287206" lon="121.35072611352695">
        <ele>2.200000047683716</ele>
        <time>2026-10-08T10:42:11Z</time>
        <extensions>
          <gpxtpx:TrackPointExtension>
            <gpxtpx:hr>136</gpxtpx:hr>
          </gpxtpx:TrackPointExtension>
        </extensions>
      </trkpt>
      <trkpt lat="31.198856655910763" lon="121.35073809882445">
        <ele>2.5999999046325684</ele>
        <time>2026-10-08T10:42:15Z</time>
        <extensions>
          <gpxtpx:TrackPointExtension>
            <gpxtpx:hr>136</gpxtpx:hr>
          </gpxtpx:TrackPointExtension>
        </extensions>
      </trkpt>
      <trkpt lat="31.198763688571272" lon="121.35074609153365">
        <ele>2.799999952316284</ele>
        <time>2026-10-08T10:42:19Z</time>
        <extensions>
          <gpxtpx:TrackPointExtension>
            <gpxtpx:hr>137</gpxtpx:hr>
          </gpxtpx:TrackPointExtension>
        </extensions>
      </trkpt>
      <trkpt lat="31.19866171266283" lon="121.35076206968996">
        <ele>3.200000047683716</ele>
        <time>2026-10-08T10:42:23Z</time>
        <extensions>
          <gpxtpx:TrackPointExtension>
            <gpxtpx:hr>137</gpxtpx:hr>
          </gpxtpx:TrackPointExtension>
        </extensions>
      </trkpt>
      <trkpt lat="31.198564734312395" lon="121.35077804742022">
        <ele>3.5999999046325684</ele>
        <time>2026-10-08T10:42:27Z</time>
        <extensions>
          <gpxtpx:TrackPointExtension>
            <gpxtpx:hr>138</gpxtpx:hr>
          </gpxtpx:TrackPointExtension>
        </extensions>
      </trkpt>
      <trkpt lat="31.19846876360349" lon="121.35078903464942">
        <ele>3.799999952316284</ele>
        <time>2026-10-08T10:42:31Z</time>
        <extensions>
          <gpxtpx:TrackPointExtension>
            <gpxtpx:hr>139</gpxtpx:hr>
          </gpxtpx:TrackPointExtension>
        </extensions>
      </trkpt>
      <trkpt lat="31.198379786217885" lon="121.35080201744503">
        <ele>4.0</ele>
        <time>2026-10-08T10:42:35Z</time>
        <extensions>
          <gpxtpx:TrackPointExtension>
            <gpxtpx:hr>140</gpxtpx:hr>
          </gpxtpx:TrackPointExtension>
        </extensions>
      </trkpt>
      <trkpt lat="31.198347811683366" lon="121.35079603170699">
        <ele>4.199999809265137</ele>
        <time>2026-10-08T10:42:39Z</time>
        <extensions>
          <gpxtpx:TrackPointExtension>
            <gpxtpx:hr>140</gpxtpx:hr>
          </gpxtpx:TrackPointExtension>
        </extensions>
      </trkpt>
      <trkpt lat="31.198425792848273" lon="121.35078404794899">
        <ele>3.799999952316284</ele>
        <time>2026-10-08T10:42:43Z</time>
        <extensions>
          <gpxtpx:TrackPointExtension>
            <gpxtpx:hr>139</gpxtpx:hr>
          </gpxtpx:TrackPointExtension>
        </extensions>
      </trkpt>
      <trkpt lat="31.198511771715783" lon="121.35077106541887">
        <ele>4.0</ele>
        <time>2026-10-08T10:42:47Z</time>
        <extensions>
          <gpxtpx:TrackPointExtension>
            <gpxtpx:hr>137</gpxtpx:hr>
          </gpxtpx:TrackPointExtension>
        </extensions>
      </trkpt>
      <trkpt lat="31.19859374118546" lon="121.35076506982324">
        <ele>3.5999999046325684</ele>
        <time>2026-10-08T10:42:51Z</time>
        <extensions>
          <gpxtpx:TrackPointExtension>
            <gpxtpx:hr>137</gpxtpx:hr>
          </gpxtpx:TrackPointExtension>
        </extensions>
      </trkpt>
      <trkpt lat="31.198688748149927" lon="121.35073212486174">
        <ele>3.4000000953674316</ele>
        <time>2026-10-08T10:42:55Z</time>
        <extensions>
          <gpxtpx:TrackPointExtension>
            <gpxtpx:hr>134</gpxtpx:hr>
          </gpxtpx:TrackPointExtension>
        </extensions>
      </trkpt>
      <trkpt lat="31.198776727693577" lon="121.35071814409342">
        <ele>3.0</ele>
        <time>2026-10-08T10:42:59Z</time>
        <extensions>
          <gpxtpx:TrackPointExtension>
            <gpxtpx:hr>134</gpxtpx:hr>
          </gpxtpx:TrackPointExtension>
        </extensions>
      </trkpt>
      <trkpt lat="31.198879698258086" lon="121.35070516011443">
        <ele>2.799999952316284</ele>
        <time>2026-10-08T10:43:03Z</time>
        <extensions>
          <gpxtpx:TrackPointExtension>
            <gpxtpx:hr>134</gpxtpx:hr>
          </gpxtpx:TrackPointExtension>
        </extensions>
      </trkpt>
      <trkpt lat="31.19897666364993" lon="121.35069716706754">
        <ele>2.4000000953674316</ele>
        <time>2026-10-08T10:43:07Z</time>
        <extensions>
          <gpxtpx:TrackPointExtension>
            <gpxtpx:hr>133</gpxtpx:hr>
          </gpxtpx:TrackPointExtension>
        </extensions>
      </trkpt>
      <trkpt lat="31.199071628406248" lon="121.3506901722769">
        <ele>2.200000047683716</ele>
        <time>2026-10-08T10:43:11Z</time>
        <extensions>
          <gpxtpx:TrackPointExtension>
            <gpxtpx:hr>132</gpxtpx:hr>
          </gpxtpx:TrackPointExtension>
        </extensions>
      </trkpt>
      <trkpt lat="31.199156596451612" lon="121.35068417643407">
        <ele>2.0</ele>
        <time>2026-10-08T10:43:15Z</time>
        <extensions>
          <gpxtpx:TrackPointExtension>
            <gpxtpx:hr>132</gpxtpx:hr>
          </gpxtpx:TrackPointExtension>
        </extensions>
      </trkpt>
      <trkpt lat="31.19925257374464" lon="121.35066919690962">
        <ele>2.0</ele>
        <time>2026-10-08T10:43:19Z</time>
        <extensions>
          <gpxtpx:TrackPointExtension>
            <gpxtpx:hr>131</gpxtpx:hr>
          </gpxtpx:TrackPointExtension>
        </extensions>
      </trkpt>
      <trkpt lat="31.199352544207432" lon="121.3506572112871">
        <ele>2.0</ele>
        <time>2026-10-08T10:43:23Z</time>
        <extensions>
          <gpxtpx:TrackPointExtension>
            <gpxtpx:hr>131</gpxtpx:hr>
          </gpxtpx:TrackPointExtension>
        </extensions>
      </trkpt>
      <trkpt lat="31.199448506881524" lon="121.35065121449767">
        <ele>2.0</ele>
        <time>2026-10-08T10:43:27Z</time>
        <extensions>
          <gpxtpx:TrackPointExtension>
            <gpxtpx:hr>131</gpxtpx:hr>
          </gpxtpx:TrackPointExtension>
        </extensions>
      </trkpt>
      <trkpt lat="31.199538488777325" lon="121.3506352374246">
        <ele>2.0</ele>
        <time>2026-10-08T10:43:31Z</time>
        <extensions>
          <gpxtpx:TrackPointExtension>
            <gpxtpx:hr>131</gpxtpx:hr>
          </gpxtpx:TrackPointExtension>
        </extensions>
      </trkpt>
      <trkpt lat="31.199624485667446" lon="121.35061127606622">
        <ele>2.200000047683716</ele>
        <time>2026-10-08T10:43:35Z</time>
        <extensions>
          <gpxtpx:TrackPointExtension>
            <gpxtpx:hr>131</gpxtpx:hr>
          </gpxtpx:TrackPointExtension>
        </extensions>
      </trkpt>
      <trkpt lat="31.19972442850275" lon="121.35061625781348">
        <ele>2.200000047683716</ele>
        <time>2026-10-08T10:43:39Z</time>
        <extensions>
          <gpxtpx:TrackPointExtension>
            <gpxtpx:hr>132</gpxtpx:hr>
          </gpxtpx:TrackPointExtension>
        </extensions>
      </trkpt>
      <trkpt lat="31.19981844266164" lon="121.35057932074778">
        <ele>2.200000047683716</ele>
        <time>2026-10-08T10:43:43Z</time>
        <extensions>
          <gpxtpx:TrackPointExtension>
            <gpxtpx:hr>131</gpxtpx:hr>
          </gpxtpx:TrackPointExtension>
        </extensions>
      </trkpt>
      <trkpt lat="31.199870558924" lon="121.35049248348705">
        <ele>2.200000047683716</ele>
        <time>2026-10-08T10:43:47Z</time>
        <extensions>
          <gpxtpx:TrackPointExtension>
            <gpxtpx:hr>132</gpxtpx:hr>
          </gpxtpx:TrackPointExtension>
        </extensions>
      </trkpt>
      <trkpt lat="31.199918680570217" lon="121.35040365061343">
        <ele>2.4000000953674316</ele>
        <time>2026-10-08T10:43:51Z</time>
        <extensions>
          <gpxtpx:TrackPointExtension>
            <gpxtpx:hr>132</gpxtpx:hr>
          </gpxtpx:TrackPointExtension>
        </extensions>
      </trkpt>
      <trkpt lat="31.19999771042212" lon="121.35036172467639">
        <ele>2.4000000953674316</ele>
        <time>2026-10-08T10:43:55Z</time>
        <extensions>
          <gpxtpx:TrackPointExtension>
            <gpxtpx:hr>134</gpxtpx:hr>
          </gpxtpx:TrackPointExtension>
        </extensions>
      </trkpt>
      <trkpt lat="31.200087682655838" lon="121.35035173615843">
        <ele>2.4000000953674316</ele>
        <time>2026-10-08T10:43:59Z</time>
        <extensions>
          <gpxtpx:TrackPointExtension>
            <gpxtpx:hr>132</gpxtpx:hr>
          </gpxtpx:TrackPointExtension>
        </extensions>
      </trkpt>
      <trkpt lat="31.200184682506393" lon="121.35032278365776">
        <ele>2.4000000953674316</ele>
        <time>2026-10-08T10:44:03Z</time>
        <extensions>
          <gpxtpx:TrackPointExtension>
            <gpxtpx:hr>131</gpxtpx:hr>
          </gpxtpx:TrackPointExtension>
        </extensions>
      </trkpt>
      <trkpt lat="31.200278719811486" lon="121.35027187386734">
        <ele>2.200000047683716</ele>
        <time>2026-10-08T10:44:07Z</time>
        <extensions>
          <gpxtpx:TrackPointExtension>
            <gpxtpx:hr>131</gpxtpx:hr>
          </gpxtpx:TrackPointExtension>
        </extensions>
      </trkpt>
      <trkpt lat="31.200369761918274" lon="121.35021896826173">
        <ele>2.200000047683716</ele>
        <time>2026-10-08T10:44:11Z</time>
        <extensions>
          <gpxtpx:TrackPointExtension>
            <gpxtpx:hr>130</gpxtpx:hr>
          </gpxtpx:TrackPointExtension>
        </extensions>
      </trkpt>
      <trkpt lat="31.20045777773321" lon="121.35018303015313">
        <ele>2.4000000953674316</ele>
        <time>2026-10-08T10:44:15Z</time>
        <extensions>
          <gpxtpx:TrackPointExtension>
            <gpxtpx:hr>130</gpxtpx:hr>
          </gpxtpx:TrackPointExtension>
        </extensions>
      </trkpt>
      <trkpt lat="31.200554717151718" lon="121.35019100631399">
        <ele>2.200000047683716</ele>
        <time>2026-10-08T10:44:19Z</time>
        <extensions>
          <gpxtpx:TrackPointExtension>
            <gpxtpx:hr>131</gpxtpx:hr>
          </gpxtpx:TrackPointExtension>
        </extensions>
      </trkpt>
      <trkpt lat="31.20065762910062" lon="121.35021395299937">
        <ele>2.200000047683716</ele>
        <time>2026-10-08T10:44:23Z</time>
        <extensions>
          <gpxtpx:TrackPointExtension>
            <gpxtpx:hr>131</gpxtpx:hr>
          </gpxtpx:TrackPointExtension>
        </extensions>
      </trkpt>
      <trkpt lat="31.200751530754843" lon="121.35024588310935">
        <ele>2.200000047683716</ele>
        <time>2026-10-08T10:44:27Z</time>
        <extensions>
          <gpxtpx:TrackPointExtension>
            <gpxtpx:hr>131</gpxtpx:hr>
          </gpxtpx:TrackPointExtension>
        </extensions>
      </trkpt>
      <trkpt lat="31.200841427856197" lon="121.35028180587582">
        <ele>2.0</ele>
        <time>2026-10-08T10:44:31Z</time>
        <extensions>
          <gpxtpx:TrackPointExtension>
            <gpxtpx:hr>132</gpxtpx:hr>
          </gpxtpx:TrackPointExtension>
        </extensions>
      </trkpt>
      <trkpt lat="31.20093335179058" lon="121.35030076127698">
        <ele>2.200000047683716</ele>
        <time>2026-10-08T10:44:35Z</time>
        <extensions>
          <gpxtpx:TrackPointExtension>
            <gpxtpx:hr>133</gpxtpx:hr>
          </gpxtpx:TrackPointExtension>
        </extensions>
      </trkpt>
      <trkpt lat="31.2010203321114" lon="121.35028678074775">
        <ele>2.4000000953674316</ele>
        <time>2026-10-08T10:44:39Z</time>
        <extensions>
          <gpxtpx:TrackPointExtension>
            <gpxtpx:hr>133</gpxtpx:hr>
          </gpxtpx:TrackPointExtension>
        </extensions>
      </trkpt>
      <trkpt lat="31.20111934744894" lon="121.3502478474153">
        <ele>2.4000000953674316</ele>
        <time>2026-10-08T10:44:43Z</time>
        <extensions>
          <gpxtpx:TrackPointExtension>
            <gpxtpx:hr>132</gpxtpx:hr>
          </gpxtpx:TrackPointExtension>
        </extensions>
      </trkpt>
      <trkpt lat="31.201202387011712" lon="121.35019893481102">
        <ele>2.200000047683716</ele>
        <time>2026-10-08T10:44:47Z</time>
        <extensions>
          <gpxtpx:TrackPointExtension>
            <gpxtpx:hr>132</gpxtpx:hr>
          </gpxtpx:TrackPointExtension>
        </extensions>
      </trkpt>
      <trkpt lat="31.201284432030466" lon="121.35014702814894">
        <ele>2.200000047683716</ele>
        <time>2026-10-08T10:44:51Z</time>
        <extensions>
          <gpxtpx:TrackPointExtension>
            <gpxtpx:hr>132</gpxtpx:hr>
          </gpxtpx:TrackPointExtension>
        </extensions>
      </trkpt>
      <trkpt lat="31.201374471560953" lon="121.35009611892869">
        <ele>2.4000000953674316</ele>
        <time>2026-10-08T10:44:55Z</time>
        <extensions>
          <gpxtpx:TrackPointExtension>
            <gpxtpx:hr>132</gpxtpx:hr>
          </gpxtpx:TrackPointExtension>
        </extensions>
      </trkpt>
      <trkpt lat="31.20145853703841" lon="121.35003123737809">
        <ele>2.4000000953674316</ele>
        <time>2026-10-08T10:44:59Z</time>
        <extensions>
          <gpxtpx:TrackPointExtension>
            <gpxtpx:hr>132</gpxtpx:hr>
          </gpxtpx:TrackPointExtension>
        </extensions>
      </trkpt>
      <trkpt lat="31.201551534223917" lon="121.35000527964874">
        <ele>2.200000047683716</ele>
        <time>2026-10-08T10:45:03Z</time>
        <extensions>
          <gpxtpx:TrackPointExtension>
            <gpxtpx:hr>132</gpxtpx:hr>
          </gpxtpx:TrackPointExtension>
        </extensions>
      </trkpt>
      <trkpt lat="31.20164346958369" lon="121.35001724846558">
        <ele>2.200000047683716</ele>
        <time>2026-10-08T10:45:07Z</time>
        <extensions>
          <gpxtpx:TrackPointExtension>
            <gpxtpx:hr>132</gpxtpx:hr>
          </gpxtpx:TrackPointExtension>
        </extensions>
      </trkpt>
      <trkpt lat="31.201732373627785" lon="121.35004917885135">
        <ele>2.0</ele>
        <time>2026-10-08T10:45:11Z</time>
        <extensions>
          <gpxtpx:TrackPointExtension>
            <gpxtpx:hr>133</gpxtpx:hr>
          </gpxtpx:TrackPointExtension>
        </extensions>
      </trkpt>
      <trkpt lat="31.201820273271846" lon="121.3500841035479">
        <ele>2.0</ele>
        <time>2026-10-08T10:45:15Z</time>
        <extensions>
          <gpxtpx:TrackPointExtension>
            <gpxtpx:hr>133</gpxtpx:hr>
          </gpxtpx:TrackPointExtension>
        </extensions>
      </trkpt>
      <trkpt lat="31.2019061313451" lon="121.35014497820504">
        <ele>1.7999999523162842</ele>
        <time>2026-10-08T10:45:19Z</time>
        <extensions>
          <gpxtpx:TrackPointExtension>
            <gpxtpx:hr>133</gpxtpx:hr>
          </gpxtpx:TrackPointExtension>
        </extensions>
      </trkpt>
      <trkpt lat="31.20199802420741" lon="121.35018289684481">
        <ele>1.7999999523162842</ele>
        <time>2026-10-08T10:45:23Z</time>
        <extensions>
          <gpxtpx:TrackPointExtension>
            <gpxtpx:hr>134</gpxtpx:hr>
          </gpxtpx:TrackPointExtension>
        </extensions>
      </trkpt>
      <trkpt lat="31.202083902043164" lon="121.35023179480861">
        <ele>1.7999999523162842</ele>
        <time>2026-10-08T10:45:27Z</time>
        <extensions>
          <gpxtpx:TrackPointExtension>
            <gpxtpx:hr>133</gpxtpx:hr>
          </gpxtpx:TrackPointExtension>
        </extensions>
      </trkpt>
      <trkpt lat="31.202163789402285" lon="121.35027670106598">
        <ele>1.7999999523162842</ele>
        <time>2026-10-08T10:45:31Z</time>
        <extensions>
          <gpxtpx:TrackPointExtension>
            <gpxtpx:hr>133</gpxtpx:hr>
          </gpxtpx:TrackPointExtension>
        </extensions>
      </trkpt>
      <trkpt lat="31.20225971148266" lon="121.35029565611778">
        <ele>1.7999999523162842</ele>
        <time>2026-10-08T10:45:35Z</time>
        <extensions>
          <gpxtpx:TrackPointExtension>
            <gpxtpx:hr>134</gpxtpx:hr>
          </gpxtpx:TrackPointExtension>
        </extensions>
      </trkpt>
      <trkpt lat="31.202347735553232" lon="121.35025472758754">
        <ele>2.0</ele>
        <time>2026-10-08T10:45:39Z</time>
        <extensions>
          <gpxtpx:TrackPointExtension>
            <gpxtpx:hr>133</gpxtpx:hr>
          </gpxtpx:TrackPointExtension>
        </extensions>
      </trkpt>
      <trkpt lat="31.20242779956521" lon="121.35019184226577">
        <ele>2.0</ele>
        <time>2026-10-08T10:45:43Z</time>
        <extensions>
          <gpxtpx:TrackPointExtension>
            <gpxtpx:hr>134</gpxtpx:hr>
          </gpxtpx:TrackPointExtension>
        </extensions>
      </trkpt>
      <trkpt lat="31.202499847916396" lon="121.35014093454669">
        <ele>2.0</ele>
        <time>2026-10-08T10:45:47Z</time>
        <extensions>
          <gpxtpx:TrackPointExtension>
            <gpxtpx:hr>134</gpxtpx:hr>
          </gpxtpx:TrackPointExtension>
        </extensions>
      </trkpt>
      <trkpt lat="31.202575879627933" lon="121.35009900914599">
        <ele>2.0</ele>
        <time>2026-10-08T10:45:51Z</time>
        <extensions>
          <gpxtpx:TrackPointExtension>
            <gpxtpx:hr>133</gpxtpx:hr>
          </gpxtpx:TrackPointExtension>
        </extensions>
      </trkpt>
      <trkpt lat="31.202657888784692" lon="121.35006906006046">
        <ele>2.0</ele>
        <time>2026-10-08T10:45:55Z</time>
        <extensions>
          <gpxtpx:TrackPointExtension>
            <gpxtpx:hr>132</gpxtpx:hr>
          </gpxtpx:TrackPointExtension>
        </extensions>
      </trkpt>
      <trkpt lat="31.202749896367333" lon="121.35003711400165">
        <ele>1.7999999523162842</ele>
        <time>2026-10-08T10:45:59Z</time>
        <extensions>
          <gpxtpx:TrackPointExtension>
            <gpxtpx:hr>132</gpxtpx:hr>
          </gpxtpx:TrackPointExtension>
        </extensions>
      </trkpt>
      <trkpt lat="31.202844897594307" lon="121.35000816190212">
        <ele>1.7999999523162842</ele>
        <time>2026-10-08T10:46:03Z</time>
        <extensions>
          <gpxtpx:TrackPointExtension>
            <gpxtpx:hr>132</gpxtpx:hr>
          </gpxtpx:TrackPointExtension>
        </extensions>
      </trkpt>
      <trkpt lat="31.20292589910899" lon="121.3499832032899">
        <ele>1.7999999523162842</ele>
        <time>2026-10-08T10:46:07Z</time>
        <extensions>
          <gpxtpx:TrackPointExtension>
            <gpxtpx:hr>132</gpxtpx:hr>
          </gpxtpx:TrackPointExtension>
        </extensions>
      </trkpt>
      <trkpt lat="31.203019881175166" lon="121.34996622807552">
        <ele>1.7999999523162842</ele>
        <time>2026-10-08T10:46:11Z</time>
        <extensions>
          <gpxtpx:TrackPointExtension>
            <gpxtpx:hr>132</gpxtpx:hr>
          </gpxtpx:TrackPointExtension>
        </extensions>
      </trkpt>
      <trkpt lat="31.203107879311027" lon="121.34994126888374">
        <ele>1.7999999523162842</ele>
        <time>2026-10-08T10:46:15Z</time>
        <extensions>
          <gpxtpx:TrackPointExtension>
            <gpxtpx:hr>132</gpxtpx:hr>
          </gpxtpx:TrackPointExtension>
        </extensions>
      </trkpt>
      <trkpt lat="31.203202867486443" lon="121.34992030135098">
        <ele>1.7999999523162842</ele>
        <time>2026-10-08T10:46:19Z</time>
        <extensions>
          <gpxtpx:TrackPointExtension>
            <gpxtpx:hr>132</gpxtpx:hr>
          </gpxtpx:TrackPointExtension>
        </extensions>
      </trkpt>
      <trkpt lat="31.203296861092973" lon="121.34989633973031">
        <ele>2.0</ele>
        <time>2026-10-08T10:46:23Z</time>
        <extensions>
          <gpxtpx:TrackPointExtension>
            <gpxtpx:hr>132</gpxtpx:hr>
          </gpxtpx:TrackPointExtension>
        </extensions>
      </trkpt>
      <trkpt lat="31.203384857641748" lon="121.3498723786429">
        <ele>2.0</ele>
        <time>2026-10-08T10:46:27Z</time>
        <extensions>
          <gpxtpx:TrackPointExtension>
            <gpxtpx:hr>132</gpxtpx:hr>
          </gpxtpx:TrackPointExtension>
        </extensions>
      </trkpt>
      <trkpt lat="31.20346786157479" lon="121.34984542382067">
        <ele>2.0</ele>
        <time>2026-10-08T10:46:31Z</time>
        <extensions>
          <gpxtpx:TrackPointExtension>
            <gpxtpx:hr>131</gpxtpx:hr>
          </gpxtpx:TrackPointExtension>
        </extensions>
      </trkpt>
      <trkpt lat="31.20355589268964" lon="121.34980050351102">
        <ele>2.4000000953674316</ele>
        <time>2026-10-08T10:46:35Z</time>
        <extensions>
          <gpxtpx:TrackPointExtension>
            <gpxtpx:hr>132</gpxtpx:hr>
          </gpxtpx:TrackPointExtension>
        </extensions>
      </trkpt>
      <trkpt lat="31.203643909044697" lon="121.34976456577661">
        <ele>2.799999952316284</ele>
        <time>2026-10-08T10:46:39Z</time>
        <extensions>
          <gpxtpx:TrackPointExtension>
            <gpxtpx:hr>131</gpxtpx:hr>
          </gpxtpx:TrackPointExtension>
        </extensions>
      </trkpt>
      <trkpt lat="31.203745874184015" lon="121.34975557442746">
        <ele>3.200000047683716</ele>
        <time>2026-10-08T10:46:43Z</time>
        <extensions>
          <gpxtpx:TrackPointExtension>
            <gpxtpx:hr>130</gpxtpx:hr>
          </gpxtpx:TrackPointExtension>
        </extensions>
      </trkpt>
      <trkpt lat="31.20383885358854" lon="121.34974059551098">
        <ele>3.5999999046325684</ele>
        <time>2026-10-08T10:46:47Z</time>
        <extensions>
          <gpxtpx:TrackPointExtension>
            <gpxtpx:hr>131</gpxtpx:hr>
          </gpxtpx:TrackPointExtension>
        </extensions>
      </trkpt>
      <trkpt lat="31.203937830084367" lon="121.34972561608097">
        <ele>3.799999952316284</ele>
        <time>2026-10-08T10:46:51Z</time>
        <extensions>
          <gpxtpx:TrackPointExtension>
            <gpxtpx:hr>132</gpxtpx:hr>
          </gpxtpx:TrackPointExtension>
        </extensions>
      </trkpt>
      <trkpt lat="31.204030825976464" lon="121.34970065660508">
        <ele>3.799999952316284</ele>
        <time>2026-10-08T10:46:55Z</time>
        <extensions>
          <gpxtpx:TrackPointExtension>
            <gpxtpx:hr>132</gpxtpx:hr>
          </gpxtpx:TrackPointExtension>
        </extensions>
      </trkpt>
      <trkpt lat="31.20412478188044" lon="121.34969965041657">
        <ele>3.4000000953674316</ele>
        <time>2026-10-08T10:46:59Z</time>
        <extensions>
          <gpxtpx:TrackPointExtension>
            <gpxtpx:hr>133</gpxtpx:hr>
          </gpxtpx:TrackPointExtension>
        </extensions>
      </trkpt>
      <trkpt lat="31.204221746211665" lon="121.34969265562772">
        <ele>3.0</ele>
        <time>2026-10-08T10:47:03Z</time>
        <extensions>
          <gpxtpx:TrackPointExtension>
            <gpxtpx:hr>133</gpxtpx:hr>
          </gpxtpx:TrackPointExtension>
        </extensions>
      </trkpt>
      <trkpt lat="31.204310735852765" lon="121.34967268679898">
        <ele>2.5999999046325684</ele>
        <time>2026-10-08T10:47:07Z</time>
        <extensions>
          <gpxtpx:TrackPointExtension>
            <gpxtpx:hr>133</gpxtpx:hr>
          </gpxtpx:TrackPointExtension>
        </extensions>
      </trkpt>
      <trkpt lat="31.204411714730153" lon="121.34965571110934">
        <ele>2.5999999046325684</ele>
        <time>2026-10-08T10:47:11Z</time>
        <extensions>
          <gpxtpx:TrackPointExtension>
            <gpxtpx:hr>132</gpxtpx:hr>
          </gpxtpx:TrackPointExtension>
        </extensions>
      </trkpt>
      <trkpt lat="31.204505683844662" lon="121.34964672047631">
        <ele>2.4000000953674316</ele>
        <time>2026-10-08T10:47:15Z</time>
        <extensions>
          <gpxtpx:TrackPointExtension>
            <gpxtpx:hr>133</gpxtpx:hr>
          </gpxtpx:TrackPointExtension>
        </extensions>
      </trkpt>
      <trkpt lat="31.20459965296818" lon="121.3496377298453">
        <ele>2.4000000953674316</ele>
        <time>2026-10-08T10:47:19Z</time>
        <extensions>
          <gpxtpx:TrackPointExtension>
            <gpxtpx:hr>133</gpxtpx:hr>
          </gpxtpx:TrackPointExtension>
        </extensions>
      </trkpt>
      <trkpt lat="31.20469959941054" lon="121.34964071536082">
        <ele>2.4000000953674316</ele>
        <time>2026-10-08T10:47:23Z</time>
        <extensions>
          <gpxtpx:TrackPointExtension>
            <gpxtpx:hr>134</gpxtpx:hr>
          </gpxtpx:TrackPointExtension>
        </extensions>
      </trkpt>
      <trkpt lat="31.20479458619196" lon="121.34962074603857">
        <ele>2.200000047683716</ele>
        <time>2026-10-08T10:47:27Z</time>
        <extensions>
          <gpxtpx:TrackPointExtension>
            <gpxtpx:hr>134</gpxtpx:hr>
          </gpxtpx:TrackPointExtension>
        </extensions>
      </trkpt>
      <trkpt lat="31.204888591609407" lon="121.34958979821488">
        <ele>2.200000047683716</ele>
        <time>2026-10-08T10:47:31Z</time>
        <extensions>
          <gpxtpx:TrackPointExtension>
            <gpxtpx:hr>134</gpxtpx:hr>
          </gpxtpx:TrackPointExtension>
        </extensions>
      </trkpt>
      <trkpt lat="31.204970658972712" lon="121.34952491764953">
        <ele>2.4000000953674316</ele>
        <time>2026-10-08T10:47:35Z</time>
        <extensions>
          <gpxtpx:TrackPointExtension>
            <gpxtpx:hr>135</gpxtpx:hr>
          </gpxtpx:TrackPointExtension>
        </extensions>
      </trkpt>
      <trkpt lat="31.20504076198312" lon="121.34944207331">
        <ele>2.4000000953674316</ele>
        <time>2026-10-08T10:47:39Z</time>
        <extensions>
          <gpxtpx:TrackPointExtension>
            <gpxtpx:hr>135</gpxtpx:hr>
          </gpxtpx:TrackPointExtension>
        </extensions>
      </trkpt>
      <trkpt lat="31.205104861436993" lon="121.34936322185096">
        <ele>2.4000000953674316</ele>
        <time>2026-10-08T10:47:43Z</time>
        <extensions>
          <gpxtpx:TrackPointExtension>
            <gpxtpx:hr>135</gpxtpx:hr>
          </gpxtpx:TrackPointExtension>
        </extensions>
      </trkpt>
      <trkpt lat="31.205149947081956" lon="121.34929834484372">
        <ele>2.4000000953674316</ele>
        <time>2026-10-08T10:47:47Z</time>
        <extensions>
          <gpxtpx:TrackPointExtension>
            <gpxtpx:hr>134</gpxtpx:hr>
          </gpxtpx:TrackPointExtension>
        </extensions>
      </trkpt>
      <trkpt lat="31.20517602217236" lon="121.34924544613035">
        <ele>2.5999999046325684</ele>
        <time>2026-10-08T10:47:51Z</time>
        <extensions>
          <gpxtpx:TrackPointExtension>
            <gpxtpx:hr>134</gpxtpx:hr>
          </gpxtpx:TrackPointExtension>
        </extensions>
      </trkpt>
      <trkpt lat="31.20520008338145" lon="121.34920153005977">
        <ele>2.5999999046325684</ele>
        <time>2026-10-08T10:47:55Z</time>
        <extensions>
          <gpxtpx:TrackPointExtension>
            <gpxtpx:hr>134</gpxtpx:hr>
          </gpxtpx:TrackPointExtension>
        </extensions>
      </trkpt>
      <trkpt lat="31.2052271481446" lon="121.34915461964505">
        <ele>2.5999999046325684</ele>
        <time>2026-10-08T10:47:59Z</time>
        <extensions>
          <gpxtpx:TrackPointExtension>
            <gpxtpx:hr>132</gpxtpx:hr>
          </gpxtpx:TrackPointExtension>
        </extensions>
      </trkpt>
      <trkpt lat="31.205277180225874" lon="121.349120681849">
        <ele>2.5999999046325684</ele>
        <time>2026-10-08T10:48:03Z</time>
        <extensions>
          <gpxtpx:TrackPointExtension>
            <gpxtpx:hr>129</gpxtpx:hr>
          </gpxtpx:TrackPointExtension>
        </extensions>
      </trkpt>
      <trkpt lat="31.205331173901968" lon="121.34910870066551">
        <ele>2.5999999046325684</ele>
        <time>2026-10-08T10:48:07Z</time>
        <extensions>
          <gpxtpx:TrackPointExtension>
            <gpxtpx:hr>127</gpxtpx:hr>
          </gpxtpx:TrackPointExtension>
        </extensions>
      </trkpt>
      <trkpt lat="31.205410143835927" lon="121.34910370361962">
        <ele>2.200000047683716</ele>
        <time>2026-10-08T10:48:11Z</time>
        <extensions>
          <gpxtpx:TrackPointExtension>
            <gpxtpx:hr>126</gpxtpx:hr>
          </gpxtpx:TrackPointExtension>
        </extensions>
      </trkpt>
      <trkpt lat="31.20550611713329" lon="121.34909171880813">
        <ele>2.200000047683716</ele>
        <time>2026-10-08T10:48:15Z</time>
        <extensions>
          <gpxtpx:TrackPointExtension>
            <gpxtpx:hr>122</gpxtpx:hr>
          </gpxtpx:TrackPointExtension>
        </extensions>
      </trkpt>
      <trkpt lat="31.205600112979205" lon="121.34906675963072">
        <ele>2.200000047683716</ele>
        <time>2026-10-08T10:48:19Z</time>
        <extensions>
          <gpxtpx:TrackPointExtension>
            <gpxtpx:hr>121</gpxtpx:hr>
          </gpxtpx:TrackPointExtension>
        </extensions>
      </trkpt>
      <trkpt lat="31.205692126412842" lon="121.34903182023284">
        <ele>2.200000047683716</ele>
        <time>2026-10-08T10:48:23Z</time>
        <extensions>
          <gpxtpx:TrackPointExtension>
            <gpxtpx:hr>120</gpxtpx:hr>
          </gpxtpx:TrackPointExtension>
        </extensions>
      </trkpt>
      <trkpt lat="31.205783125418947" lon="121.34900586331075">
        <ele>2.200000047683716</ele>
        <time>2026-10-08T10:48:27Z</time>
        <extensions>
          <gpxtpx:TrackPointExtension>
            <gpxtpx:hr>120</gpxtpx:hr>
          </gpxtpx:TrackPointExtension>
        </extensions>
      </trkpt>
      <trkpt lat="31.205869128531806" lon="121.34897890879787">
        <ele>2.200000047683716</ele>
        <time>2026-10-08T10:48:31Z</time>
        <extensions>
          <gpxtpx:TrackPointExtension>
            <gpxtpx:hr>120</gpxtpx:hr>
          </gpxtpx:TrackPointExtension>
        </extensions>
      </trkpt>
      <trkpt lat="31.205960149178388" lon="121.34893997740582">
        <ele>2.200000047683716</ele>
        <time>2026-10-08T10:48:35Z</time>
        <extensions>
          <gpxtpx:TrackPointExtension>
            <gpxtpx:hr>125</gpxtpx:hr>
          </gpxtpx:TrackPointExtension>
        </extensions>
      </trkpt>
      <trkpt lat="31.206053137309443" lon="121.34892000859581">
        <ele>2.200000047683716</ele>
        <time>2026-10-08T10:48:39Z</time>
        <extensions>
          <gpxtpx:TrackPointExtension>
            <gpxtpx:hr>126</gpxtpx:hr>
          </gpxtpx:TrackPointExtension>
        </extensions>
      </trkpt>
      <trkpt lat="31.206143060428417" lon="121.34893996157697">
        <ele>2.4000000953674316</ele>
        <time>2026-10-08T10:48:43Z</time>
        <extensions>
          <gpxtpx:TrackPointExtension>
            <gpxtpx:hr>127</gpxtpx:hr>
          </gpxtpx:TrackPointExtension>
        </extensions>
      </trkpt>
      <trkpt lat="31.20623497760872" lon="121.34896290851167">
        <ele>2.5999999046325684</ele>
        <time>2026-10-08T10:48:47Z</time>
        <extensions>
          <gpxtpx:TrackPointExtension>
            <gpxtpx:hr>127</gpxtpx:hr>
          </gpxtpx:TrackPointExtension>
        </extensions>
      </trkpt>
      <trkpt lat="31.20632991992681" lon="121.34896988656847">
        <ele>2.799999952316284</ele>
        <time>2026-10-08T10:48:51Z</time>
        <extensions>
          <gpxtpx:TrackPointExtension>
            <gpxtpx:hr>127</gpxtpx:hr>
          </gpxtpx:TrackPointExtension>
        </extensions>
      </trkpt>
      <trkpt lat="31.20642389596055" lon="121.34895690392959">
        <ele>3.200000047683716</ele>
        <time>2026-10-08T10:48:55Z</time>
        <extensions>
          <gpxtpx:TrackPointExtension>
            <gpxtpx:hr>127</gpxtpx:hr>
          </gpxtpx:TrackPointExtension>
        </extensions>
      </trkpt>
      <trkpt lat="31.206512909325372" lon="121.34892296292156">
        <ele>3.4000000953674316</ele>
        <time>2026-10-08T10:48:59Z</time>
        <extensions>
          <gpxtpx:TrackPointExtension>
            <gpxtpx:hr>127</gpxtpx:hr>
          </gpxtpx:TrackPointExtension>
        </extensions>
      </trkpt>
      <trkpt lat="31.20660689535939" lon="121.34890399207089">
        <ele>3.4000000953674316</ele>
        <time>2026-10-08T10:49:03Z</time>
        <extensions>
          <gpxtpx:TrackPointExtension>
            <gpxtpx:hr>128</gpxtpx:hr>
          </gpxtpx:TrackPointExtension>
        </extensions>
      </trkpt>
      <trkpt lat="31.206701912518987" lon="121.34886605843961">
        <ele>3.4000000953674316</ele>
        <time>2026-10-08T10:49:07Z</time>
        <extensions>
          <gpxtpx:TrackPointExtension>
            <gpxtpx:hr>129</gpxtpx:hr>
          </gpxtpx:TrackPointExtension>
        </extensions>
      </trkpt>
      <trkpt lat="31.206800899494453" lon="121.34884509110971">
        <ele>2.799999952316284</ele>
        <time>2026-10-08T10:49:11Z</time>
        <extensions>
          <gpxtpx:TrackPointExtension>
            <gpxtpx:hr>130</gpxtpx:hr>
          </gpxtpx:TrackPointExtension>
        </extensions>
      </trkpt>
      <trkpt lat="31.206906839841444" lon="121.34885007212263">
        <ele>2.4000000953674316</ele>
        <time>2026-10-08T10:49:15Z</time>
        <extensions>
          <gpxtpx:TrackPointExtension>
            <gpxtpx:hr>130</gpxtpx:hr>
          </gpxtpx:TrackPointExtension>
        </extensions>
      </trkpt>
      <trkpt lat="31.207000764386876" lon="121.34886802865046">
        <ele>2.0</ele>
        <time>2026-10-08T10:49:19Z</time>
        <extensions>
          <gpxtpx:TrackPointExtension>
            <gpxtpx:hr>130</gpxtpx:hr>
          </gpxtpx:TrackPointExtension>
        </extensions>
      </trkpt>
      <trkpt lat="31.20708674437247" lon="121.34885504673524">
        <ele>2.0</ele>
        <time>2026-10-08T10:49:23Z</time>
        <extensions>
          <gpxtpx:TrackPointExtension>
            <gpxtpx:hr>130</gpxtpx:hr>
          </gpxtpx:TrackPointExtension>
        </extensions>
      </trkpt>
      <trkpt lat="31.20717075694717" lon="121.34882310231386">
        <ele>2.0</ele>
        <time>2026-10-08T10:49:27Z</time>
        <extensions>
          <gpxtpx:TrackPointExtension>
            <gpxtpx:hr>130</gpxtpx:hr>
          </gpxtpx:TrackPointExtension>
        </extensions>
      </trkpt>
      <trkpt lat="31.20725081809949" lon="121.3487632132928">
        <ele>2.0</ele>
        <time>2026-10-08T10:49:31Z</time>
        <extensions>
          <gpxtpx:TrackPointExtension>
            <gpxtpx:hr>130</gpxtpx:hr>
          </gpxtpx:TrackPointExtension>
        </extensions>
      </trkpt>
      <trkpt lat="31.20734189066859" lon="121.34869334307771">
        <ele>2.200000047683716</ele>
        <time>2026-10-08T10:49:35Z</time>
        <extensions>
          <gpxtpx:TrackPointExtension>
            <gpxtpx:hr>130</gpxtpx:hr>
          </gpxtpx:TrackPointExtension>
        </extensions>
      </trkpt>
      <trkpt lat="31.2074349423597" lon="121.34863544917908">
        <ele>2.0</ele>
        <time>2026-10-08T10:49:39Z</time>
        <extensions>
          <gpxtpx:TrackPointExtension>
            <gpxtpx:hr>130</gpxtpx:hr>
          </gpxtpx:TrackPointExtension>
        </extensions>
      </trkpt>
      <trkpt lat="31.207531945471377" lon="121.348605499861">
        <ele>2.0</ele>
        <time>2026-10-08T10:49:43Z</time>
        <extensions>
          <gpxtpx:TrackPointExtension>
            <gpxtpx:hr>130</gpxtpx:hr>
          </gpxtpx:TrackPointExtension>
        </extensions>
      </trkpt>
      <trkpt lat="31.2076209191059" lon="121.34859551185835">
        <ele>2.0</ele>
        <time>2026-10-08T10:49:47Z</time>
        <extensions>
          <gpxtpx:TrackPointExtension>
            <gpxtpx:hr>130</gpxtpx:hr>
          </gpxtpx:TrackPointExtension>
        </extensions>
      </trkpt>
      <trkpt lat="31.20771588651045" lon="121.34858751939939">
        <ele>2.0</ele>
        <time>2026-10-08T10:49:51Z</time>
        <extensions>
          <gpxtpx:TrackPointExtension>
            <gpxtpx:hr>130</gpxtpx:hr>
          </gpxtpx:TrackPointExtension>
        </extensions>
      </trkpt>
      <trkpt lat="31.20781383578731" lon="121.3485895069833">
        <ele>2.0</ele>
        <time>2026-10-08T10:49:55Z</time>
        <extensions>
          <gpxtpx:TrackPointExtension>
            <gpxtpx:hr>130</gpxtpx:hr>
          </gpxtpx:TrackPointExtension>
        </extensions>
      </trkpt>
      <trkpt lat="31.207917777166593" lon="121.34859448813917">
        <ele>2.4000000953674316</ele>
        <time>2026-10-08T10:49:59Z</time>
        <extensions>
          <gpxtpx:TrackPointExtension>
            <gpxtpx:hr>131</gpxtpx:hr>
          </gpxtpx:TrackPointExtension>
        </extensions>
      </trkpt>
      <trkpt lat="31.208028718508974" lon="121.34859747262928">
        <ele>2.0</ele>
        <time>2026-10-08T10:50:03Z</time>
        <extensions>
          <gpxtpx:TrackPointExtension>
            <gpxtpx:hr>131</gpxtpx:hr>
          </gpxtpx:TrackPointExtension>
        </extensions>
      </trkpt>
      <trkpt lat="31.20812368427741" lon="121.34859047820008">
        <ele>2.0</ele>
        <time>2026-10-08T10:50:07Z</time>
        <extensions>
          <gpxtpx:TrackPointExtension>
            <gpxtpx:hr>131</gpxtpx:hr>
          </gpxtpx:TrackPointExtension>
        </extensions>
      </trkpt>
      <trkpt lat="31.208222663140265" lon="121.34857450115652">
        <ele>2.0</ele>
        <time>2026-10-08T10:50:11Z</time>
        <extensions>
          <gpxtpx:TrackPointExtension>
            <gpxtpx:hr>132</gpxtpx:hr>
          </gpxtpx:TrackPointExtension>
        </extensions>
      </trkpt>
      <trkpt lat="31.208320684233268" lon="121.34853357347613">
        <ele>2.0</ele>
        <time>2026-10-08T10:50:15Z</time>
        <extensions>
          <gpxtpx:TrackPointExtension>
            <gpxtpx:hr>133</gpxtpx:hr>
          </gpxtpx:TrackPointExtension>
        </extensions>
      </trkpt>
      <trkpt lat="31.208404730504178" lon="121.34848166874049">
        <ele>2.0</ele>
        <time>2026-10-08T10:50:19Z</time>
        <extensions>
          <gpxtpx:TrackPointExtension>
            <gpxtpx:hr>134</gpxtpx:hr>
          </gpxtpx:TrackPointExtension>
        </extensions>
      </trkpt>
      <trkpt lat="31.2084907691812" lon="121.34843375600119">
        <ele>2.0</ele>
        <time>2026-10-08T10:50:23Z</time>
        <extensions>
          <gpxtpx:TrackPointExtension>
            <gpxtpx:hr>134</gpxtpx:hr>
          </gpxtpx:TrackPointExtension>
        </extensions>
      </trkpt>
      <trkpt lat="31.208588780374566" lon="121.34839881661027">
        <ele>2.0</ele>
        <time>2026-10-08T10:50:27Z</time>
        <extensions>
          <gpxtpx:TrackPointExtension>
            <gpxtpx:hr>135</gpxtpx:hr>
          </gpxtpx:TrackPointExtension>
        </extensions>
      </trkpt>
      <trkpt lat="31.208685792082406" lon="121.34836387733453">
        <ele>2.0</ele>
        <time>2026-10-08T10:50:31Z</time>
        <extensions>
          <gpxtpx:TrackPointExtension>
            <gpxtpx:hr>135</gpxtpx:hr>
          </gpxtpx:TrackPointExtension>
        </extensions>
      </trkpt>
      <trkpt lat="31.2087808248711" lon="121.34831696197301">
        <ele>2.0</ele>
        <time>2026-10-08T10:50:35Z</time>
        <extensions>
          <gpxtpx:TrackPointExtension>
            <gpxtpx:hr>134</gpxtpx:hr>
          </gpxtpx:TrackPointExtension>
        </extensions>
      </trkpt>
      <trkpt lat="31.208882800751717" lon="121.34830198279634">
        <ele>1.7999999523162842</ele>
        <time>2026-10-08T10:50:39Z</time>
        <extensions>
          <gpxtpx:TrackPointExtension>
            <gpxtpx:hr>134</gpxtpx:hr>
          </gpxtpx:TrackPointExtension>
        </extensions>
      </trkpt>
      <trkpt lat="31.208979770686433" lon="121.34829199417322">
        <ele>1.7999999523162842</ele>
        <time>2026-10-08T10:50:43Z</time>
        <extensions>
          <gpxtpx:TrackPointExtension>
            <gpxtpx:hr>135</gpxtpx:hr>
          </gpxtpx:TrackPointExtension>
        </extensions>
      </trkpt>
      <trkpt lat="31.20907471982962" lon="121.34829498002628">
        <ele>1.7999999523162842</ele>
        <time>2026-10-08T10:50:47Z</time>
        <extensions>
          <gpxtpx:TrackPointExtension>
            <gpxtpx:hr>135</gpxtpx:hr>
          </gpxtpx:TrackPointExtension>
        </extensions>
      </trkpt>
      <trkpt lat="31.2091666503393" lon="121.34830994242097">
        <ele>1.7999999523162842</ele>
        <time>2026-10-08T10:50:51Z</time>
        <extensions>
          <gpxtpx:TrackPointExtension>
            <gpxtpx:hr>135</gpxtpx:hr>
          </gpxtpx:TrackPointExtension>
        </extensions>
      </trkpt>
      <trkpt lat="31.209264582987835" lon="121.34832191022998">
        <ele>1.7999999523162842</ele>
        <time>2026-10-08T10:50:55Z</time>
        <extensions>
          <gpxtpx:TrackPointExtension>
            <gpxtpx:hr>135</gpxtpx:hr>
          </gpxtpx:TrackPointExtension>
        </extensions>
      </trkpt>
      <trkpt lat="31.209349603938" lon="121.34828497600913">
        <ele>1.7999999523162842</ele>
        <time>2026-10-08T10:50:59Z</time>
        <extensions>
          <gpxtpx:TrackPointExtension>
            <gpxtpx:hr>136</gpxtpx:hr>
          </gpxtpx:TrackPointExtension>
        </extensions>
      </trkpt>
      <trkpt lat="31.209439614134684" lon="121.34825303149896">
        <ele>1.7999999523162842</ele>
        <time>2026-10-08T10:51:03Z</time>
        <extensions>
          <gpxtpx:TrackPointExtension>
            <gpxtpx:hr>137</gpxtpx:hr>
          </gpxtpx:TrackPointExtension>
        </extensions>
      </trkpt>
      <trkpt lat="31.20953762050157" lon="121.34822108632068">
        <ele>1.7999999523162842</ele>
        <time>2026-10-08T10:51:07Z</time>
        <extensions>
          <gpxtpx:TrackPointExtension>
            <gpxtpx:hr>137</gpxtpx:hr>
          </gpxtpx:TrackPointExtension>
        </extensions>
      </trkpt>
      <trkpt lat="31.20963260990465" lon="121.34820011965616">
        <ele>2.0</ele>
        <time>2026-10-08T10:51:11Z</time>
        <extensions>
          <gpxtpx:TrackPointExtension>
            <gpxtpx:hr>137</gpxtpx:hr>
          </gpxtpx:TrackPointExtension>
        </extensions>
      </trkpt>
      <trkpt lat="31.20971649569727" lon="121.34824402534065">
        <ele>2.0</ele>
        <time>2026-10-08T10:51:15Z</time>
        <extensions>
          <gpxtpx:TrackPointExtension>
            <gpxtpx:hr>137</gpxtpx:hr>
          </gpxtpx:TrackPointExtension>
        </extensions>
      </trkpt>
      <trkpt lat="31.209787319164825" lon="121.34832885116145">
        <ele>2.200000047683716</ele>
        <time>2026-10-08T10:51:19Z</time>
        <extensions>
          <gpxtpx:TrackPointExtension>
            <gpxtpx:hr>136</gpxtpx:hr>
          </gpxtpx:TrackPointExtension>
        </extensions>
      </trkpt>
      <trkpt lat="31.209852199177163" lon="121.34838174084739">
        <ele>2.200000047683716</ele>
        <time>2026-10-08T10:51:23Z</time>
        <extensions>
          <gpxtpx:TrackPointExtension>
            <gpxtpx:hr>137</gpxtpx:hr>
          </gpxtpx:TrackPointExtension>
        </extensions>
      </trkpt>
      <trkpt lat="31.209923056300187" lon="121.34844660639965">
        <ele>2.0</ele>
        <time>2026-10-08T10:51:27Z</time>
        <extensions>
          <gpxtpx:TrackPointExtension>
            <gpxtpx:hr>136</gpxtpx:hr>
          </gpxtpx:TrackPointExtension>
        </extensions>
      </trkpt>
      <trkpt lat="31.20997086614812" lon="121.3485464050457">
        <ele>2.0</ele>
        <time>2026-10-08T10:51:31Z</time>
        <extensions>
          <gpxtpx:TrackPointExtension>
            <gpxtpx:hr>135</gpxtpx:hr>
          </gpxtpx:TrackPointExtension>
        </extensions>
      </trkpt>
      <trkpt lat="31.210022672597827" lon="121.34864720161127">
        <ele>1.7999999523162842</ele>
        <time>2026-10-08T10:51:35Z</time>
        <extensions>
          <gpxtpx:TrackPointExtension>
            <gpxtpx:hr>135</gpxtpx:hr>
          </gpxtpx:TrackPointExtension>
        </extensions>
      </trkpt>
      <trkpt lat="31.21011651899044" lon="121.34871206557827">
        <ele>1.600000023841858</ele>
        <time>2026-10-08T10:51:39Z</time>
        <extensions>
          <gpxtpx:TrackPointExtension>
            <gpxtpx:hr>135</gpxtpx:hr>
          </gpxtpx:TrackPointExtension>
        </extensions>
      </trkpt>
      <trkpt lat="31.2102084330455" lon="121.34873700845333">
        <ele>1.399999976158142</ele>
        <time>2026-10-08T10:51:43Z</time>
        <extensions>
          <gpxtpx:TrackPointExtension>
            <gpxtpx:hr>135</gpxtpx:hr>
          </gpxtpx:TrackPointExtension>
        </extensions>
      </trkpt>
      <trkpt lat="31.210315398191298" lon="121.34872701886209">
        <ele>1.399999976158142</ele>
        <time>2026-10-08T10:51:47Z</time>
        <extensions>
          <gpxtpx:TrackPointExtension>
            <gpxtpx:hr>135</gpxtpx:hr>
          </gpxtpx:TrackPointExtension>
        </extensions>
      </trkpt>
      <trkpt lat="31.21038850471923" lon="121.34864217979376">
        <ele>1.399999976158142</ele>
        <time>2026-10-08T10:51:51Z</time>
        <extensions>
          <gpxtpx:TrackPointExtension>
            <gpxtpx:hr>135</gpxtpx:hr>
          </gpxtpx:TrackPointExtension>
        </extensions>
      </trkpt>
      <trkpt lat="31.210430654689247" lon="121.34854037708072">
        <ele>1.600000023841858</ele>
        <time>2026-10-08T10:51:55Z</time>
        <extensions>
          <gpxtpx:TrackPointExtension>
            <gpxtpx:hr>135</gpxtpx:hr>
          </gpxtpx:TrackPointExtension>
        </extensions>
      </trkpt>
      <trkpt lat="31.210493798099385" lon="121.34843657674186">
        <ele>2.0</ele>
        <time>2026-10-08T10:51:59Z</time>
        <extensions>
          <gpxtpx:TrackPointExtension>
            <gpxtpx:hr>135</gpxtpx:hr>
          </gpxtpx:TrackPointExtension>
        </extensions>
      </trkpt>
      <trkpt lat="31.210541940571996" lon="121.3483377680741">
        <ele>2.4000000953674316</ele>
        <time>2026-10-08T10:52:03Z</time>
        <extensions>
          <gpxtpx:TrackPointExtension>
            <gpxtpx:hr>135</gpxtpx:hr>
          </gpxtpx:TrackPointExtension>
        </extensions>
      </trkpt>
      <trkpt lat="31.210585078939673" lon="121.34824295215493">
        <ele>2.799999952316284</ele>
        <time>2026-10-08T10:52:07Z</time>
        <extensions>
          <gpxtpx:TrackPointExtension>
            <gpxtpx:hr>135</gpxtpx:hr>
          </gpxtpx:TrackPointExtension>
        </extensions>
      </trkpt>
      <trkpt lat="31.2106312193925" lon="121.34814614014583">
        <ele>3.0</ele>
        <time>2026-10-08T10:52:11Z</time>
        <extensions>
          <gpxtpx:TrackPointExtension>
            <gpxtpx:hr>136</gpxtpx:hr>
          </gpxtpx:TrackPointExtension>
        </extensions>
      </trkpt>
      <trkpt lat="31.21067436314873" lon="121.34804833059604">
        <ele>3.200000047683716</ele>
        <time>2026-10-08T10:52:15Z</time>
        <extensions>
          <gpxtpx:TrackPointExtension>
            <gpxtpx:hr>137</gpxtpx:hr>
          </gpxtpx:TrackPointExtension>
        </extensions>
      </trkpt>
      <trkpt lat="31.210724510445154" lon="121.34794652860086">
        <ele>3.0</ele>
        <time>2026-10-08T10:52:19Z</time>
        <extensions>
          <gpxtpx:TrackPointExtension>
            <gpxtpx:hr>138</gpxtpx:hr>
          </gpxtpx:TrackPointExtension>
        </extensions>
      </trkpt>
      <trkpt lat="31.210783635102413" lon="121.34785570420888">
        <ele>2.5999999046325684</ele>
        <time>2026-10-08T10:52:23Z</time>
        <extensions>
          <gpxtpx:TrackPointExtension>
            <gpxtpx:hr>138</gpxtpx:hr>
          </gpxtpx:TrackPointExtension>
        </extensions>
      </trkpt>
      <trkpt lat="31.210877605038707" lon="121.34784671396181">
        <ele>2.0</ele>
        <time>2026-10-08T10:52:27Z</time>
        <extensions>
          <gpxtpx:TrackPointExtension>
            <gpxtpx:hr>138</gpxtpx:hr>
          </gpxtpx:TrackPointExtension>
        </extensions>
      </trkpt>
      <trkpt lat="31.210972500473275" lon="121.34788163621148">
        <ele>1.7999999523162842</ele>
        <time>2026-10-08T10:52:31Z</time>
        <extensions>
          <gpxtpx:TrackPointExtension>
            <gpxtpx:hr>138</gpxtpx:hr>
          </gpxtpx:TrackPointExtension>
        </extensions>
      </trkpt>
      <trkpt lat="31.21106337936708" lon="121.34792753699595">
        <ele>1.7999999523162842</ele>
        <time>2026-10-08T10:52:35Z</time>
        <extensions>
          <gpxtpx:TrackPointExtension>
            <gpxtpx:hr>139</gpxtpx:hr>
          </gpxtpx:TrackPointExtension>
        </extensions>
      </trkpt>
      <trkpt lat="31.21115828159264" lon="121.34795846724803">
        <ele>1.7999999523162842</ele>
        <time>2026-10-08T10:52:39Z</time>
        <extensions>
          <gpxtpx:TrackPointExtension>
            <gpxtpx:hr>139</gpxtpx:hr>
          </gpxtpx:TrackPointExtension>
        </extensions>
      </trkpt>
      <trkpt lat="31.21124424866302" lon="121.34795346973269">
        <ele>1.600000023841858</ele>
        <time>2026-10-08T10:52:43Z</time>
        <extensions>
          <gpxtpx:TrackPointExtension>
            <gpxtpx:hr>139</gpxtpx:hr>
          </gpxtpx:TrackPointExtension>
        </extensions>
      </trkpt>
      <trkpt lat="31.21134620973303" lon="121.34794747281882">
        <ele>1.7999999523162842</ele>
        <time>2026-10-08T10:52:47Z</time>
        <extensions>
          <gpxtpx:TrackPointExtension>
            <gpxtpx:hr>138</gpxtpx:hr>
          </gpxtpx:TrackPointExtension>
        </extensions>
      </trkpt>
      <trkpt lat="31.21143615472677" lon="121.3479544511416">
        <ele>1.7999999523162842</ele>
        <time>2026-10-08T10:52:51Z</time>
        <extensions>
          <gpxtpx:TrackPointExtension>
            <gpxtpx:hr>138</gpxtpx:hr>
          </gpxtpx:TrackPointExtension>
        </extensions>
      </trkpt>
      <trkpt lat="31.211505104774023" lon="121.34796442532853">
        <ele>1.7999999523162842</ele>
        <time>2026-10-08T10:52:55Z</time>
        <extensions>
          <gpxtpx:TrackPointExtension>
            <gpxtpx:hr>136</gpxtpx:hr>
          </gpxtpx:TrackPointExtension>
        </extensions>
      </trkpt>
      <trkpt lat="31.211618040416408" lon="121.34797040364886">
        <ele>1.7999999523162842</ele>
        <time>2026-10-08T10:52:59Z</time>
        <extensions>
          <gpxtpx:TrackPointExtension>
            <gpxtpx:hr>135</gpxtpx:hr>
          </gpxtpx:TrackPointExtension>
        </extensions>
      </trkpt>
      <trkpt lat="31.211723994554898" lon="121.34796740043346">
        <ele>1.7999999523162842</ele>
        <time>2026-10-08T10:53:03Z</time>
        <extensions>
          <gpxtpx:TrackPointExtension>
            <gpxtpx:hr>135</gpxtpx:hr>
          </gpxtpx:TrackPointExtension>
        </extensions>
      </trkpt>
      <trkpt lat="31.211813981594396" lon="121.34794942837077">
        <ele>1.7999999523162842</ele>
        <time>2026-10-08T10:53:07Z</time>
        <extensions>
          <gpxtpx:TrackPointExtension>
            <gpxtpx:hr>135</gpxtpx:hr>
          </gpxtpx:TrackPointExtension>
        </extensions>
      </trkpt>
      <trkpt lat="31.21190696216357" lon="121.3479344501007">
        <ele>1.7999999523162842</ele>
        <time>2026-10-08T10:53:11Z</time>
        <extensions>
          <gpxtpx:TrackPointExtension>
            <gpxtpx:hr>135</gpxtpx:hr>
          </gpxtpx:TrackPointExtension>
        </extensions>
      </trkpt>
      <trkpt lat="31.21199893986164" lon="121.34792146795145">
        <ele>1.7999999523162842</ele>
        <time>2026-10-08T10:53:15Z</time>
        <extensions>
          <gpxtpx:TrackPointExtension>
            <gpxtpx:hr>134</gpxtpx:hr>
          </gpxtpx:TrackPointExtension>
        </extensions>
      </trkpt>
      <trkpt lat="31.212090912525504" lon="121.34791147984915">
        <ele>2.0</ele>
        <time>2026-10-08T10:53:19Z</time>
        <extensions>
          <gpxtpx:TrackPointExtension>
            <gpxtpx:hr>134</gpxtpx:hr>
          </gpxtpx:TrackPointExtension>
        </extensions>
      </trkpt>
      <trkpt lat="31.212187923166034" lon="121.34787753898375">
        <ele>2.0</ele>
        <time>2026-10-08T10:53:23Z</time>
        <extensions>
          <gpxtpx:TrackPointExtension>
            <gpxtpx:hr>133</gpxtpx:hr>
          </gpxtpx:TrackPointExtension>
        </extensions>
      </trkpt>
      <trkpt lat="31.21226597997692" lon="121.34782164351175">
        <ele>2.0</ele>
        <time>2026-10-08T10:53:27Z</time>
        <extensions>
          <gpxtpx:TrackPointExtension>
            <gpxtpx:hr>133</gpxtpx:hr>
          </gpxtpx:TrackPointExtension>
        </extensions>
      </trkpt>
      <trkpt lat="31.212332089774765" lon="121.34773780484913">
        <ele>1.600000023841858</ele>
        <time>2026-10-08T10:53:31Z</time>
        <extensions>
          <gpxtpx:TrackPointExtension>
            <gpxtpx:hr>133</gpxtpx:hr>
          </gpxtpx:TrackPointExtension>
        </extensions>
      </trkpt>
      <trkpt lat="31.212387231968748" lon="121.3476379991655">
        <ele>1.7999999523162842</ele>
        <time>2026-10-08T10:53:35Z</time>
        <extensions>
          <gpxtpx:TrackPointExtension>
            <gpxtpx:hr>134</gpxtpx:hr>
          </gpxtpx:TrackPointExtension>
        </extensions>
      </trkpt>
      <trkpt lat="31.212436372164166" lon="121.3475411882452">
        <ele>2.0</ele>
        <time>2026-10-08T10:53:39Z</time>
        <extensions>
          <gpxtpx:TrackPointExtension>
            <gpxtpx:hr>135</gpxtpx:hr>
          </gpxtpx:TrackPointExtension>
        </extensions>
      </trkpt>
      <trkpt lat="31.21248550915642" lon="121.34744637354497">
        <ele>1.7999999523162842</ele>
        <time>2026-10-08T10:53:43Z</time>
        <extensions>
          <gpxtpx:TrackPointExtension>
            <gpxtpx:hr>134</gpxtpx:hr>
          </gpxtpx:TrackPointExtension>
        </extensions>
      </trkpt>
      <trkpt lat="31.212532645585203" lon="121.34735255722245">
        <ele>1.7999999523162842</ele>
        <time>2026-10-08T10:53:47Z</time>
        <extensions>
          <gpxtpx:TrackPointExtension>
            <gpxtpx:hr>134</gpxtpx:hr>
          </gpxtpx:TrackPointExtension>
        </extensions>
      </trkpt>
      <trkpt lat="31.21257978726053" lon="121.34725574709942">
        <ele>1.7999999523162842</ele>
        <time>2026-10-08T10:53:51Z</time>
        <extensions>
          <gpxtpx:TrackPointExtension>
            <gpxtpx:hr>134</gpxtpx:hr>
          </gpxtpx:TrackPointExtension>
        </extensions>
      </trkpt>
      <trkpt lat="31.21263791027383" lon="121.34716692021487">
        <ele>1.7999999523162842</ele>
        <time>2026-10-08T10:53:55Z</time>
        <extensions>
          <gpxtpx:TrackPointExtension>
            <gpxtpx:hr>135</gpxtpx:hr>
          </gpxtpx:TrackPointExtension>
        </extensions>
      </trkpt>
      <trkpt lat="31.212687041143617" lon="121.34707609829393">
        <ele>1.7999999523162842</ele>
        <time>2026-10-08T10:53:59Z</time>
        <extensions>
          <gpxtpx:TrackPointExtension>
            <gpxtpx:hr>134</gpxtpx:hr>
          </gpxtpx:TrackPointExtension>
        </extensions>
      </trkpt>
      <trkpt lat="31.212745169551948" lon="121.34698427778494">
        <ele>1.7999999523162842</ele>
        <time>2026-10-08T10:54:03Z</time>
        <extensions>
          <gpxtpx:TrackPointExtension>
            <gpxtpx:hr>133</gpxtpx:hr>
          </gpxtpx:TrackPointExtension>
        </extensions>
      </trkpt>
      <trkpt lat="31.212801295675035" lon="121.34689445361897">
        <ele>1.7999999523162842</ele>
        <time>2026-10-08T10:54:07Z</time>
        <extensions>
          <gpxtpx:TrackPointExtension>
            <gpxtpx:hr>132</gpxtpx:hr>
          </gpxtpx:TrackPointExtension>
        </extensions>
      </trkpt>
      <trkpt lat="31.212867395031026" lon="121.34681760263226">
        <ele>1.7999999523162842</ele>
        <time>2026-10-08T10:54:11Z</time>
        <extensions>
          <gpxtpx:TrackPointExtension>
            <gpxtpx:hr>133</gpxtpx:hr>
          </gpxtpx:TrackPointExtension>
        </extensions>
      </trkpt>
      <trkpt lat="31.21294247145191" lon="121.34675172886811">
        <ele>1.7999999523162842</ele>
        <time>2026-10-08T10:54:15Z</time>
        <extensions>
          <gpxtpx:TrackPointExtension>
            <gpxtpx:hr>134</gpxtpx:hr>
          </gpxtpx:TrackPointExtension>
        </extensions>
      </trkpt>
      <trkpt lat="31.21301853725243" lon="121.34669184303485">
        <ele>1.7999999523162842</ele>
        <time>2026-10-08T10:54:19Z</time>
        <extensions>
          <gpxtpx:TrackPointExtension>
            <gpxtpx:hr>135</gpxtpx:hr>
          </gpxtpx:TrackPointExtension>
        </extensions>
      </trkpt>
      <trkpt lat="31.21310058831316" lon="121.34663894266215">
        <ele>1.7999999523162842</ele>
        <time>2026-10-08T10:54:23Z</time>
        <extensions>
          <gpxtpx:TrackPointExtension>
            <gpxtpx:hr>132</gpxtpx:hr>
          </gpxtpx:TrackPointExtension>
        </extensions>
      </trkpt>
      <trkpt lat="31.213193622220665" lon="121.34659302729328">
        <ele>2.0</ele>
        <time>2026-10-08T10:54:27Z</time>
        <extensions>
          <gpxtpx:TrackPointExtension>
            <gpxtpx:hr>131</gpxtpx:hr>
          </gpxtpx:TrackPointExtension>
        </extensions>
      </trkpt>
      <trkpt lat="31.213285641293044" lon="121.34655609391278">
        <ele>1.7999999523162842</ele>
        <time>2026-10-08T10:54:31Z</time>
        <extensions>
          <gpxtpx:TrackPointExtension>
            <gpxtpx:hr>132</gpxtpx:hr>
          </gpxtpx:TrackPointExtension>
        </extensions>
      </trkpt>
      <trkpt lat="31.213372652548273" lon="121.34652514889447">
        <ele>1.600000023841858</ele>
        <time>2026-10-08T10:54:35Z</time>
        <extensions>
          <gpxtpx:TrackPointExtension>
            <gpxtpx:hr>132</gpxtpx:hr>
          </gpxtpx:TrackPointExtension>
        </extensions>
      </trkpt>
      <trkpt lat="31.213461615063483" lon="121.34652214724882">
        <ele>1.7999999523162842</ele>
        <time>2026-10-08T10:54:39Z</time>
        <extensions>
          <gpxtpx:TrackPointExtension>
            <gpxtpx:hr>132</gpxtpx:hr>
          </gpxtpx:TrackPointExtension>
        </extensions>
      </trkpt>
      <trkpt lat="31.21355258516454" lon="121.3465141555144">
        <ele>1.7999999523162842</ele>
        <time>2026-10-08T10:54:43Z</time>
        <extensions>
          <gpxtpx:TrackPointExtension>
            <gpxtpx:hr>132</gpxtpx:hr>
          </gpxtpx:TrackPointExtension>
        </extensions>
      </trkpt>
      <trkpt lat="31.213641559645755" lon="121.34650416798839">
        <ele>1.7999999523162842</ele>
        <time>2026-10-08T10:54:47Z</time>
        <extensions>
          <gpxtpx:TrackPointExtension>
            <gpxtpx:hr>133</gpxtpx:hr>
          </gpxtpx:TrackPointExtension>
        </extensions>
      </trkpt>
      <trkpt lat="31.213739533244823" lon="121.34649218372097">
        <ele>1.7999999523162842</ele>
        <time>2026-10-08T10:54:51Z</time>
        <extensions>
          <gpxtpx:TrackPointExtension>
            <gpxtpx:hr>133</gpxtpx:hr>
          </gpxtpx:TrackPointExtension>
        </extensions>
      </trkpt>
      <trkpt lat="31.213824525028972" lon="121.34647321470443">
        <ele>1.7999999523162842</ele>
        <time>2026-10-08T10:54:55Z</time>
        <extensions>
          <gpxtpx:TrackPointExtension>
            <gpxtpx:hr>133</gpxtpx:hr>
          </gpxtpx:TrackPointExtension>
        </extensions>
      </trkpt>
      <trkpt lat="31.21391950691794" lon="121.34645723877671">
        <ele>1.7999999523162842</ele>
        <time>2026-10-08T10:54:59Z</time>
        <extensions>
          <gpxtpx:TrackPointExtension>
            <gpxtpx:hr>133</gpxtpx:hr>
          </gpxtpx:TrackPointExtension>
        </extensions>
      </trkpt>
      <trkpt lat="31.214021475220747" lon="121.34644725013905">
        <ele>1.7999999523162842</ele>
        <time>2026-10-08T10:55:03Z</time>
        <extensions>
          <gpxtpx:TrackPointExtension>
            <gpxtpx:hr>133</gpxtpx:hr>
          </gpxtpx:TrackPointExtension>
        </extensions>
      </trkpt>
      <trkpt lat="31.214111452689007" lon="121.34643526657828">
        <ele>1.7999999523162842</ele>
        <time>2026-10-08T10:55:07Z</time>
        <extensions>
          <gpxtpx:TrackPointExtension>
            <gpxtpx:hr>132</gpxtpx:hr>
          </gpxtpx:TrackPointExtension>
        </extensions>
      </trkpt>
      <trkpt lat="31.21418744198626" lon="121.34642029028777">
        <ele>1.7999999523162842</ele>
        <time>2026-10-08T10:55:11Z</time>
        <extensions>
          <gpxtpx:TrackPointExtension>
            <gpxtpx:hr>132</gpxtpx:hr>
          </gpxtpx:TrackPointExtension>
        </extensions>
      </trkpt>
      <trkpt lat="31.21428043171301" lon="121.34640032262858">
        <ele>1.7999999523162842</ele>
        <time>2026-10-08T10:55:15Z</time>
        <extensions>
          <gpxtpx:TrackPointExtension>
            <gpxtpx:hr>132</gpxtpx:hr>
          </gpxtpx:TrackPointExtension>
        </extensions>
      </trkpt>
      <trkpt lat="31.214373418035063" lon="121.3463823509386">
        <ele>2.0</ele>
        <time>2026-10-08T10:55:19Z</time>
        <extensions>
          <gpxtpx:TrackPointExtension>
            <gpxtpx:hr>130</gpxtpx:hr>
          </gpxtpx:TrackPointExtension>
        </extensions>
      </trkpt>
      <trkpt lat="31.214470399039236" lon="121.34636637486962">
        <ele>2.0</ele>
        <time>2026-10-08T10:55:23Z</time>
        <extensions>
          <gpxtpx:TrackPointExtension>
            <gpxtpx:hr>129</gpxtpx:hr>
          </gpxtpx:TrackPointExtension>
        </extensions>
      </trkpt>
      <trkpt lat="31.214559375327234" lon="121.34635538939611">
        <ele>1.7999999523162842</ele>
        <time>2026-10-08T10:55:27Z</time>
        <extensions>
          <gpxtpx:TrackPointExtension>
            <gpxtpx:hr>130</gpxtpx:hr>
          </gpxtpx:TrackPointExtension>
        </extensions>
      </trkpt>
      <trkpt lat="31.21465235313419" lon="121.3463424076205">
        <ele>1.7999999523162842</ele>
        <time>2026-10-08T10:55:31Z</time>
        <extensions>
          <gpxtpx:TrackPointExtension>
            <gpxtpx:hr>130</gpxtpx:hr>
          </gpxtpx:TrackPointExtension>
        </extensions>
      </trkpt>
      <trkpt lat="31.214750337116744" lon="121.34632443552083">
        <ele>1.600000023841858</ele>
        <time>2026-10-08T10:55:35Z</time>
        <extensions>
          <gpxtpx:TrackPointExtension>
            <gpxtpx:hr>131</gpxtpx:hr>
          </gpxtpx:TrackPointExtension>
        </extensions>
      </trkpt>
      <trkpt lat="31.214843308102818" lon="121.3463154456691">
        <ele>2.0</ele>
        <time>2026-10-08T10:55:39Z</time>
        <extensions>
          <gpxtpx:TrackPointExtension>
            <gpxtpx:hr>133</gpxtpx:hr>
          </gpxtpx:TrackPointExtension>
        </extensions>
      </trkpt>
      <trkpt lat="31.214926273606483" lon="121.34631244455595">
        <ele>2.0</ele>
        <time>2026-10-08T10:55:43Z</time>
        <extensions>
          <gpxtpx:TrackPointExtension>
            <gpxtpx:hr>132</gpxtpx:hr>
          </gpxtpx:TrackPointExtension>
        </extensions>
      </trkpt>
      <trkpt lat="31.215022243176584" lon="121.34630345444714">
        <ele>2.0</ele>
        <time>2026-10-08T10:55:47Z</time>
        <extensions>
          <gpxtpx:TrackPointExtension>
            <gpxtpx:hr>132</gpxtpx:hr>
          </gpxtpx:TrackPointExtension>
        </extensions>
      </trkpt>
      <trkpt lat="31.215114204398365" lon="121.34630045255656">
        <ele>2.0</ele>
        <time>2026-10-08T10:55:51Z</time>
        <extensions>
          <gpxtpx:TrackPointExtension>
            <gpxtpx:hr>132</gpxtpx:hr>
          </gpxtpx:TrackPointExtension>
        </extensions>
      </trkpt>
      <trkpt lat="31.2152102013679" lon="121.34627549479997">
        <ele>2.0</ele>
        <time>2026-10-08T10:55:55Z</time>
        <extensions>
          <gpxtpx:TrackPointExtension>
            <gpxtpx:hr>132</gpxtpx:hr>
          </gpxtpx:TrackPointExtension>
        </extensions>
      </trkpt>
      <trkpt lat="31.215278305899577" lon="121.34619565075216">
        <ele>2.200000047683716</ele>
        <time>2026-10-08T10:55:59Z</time>
        <extensions>
          <gpxtpx:TrackPointExtension>
            <gpxtpx:hr>132</gpxtpx:hr>
          </gpxtpx:TrackPointExtension>
        </extensions>
      </trkpt>
      <trkpt lat="31.21535042064065" lon="121.3461088206745">
        <ele>2.200000047683716</ele>
        <time>2026-10-08T10:56:03Z</time>
        <extensions>
          <gpxtpx:TrackPointExtension>
            <gpxtpx:hr>132</gpxtpx:hr>
          </gpxtpx:TrackPointExtension>
        </extensions>
      </trkpt>
      <trkpt lat="31.2154334444951" lon="121.34607188846047">
        <ele>2.4000000953674316</ele>
        <time>2026-10-08T10:56:07Z</time>
        <extensions>
          <gpxtpx:TrackPointExtension>
            <gpxtpx:hr>132</gpxtpx:hr>
          </gpxtpx:TrackPointExtension>
        </extensions>
      </trkpt>
      <trkpt lat="31.215528442068873" lon="121.34604693091332">
        <ele>3.0</ele>
        <time>2026-10-08T10:56:11Z</time>
        <extensions>
          <gpxtpx:TrackPointExtension>
            <gpxtpx:hr>132</gpxtpx:hr>
          </gpxtpx:TrackPointExtension>
        </extensions>
      </trkpt>
      <trkpt lat="31.215622448718353" lon="121.34601698360363">
        <ele>3.4000000953674316</ele>
        <time>2026-10-08T10:56:15Z</time>
        <extensions>
          <gpxtpx:TrackPointExtension>
            <gpxtpx:hr>132</gpxtpx:hr>
          </gpxtpx:TrackPointExtension>
        </extensions>
      </trkpt>
      <trkpt lat="31.2157144563447" lon="121.34598703648611">
        <ele>3.799999952316284</ele>
        <time>2026-10-08T10:56:19Z</time>
        <extensions>
          <gpxtpx:TrackPointExtension>
            <gpxtpx:hr>133</gpxtpx:hr>
          </gpxtpx:TrackPointExtension>
        </extensions>
      </trkpt>
      <trkpt lat="31.21580946428126" lon="121.34595609115726">
        <ele>4.199999809265137</ele>
        <time>2026-10-08T10:56:23Z</time>
        <extensions>
          <gpxtpx:TrackPointExtension>
            <gpxtpx:hr>134</gpxtpx:hr>
          </gpxtpx:TrackPointExtension>
        </extensions>
      </trkpt>
      <trkpt lat="31.215906457548407" lon="121.3459331294403">
        <ele>4.199999809265137</ele>
        <time>2026-10-08T10:56:27Z</time>
        <extensions>
          <gpxtpx:TrackPointExtension>
            <gpxtpx:hr>134</gpxtpx:hr>
          </gpxtpx:TrackPointExtension>
        </extensions>
      </trkpt>
      <trkpt lat="31.2159954786977" lon="121.34589619684641">
        <ele>4.199999809265137</ele>
        <time>2026-10-08T10:56:31Z</time>
        <extensions>
          <gpxtpx:TrackPointExtension>
            <gpxtpx:hr>135</gpxtpx:hr>
          </gpxtpx:TrackPointExtension>
        </extensions>
      </trkpt>
      <trkpt lat="31.21608349519771" lon="121.34586225827532">
        <ele>3.5999999046325684</ele>
        <time>2026-10-08T10:56:35Z</time>
        <extensions>
          <gpxtpx:TrackPointExtension>
            <gpxtpx:hr>136</gpxtpx:hr>
          </gpxtpx:TrackPointExtension>
        </extensions>
      </trkpt>
      <trkpt lat="31.21618650457949" lon="121.34582831843183">
        <ele>3.200000047683716</ele>
        <time>2026-10-08T10:56:39Z</time>
        <extensions>
          <gpxtpx:TrackPointExtension>
            <gpxtpx:hr>135</gpxtpx:hr>
          </gpxtpx:TrackPointExtension>
        </extensions>
      </trkpt>
      <trkpt lat="31.216294509889387" lon="121.34579537614822">
        <ele>2.5999999046325684</ele>
        <time>2026-10-08T10:56:43Z</time>
        <extensions>
          <gpxtpx:TrackPointExtension>
            <gpxtpx:hr>135</gpxtpx:hr>
          </gpxtpx:TrackPointExtension>
        </extensions>
      </trkpt>
      <trkpt lat="31.21639447087" lon="121.34579037766395">
        <ele>2.200000047683716</ele>
        <time>2026-10-08T10:56:47Z</time>
        <extensions>
          <gpxtpx:TrackPointExtension>
            <gpxtpx:hr>135</gpxtpx:hr>
          </gpxtpx:TrackPointExtension>
        </extensions>
      </trkpt>
      <trkpt lat="31.21649635695889" lon="121.34582829162899">
        <ele>2.200000047683716</ele>
        <time>2026-10-08T10:56:51Z</time>
        <extensions>
          <gpxtpx:TrackPointExtension>
            <gpxtpx:hr>135</gpxtpx:hr>
          </gpxtpx:TrackPointExtension>
        </extensions>
      </trkpt>
      <trkpt lat="31.216607302402096" lon="121.34582928000017">
        <ele>2.0</ele>
        <time>2026-10-08T10:56:55Z</time>
        <extensions>
          <gpxtpx:TrackPointExtension>
            <gpxtpx:hr>136</gpxtpx:hr>
          </gpxtpx:TrackPointExtension>
        </extensions>
      </trkpt>
      <trkpt lat="31.216724325828483" lon="121.3457833633593">
        <ele>1.7999999523162842</ele>
        <time>2026-10-08T10:56:59Z</time>
        <extensions>
          <gpxtpx:TrackPointExtension>
            <gpxtpx:hr>136</gpxtpx:hr>
          </gpxtpx:TrackPointExtension>
        </extensions>
      </trkpt>
      <trkpt lat="31.21679932626805" lon="121.345762399563">
        <ele>1.7999999523162842</ele>
        <time>2026-10-08T10:57:03Z</time>
        <extensions>
          <gpxtpx:TrackPointExtension>
            <gpxtpx:hr>135</gpxtpx:hr>
          </gpxtpx:TrackPointExtension>
        </extensions>
      </trkpt>
      <trkpt lat="31.216869360077308" lon="121.34572347281365">
        <ele>1.600000023841858</ele>
        <time>2026-10-08T10:57:07Z</time>
        <extensions>
          <gpxtpx:TrackPointExtension>
            <gpxtpx:hr>135</gpxtpx:hr>
          </gpxtpx:TrackPointExtension>
        </extensions>
      </trkpt>
      <trkpt lat="31.216950435181133" lon="121.34565760008809">
        <ele>1.600000023841858</ele>
        <time>2026-10-08T10:57:11Z</time>
        <extensions>
          <gpxtpx:TrackPointExtension>
            <gpxtpx:hr>135</gpxtpx:hr>
          </gpxtpx:TrackPointExtension>
        </extensions>
      </trkpt>
      <trkpt lat="31.217041534911054" lon="121.3455747612143">
        <ele>1.7999999523162842</ele>
        <time>2026-10-08T10:57:15Z</time>
        <extensions>
          <gpxtpx:TrackPointExtension>
            <gpxtpx:hr>136</gpxtpx:hr>
          </gpxtpx:TrackPointExtension>
        </extensions>
      </trkpt>
      <trkpt lat="31.217129591344296" lon="121.34551786974552">
        <ele>2.0</ele>
        <time>2026-10-08T10:57:19Z</time>
        <extensions>
          <gpxtpx:TrackPointExtension>
            <gpxtpx:hr>136</gpxtpx:hr>
          </gpxtpx:TrackPointExtension>
        </extensions>
      </trkpt>
      <trkpt lat="31.217215678130184" lon="121.3454440131888">
        <ele>1.7999999523162842</ele>
        <time>2026-10-08T10:57:23Z</time>
        <extensions>
          <gpxtpx:TrackPointExtension>
            <gpxtpx:hr>136</gpxtpx:hr>
          </gpxtpx:TrackPointExtension>
        </extensions>
      </trkpt>
      <trkpt lat="31.21730969904303" lon="121.34540608258445">
        <ele>1.7999999523162842</ele>
        <time>2026-10-08T10:57:27Z</time>
        <extensions>
          <gpxtpx:TrackPointExtension>
            <gpxtpx:hr>135</gpxtpx:hr>
          </gpxtpx:TrackPointExtension>
        </extensions>
      </trkpt>
      <trkpt lat="31.21739671640609" lon="121.3453721444505">
        <ele>2.0</ele>
        <time>2026-10-08T10:57:31Z</time>
        <extensions>
          <gpxtpx:TrackPointExtension>
            <gpxtpx:hr>135</gpxtpx:hr>
          </gpxtpx:TrackPointExtension>
        </extensions>
      </trkpt>
      <trkpt lat="31.217465744077014" lon="121.34533720993858">
        <ele>2.0</ele>
        <time>2026-10-08T10:57:35Z</time>
        <extensions>
          <gpxtpx:TrackPointExtension>
            <gpxtpx:hr>135</gpxtpx:hr>
          </gpxtpx:TrackPointExtension>
        </extensions>
      </trkpt>
      <trkpt lat="31.21755077799828" lon="121.34529429041038">
        <ele>2.0</ele>
        <time>2026-10-08T10:57:39Z</time>
        <extensions>
          <gpxtpx:TrackPointExtension>
            <gpxtpx:hr>136</gpxtpx:hr>
          </gpxtpx:TrackPointExtension>
        </extensions>
      </trkpt>
      <trkpt lat="31.217626843903403" lon="121.34523540439976">
        <ele>2.0</ele>
        <time>2026-10-08T10:57:43Z</time>
        <extensions>
          <gpxtpx:TrackPointExtension>
            <gpxtpx:hr>135</gpxtpx:hr>
          </gpxtpx:TrackPointExtension>
        </extensions>
      </trkpt>
      <trkpt lat="31.21770987020974" lon="121.34519747491095">
        <ele>2.0</ele>
        <time>2026-10-08T10:57:47Z</time>
        <extensions>
          <gpxtpx:TrackPointExtension>
            <gpxtpx:hr>135</gpxtpx:hr>
          </gpxtpx:TrackPointExtension>
        </extensions>
      </trkpt>
      <trkpt lat="31.217801900926435" lon="121.34515455490187">
        <ele>2.0</ele>
        <time>2026-10-08T10:57:51Z</time>
        <extensions>
          <gpxtpx:TrackPointExtension>
            <gpxtpx:hr>135</gpxtpx:hr>
          </gpxtpx:TrackPointExtension>
        </extensions>
      </trkpt>
      <trkpt lat="31.217901901910288" lon="121.34512660354339">
        <ele>2.0</ele>
        <time>2026-10-08T10:57:55Z</time>
        <extensions>
          <gpxtpx:TrackPointExtension>
            <gpxtpx:hr>134</gpxtpx:hr>
          </gpxtpx:TrackPointExtension>
        </extensions>
      </trkpt>
      <trkpt lat="31.218017886661077" lon="121.34510364058407">
        <ele>2.0</ele>
        <time>2026-10-08T10:57:59Z</time>
        <extensions>
          <gpxtpx:TrackPointExtension>
            <gpxtpx:hr>135</gpxtpx:hr>
          </gpxtpx:TrackPointExtension>
        </extensions>
      </trkpt>
      <trkpt lat="31.21810987416345" lon="121.34508566947478">
        <ele>2.0</ele>
        <time>2026-10-08T10:58:03Z</time>
        <extensions>
          <gpxtpx:TrackPointExtension>
            <gpxtpx:hr>135</gpxtpx:hr>
          </gpxtpx:TrackPointExtension>
        </extensions>
      </trkpt>
      <trkpt lat="31.2181938706725" lon="121.3450647052062">
        <ele>2.0</ele>
        <time>2026-10-08T10:58:07Z</time>
        <extensions>
          <gpxtpx:TrackPointExtension>
            <gpxtpx:hr>135</gpxtpx:hr>
          </gpxtpx:TrackPointExtension>
        </extensions>
      </trkpt>
      <trkpt lat="31.218264869898306" lon="121.34504573797467">
        <ele>2.0</ele>
        <time>2026-10-08T10:58:11Z</time>
        <extensions>
          <gpxtpx:TrackPointExtension>
            <gpxtpx:hr>135</gpxtpx:hr>
          </gpxtpx:TrackPointExtension>
        </extensions>
      </trkpt>
      <trkpt lat="31.218356885168912" lon="121.34501179966175">
        <ele>2.0</ele>
        <time>2026-10-08T10:58:15Z</time>
        <extensions>
          <gpxtpx:TrackPointExtension>
            <gpxtpx:hr>134</gpxtpx:hr>
          </gpxtpx:TrackPointExtension>
        </extensions>
      </trkpt>
      <trkpt lat="31.21845388942526" lon="121.34498285069402">
        <ele>2.0</ele>
        <time>2026-10-08T10:58:19Z</time>
        <extensions>
          <gpxtpx:TrackPointExtension>
            <gpxtpx:hr>135</gpxtpx:hr>
          </gpxtpx:TrackPointExtension>
        </extensions>
      </trkpt>
      <trkpt lat="31.21853990065523" lon="121.34495290474425">
        <ele>2.200000047683716</ele>
        <time>2026-10-08T10:58:23Z</time>
        <extensions>
          <gpxtpx:TrackPointExtension>
            <gpxtpx:hr>135</gpxtpx:hr>
          </gpxtpx:TrackPointExtension>
        </extensions>
      </trkpt>
      <trkpt lat="31.21862192247775" lon="121.34491796941094">
        <ele>2.0</ele>
        <time>2026-10-08T10:58:27Z</time>
        <extensions>
          <gpxtpx:TrackPointExtension>
            <gpxtpx:hr>136</gpxtpx:hr>
          </gpxtpx:TrackPointExtension>
        </extensions>
      </trkpt>
      <trkpt lat="31.21871294700136" lon="121.34487904152961">
        <ele>2.0</ele>
        <time>2026-10-08T10:58:31Z</time>
        <extensions>
          <gpxtpx:TrackPointExtension>
            <gpxtpx:hr>136</gpxtpx:hr>
          </gpxtpx:TrackPointExtension>
        </extensions>
      </trkpt>
      <trkpt lat="31.21880695624644" lon="121.34484809700375">
        <ele>2.0</ele>
        <time>2026-10-08T10:58:35Z</time>
        <extensions>
          <gpxtpx:TrackPointExtension>
            <gpxtpx:hr>136</gpxtpx:hr>
          </gpxtpx:TrackPointExtension>
        </extensions>
      </trkpt>
      <trkpt lat="31.21888899377964" lon="121.34480418021981">
        <ele>2.200000047683716</ele>
        <time>2026-10-08T10:58:39Z</time>
        <extensions>
          <gpxtpx:TrackPointExtension>
            <gpxtpx:hr>137</gpxtpx:hr>
          </gpxtpx:TrackPointExtension>
        </extensions>
      </trkpt>
      <trkpt lat="31.21897405599364" lon="121.34474529402368">
        <ele>2.5999999046325684</ele>
        <time>2026-10-08T10:58:43Z</time>
        <extensions>
          <gpxtpx:TrackPointExtension>
            <gpxtpx:hr>138</gpxtpx:hr>
          </gpxtpx:TrackPointExtension>
        </extensions>
      </trkpt>
      <trkpt lat="31.219060107365628" lon="121.34469239548055">
        <ele>3.0</ele>
        <time>2026-10-08T10:58:47Z</time>
        <extensions>
          <gpxtpx:TrackPointExtension>
            <gpxtpx:hr>138</gpxtpx:hr>
          </gpxtpx:TrackPointExtension>
        </extensions>
      </trkpt>
      <trkpt lat="31.2191341679546" lon="121.34463750214368">
        <ele>3.200000047683716</ele>
        <time>2026-10-08T10:58:51Z</time>
        <extensions>
          <gpxtpx:TrackPointExtension>
            <gpxtpx:hr>137</gpxtpx:hr>
          </gpxtpx:TrackPointExtension>
        </extensions>
      </trkpt>
      <trkpt lat="31.21921523050371" lon="121.34457961443445">
        <ele>3.200000047683716</ele>
        <time>2026-10-08T10:58:55Z</time>
        <extensions>
          <gpxtpx:TrackPointExtension>
            <gpxtpx:hr>137</gpxtpx:hr>
          </gpxtpx:TrackPointExtension>
        </extensions>
      </trkpt>
      <trkpt lat="31.2193042841006" lon="121.34452471992569">
        <ele>3.0</ele>
        <time>2026-10-08T10:58:59Z</time>
        <extensions>
          <gpxtpx:TrackPointExtension>
            <gpxtpx:hr>137</gpxtpx:hr>
          </gpxtpx:TrackPointExtension>
        </extensions>
      </trkpt>
      <trkpt lat="31.21939730450113" lon="121.34448778806305">
        <ele>2.5999999046325684</ele>
        <time>2026-10-08T10:59:03Z</time>
        <extensions>
          <gpxtpx:TrackPointExtension>
            <gpxtpx:hr>136</gpxtpx:hr>
          </gpxtpx:TrackPointExtension>
        </extensions>
      </trkpt>
      <trkpt lat="31.21949132794342" lon="121.34444886026124">
        <ele>2.200000047683716</ele>
        <time>2026-10-08T10:59:07Z</time>
        <extensions>
          <gpxtpx:TrackPointExtension>
            <gpxtpx:hr>137</gpxtpx:hr>
          </gpxtpx:TrackPointExtension>
        </extensions>
      </trkpt>
      <trkpt lat="31.219586392788216" lon="121.34438598186692">
        <ele>2.0</ele>
        <time>2026-10-08T10:59:11Z</time>
        <extensions>
          <gpxtpx:TrackPointExtension>
            <gpxtpx:hr>137</gpxtpx:hr>
          </gpxtpx:TrackPointExtension>
        </extensions>
      </trkpt>
      <trkpt lat="31.219689464387706" lon="121.34431711523516">
        <ele>1.600000023841858</ele>
        <time>2026-10-08T10:59:15Z</time>
        <extensions>
          <gpxtpx:TrackPointExtension>
            <gpxtpx:hr>137</gpxtpx:hr>
          </gpxtpx:TrackPointExtension>
        </extensions>
      </trkpt>
      <trkpt lat="31.219771507604854" lon="121.34427020511079">
        <ele>1.2000000476837158</ele>
        <time>2026-10-08T10:59:19Z</time>
        <extensions>
          <gpxtpx:TrackPointExtension>
            <gpxtpx:hr>136</gpxtpx:hr>
          </gpxtpx:TrackPointExtension>
        </extensions>
      </trkpt>
      <trkpt lat="31.219851520378963" lon="121.34424125804615">
        <ele>0.800000011920929</ele>
        <time>2026-10-08T10:59:23Z</time>
        <extensions>
          <gpxtpx:TrackPointExtension>
            <gpxtpx:hr>137</gpxtpx:hr>
          </gpxtpx:TrackPointExtension>
        </extensions>
      </trkpt>
      <trkpt lat="31.219932558898346" lon="121.34419734188391">
        <ele>0.20000000298023224</ele>
        <time>2026-10-08T10:59:27Z</time>
        <extensions>
          <gpxtpx:TrackPointExtension>
            <gpxtpx:hr>136</gpxtpx:hr>
          </gpxtpx:TrackPointExtension>
        </extensions>
      </trkpt>
      <trkpt lat="31.219999570878283" lon="121.34417238772284">
        <time>2026-10-08T10:59:31Z</time>
        <extensions>
          <gpxtpx:TrackPointExtension>
            <gpxtpx:hr>136</gpxtpx:hr>
          </gpxtpx:TrackPointExtension>
        </extensions>
      </trkpt>
      <trkpt lat="31.22006358778617" lon="121.34414543796531">
        <ele>-0.4000000059604645</ele>
        <time>2026-10-08T10:59:35Z</time>
        <extensions>
          <gpxtpx:TrackPointExtension>
            <gpxtpx:hr>136</gpxtpx:hr>
          </gpxtpx:TrackPointExtension>
        </extensions>
      </trkpt>
      <trkpt lat="31.220165494118596" lon="121.34417137544004">
        <ele>-0.800000011920929</ele>
        <time>2026-10-08T10:59:39Z</time>
        <extensions>
          <gpxtpx:TrackPointExtension>
            <gpxtpx:hr>136</gpxtpx:hr>
          </gpxtpx:TrackPointExtension>
        </extensions>
      </trkpt>
      <trkpt lat="31.22023452789663" lon="121.34413344797818">
        <ele>-1.399999976158142</ele>
        <time>2026-10-08T10:59:43Z</time>
        <extensions>
          <gpxtpx:TrackPointExtension>
            <gpxtpx:hr>136</gpxtpx:hr>
          </gpxtpx:TrackPointExtension>
        </extensions>
      </trkpt>
      <trkpt lat="31.22029562668682" lon="121.34406059359195">
        <ele>-1.600000023841858</ele>
        <time>2026-10-08T10:59:47Z</time>
        <extensions>
          <gpxtpx:TrackPointExtension>
            <gpxtpx:hr>137</gpxtpx:hr>
          </gpxtpx:TrackPointExtension>
        </extensions>
      </trkpt>
      <trkpt lat="31.220339747602907" lon="121.34397975733253">
        <ele>-2.0</ele>
        <time>2026-10-08T10:59:51Z</time>
        <extensions>
          <gpxtpx:TrackPointExtension>
            <gpxtpx:hr>136</gpxtpx:hr>
          </gpxtpx:TrackPointExtension>
        </extensions>
      </trkpt>
      <trkpt lat="31.220551587910215" lon="121.34401366866624">
        <ele>-2.4000000953674316</ele>
        <time>2026-10-08T10:59:55Z</time>
        <extensions>
          <gpxtpx:TrackPointExtension>
            <gpxtpx:hr>136</gpxtpx:hr>
          </gpxtpx:TrackPointExtension>
        </extensions>
      </trkpt>
      <trkpt lat="31.220635548221562" lon="121.34401366140584">
        <ele>-2.5999999046325684</ele>
        <time>2026-10-08T10:59:59Z</time>
        <extensions>
          <gpxtpx:TrackPointExtension>
            <gpxtpx:hr>136</gpxtpx:hr>
          </gpxtpx:TrackPointExtension>
        </extensions>
      </trkpt>
      <trkpt lat="31.220711496571603" lon="121.34402263622049">
        <ele>-2.5999999046325684</ele>
        <time>2026-10-08T11:00:03Z</time>
        <extensions>
          <gpxtpx:TrackPointExtension>
            <gpxtpx:hr>135</gpxtpx:hr>
          </gpxtpx:TrackPointExtension>
        </extensions>
      </trkpt>
      <trkpt lat="31.220778450928275" lon="121.34403061388282">
        <ele>-2.5999999046325684</ele>
        <time>2026-10-08T11:00:07Z</time>
        <extensions>
          <gpxtpx:TrackPointExtension>
            <gpxtpx:hr>135</gpxtpx:hr>
          </gpxtpx:TrackPointExtension>
        </extensions>
      </trkpt>
      <trkpt lat="31.221017287342317" lon="121.34405953325385">
        <ele>-2.4000000953674316</ele>
        <time>2026-10-08T11:00:11Z</time>
        <extensions>
          <gpxtpx:TrackPointExtension>
            <gpxtpx:hr>135</gpxtpx:hr>
          </gpxtpx:TrackPointExtension>
        </extensions>
      </trkpt>
      <trkpt lat="31.22108823633595" lon="121.34406950644102">
        <ele>-2.4000000953674316</ele>
        <time>2026-10-08T11:00:15Z</time>
        <extensions>
          <gpxtpx:TrackPointExtension>
            <gpxtpx:hr>135</gpxtpx:hr>
          </gpxtpx:TrackPointExtension>
        </extensions>
      </trkpt>
      <trkpt lat="31.221151190860173" lon="121.34407848238888">
        <ele>-2.4000000953674316</ele>
        <time>2026-10-08T11:00:19Z</time>
        <extensions>
          <gpxtpx:TrackPointExtension>
            <gpxtpx:hr>136</gpxtpx:hr>
          </gpxtpx:TrackPointExtension>
        </extensions>
      </trkpt>
      <trkpt lat="31.221263403981276" lon="121.34392678716584">
        <ele>-2.200000047683716</ele>
        <time>2026-10-08T11:00:23Z</time>
        <extensions>
          <gpxtpx:TrackPointExtension>
            <gpxtpx:hr>138</gpxtpx:hr>
          </gpxtpx:TrackPointExtension>
        </extensions>
      </trkpt>
      <trkpt lat="31.22137035524467" lon="121.34392577998774">
        <ele>-2.0</ele>
        <time>2026-10-08T11:00:27Z</time>
        <extensions>
          <gpxtpx:TrackPointExtension>
            <gpxtpx:hr>138</gpxtpx:hr>
          </gpxtpx:TrackPointExtension>
        </extensions>
      </trkpt>
      <trkpt lat="31.221477313522712" lon="121.34392078109107">
        <ele>-1.7999999523162842</ele>
        <time>2026-10-08T11:00:31Z</time>
        <extensions>
          <gpxtpx:TrackPointExtension>
            <gpxtpx:hr>139</gpxtpx:hr>
          </gpxtpx:TrackPointExtension>
        </extensions>
      </trkpt>
      <trkpt lat="31.221582339313436" lon="121.3438778610608">
        <ele>-1.399999976158142</ele>
        <time>2026-10-08T11:00:35Z</time>
        <extensions>
          <gpxtpx:TrackPointExtension>
            <gpxtpx:hr>139</gpxtpx:hr>
          </gpxtpx:TrackPointExtension>
        </extensions>
      </trkpt>
      <trkpt lat="31.221664379493586" lon="121.34383294719865">
        <ele>-1.2000000476837158</ele>
        <time>2026-10-08T11:00:39Z</time>
        <extensions>
          <gpxtpx:TrackPointExtension>
            <gpxtpx:hr>139</gpxtpx:hr>
          </gpxtpx:TrackPointExtension>
        </extensions>
      </trkpt>
      <trkpt lat="31.221749420050656" lon="121.3437870351895">
        <ele>-0.6000000238418579</ele>
        <time>2026-10-08T11:00:43Z</time>
        <extensions>
          <gpxtpx:TrackPointExtension>
            <gpxtpx:hr>138</gpxtpx:hr>
          </gpxtpx:TrackPointExtension>
        </extensions>
      </trkpt>
      <trkpt lat="31.221831462061765" lon="121.34374112348057">
        <ele>-0.4000000059604645</ele>
        <time>2026-10-08T11:00:47Z</time>
        <extensions>
          <gpxtpx:TrackPointExtension>
            <gpxtpx:hr>138</gpxtpx:hr>
          </gpxtpx:TrackPointExtension>
        </extensions>
      </trkpt>
      <trkpt lat="31.22191750749125" lon="121.34369221769126">
        <time>2026-10-08T11:00:51Z</time>
        <extensions>
          <gpxtpx:TrackPointExtension>
            <gpxtpx:hr>138</gpxtpx:hr>
          </gpxtpx:TrackPointExtension>
        </extensions>
      </trkpt>
      <trkpt lat="31.222001550396456" lon="121.34364530796955">
        <ele>0.20000000298023224</ele>
        <time>2026-10-08T11:00:55Z</time>
        <extensions>
          <gpxtpx:TrackPointExtension>
            <gpxtpx:hr>139</gpxtpx:hr>
          </gpxtpx:TrackPointExtension>
        </extensions>
      </trkpt>
      <trkpt lat="31.22207860542239" lon="121.34359340927878">
        <ele>0.6000000238418579</ele>
        <time>2026-10-08T11:00:59Z</time>
        <extensions>
          <gpxtpx:TrackPointExtension>
            <gpxtpx:hr>138</gpxtpx:hr>
          </gpxtpx:TrackPointExtension>
        </extensions>
      </trkpt>
      <trkpt lat="31.22216562942917" lon="121.34355647861179">
        <ele>1.0</ele>
        <time>2026-10-08T11:01:03Z</time>
        <extensions>
          <gpxtpx:TrackPointExtension>
            <gpxtpx:hr>139</gpxtpx:hr>
          </gpxtpx:TrackPointExtension>
        </extensions>
      </trkpt>
      <trkpt lat="31.22223570189843" lon="121.34349659724282">
        <ele>1.600000023841858</ele>
        <time>2026-10-08T11:01:07Z</time>
        <extensions>
          <gpxtpx:TrackPointExtension>
            <gpxtpx:hr>140</gpxtpx:hr>
          </gpxtpx:TrackPointExtension>
        </extensions>
      </trkpt>
      <trkpt lat="31.222213898683087" lon="121.34339081958123">
        <ele>1.399999976158142</ele>
        <time>2026-10-08T11:01:11Z</time>
        <extensions>
          <gpxtpx:TrackPointExtension>
            <gpxtpx:hr>140</gpxtpx:hr>
          </gpxtpx:TrackPointExtension>
        </extensions>
      </trkpt>
      <trkpt lat="31.22216408946122" lon="121.34329602164465">
        <ele>1.7999999523162842</ele>
        <time>2026-10-08T11:01:15Z</time>
        <extensions>
          <gpxtpx:TrackPointExtension>
            <gpxtpx:hr>139</gpxtpx:hr>
          </gpxtpx:TrackPointExtension>
        </extensions>
      </trkpt>
      <trkpt lat="31.222108272633424" lon="121.3432072118918">
        <ele>2.0</ele>
        <time>2026-10-08T11:01:19Z</time>
        <extensions>
          <gpxtpx:TrackPointExtension>
            <gpxtpx:hr>140</gpxtpx:hr>
          </gpxtpx:TrackPointExtension>
        </extensions>
      </trkpt>
      <trkpt lat="31.22205043041843" lon="121.34313337117636">
        <ele>2.4000000953674316</ele>
        <time>2026-10-08T11:01:23Z</time>
        <extensions>
          <gpxtpx:TrackPointExtension>
            <gpxtpx:hr>139</gpxtpx:hr>
          </gpxtpx:TrackPointExtension>
        </extensions>
      </trkpt>
      <trkpt lat="31.221973558426132" lon="121.34308148629927">
        <ele>2.799999952316284</ele>
        <time>2026-10-08T11:01:27Z</time>
        <extensions>
          <gpxtpx:TrackPointExtension>
            <gpxtpx:hr>139</gpxtpx:hr>
          </gpxtpx:TrackPointExtension>
        </extensions>
      </trkpt>
      <trkpt lat="31.221888686720966" lon="121.34303159798901">
        <ele>3.4000000953674316</ele>
        <time>2026-10-08T11:01:31Z</time>
        <extensions>
          <gpxtpx:TrackPointExtension>
            <gpxtpx:hr>140</gpxtpx:hr>
          </gpxtpx:TrackPointExtension>
        </extensions>
      </trkpt>
      <trkpt lat="31.221816837186953" lon="121.34296574201659">
        <ele>3.5999999046325684</ele>
        <time>2026-10-08T11:01:35Z</time>
        <extensions>
          <gpxtpx:TrackPointExtension>
            <gpxtpx:hr>140</gpxtpx:hr>
          </gpxtpx:TrackPointExtension>
        </extensions>
      </trkpt>
      <trkpt lat="31.221799061244806" lon="121.34284399851644">
        <ele>3.0</ele>
        <time>2026-10-08T11:01:39Z</time>
        <extensions>
          <gpxtpx:TrackPointExtension>
            <gpxtpx:hr>140</gpxtpx:hr>
          </gpxtpx:TrackPointExtension>
        </extensions>
      </trkpt>
      <trkpt lat="31.221827278000944" lon="121.34271426806136">
        <ele>2.4000000953674316</ele>
        <time>2026-10-08T11:01:43Z</time>
        <extensions>
          <gpxtpx:TrackPointExtension>
            <gpxtpx:hr>139</gpxtpx:hr>
          </gpxtpx:TrackPointExtension>
        </extensions>
      </trkpt>
      <trkpt lat="31.22179747806193" lon="121.3426094905434">
        <ele>1.7999999523162842</ele>
        <time>2026-10-08T11:01:47Z</time>
        <extensions>
          <gpxtpx:TrackPointExtension>
            <gpxtpx:hr>139</gpxtpx:hr>
          </gpxtpx:TrackPointExtension>
        </extensions>
      </trkpt>
      <trkpt lat="31.22172667634357" lon="121.34251669160555">
        <ele>1.7999999523162842</ele>
        <time>2026-10-08T11:01:51Z</time>
        <extensions>
          <gpxtpx:TrackPointExtension>
            <gpxtpx:hr>139</gpxtpx:hr>
          </gpxtpx:TrackPointExtension>
        </extensions>
      </trkpt>
      <trkpt lat="31.221688894684448" lon="121.34240393194739">
        <ele>1.7999999523162842</ele>
        <time>2026-10-08T11:01:55Z</time>
        <extensions>
          <gpxtpx:TrackPointExtension>
            <gpxtpx:hr>138</gpxtpx:hr>
          </gpxtpx:TrackPointExtension>
        </extensions>
      </trkpt>
      <trkpt lat="31.221707093914272" lon="121.34228717608526">
        <ele>1.7999999523162842</ele>
        <time>2026-10-08T11:01:59Z</time>
        <extensions>
          <gpxtpx:TrackPointExtension>
            <gpxtpx:hr>138</gpxtpx:hr>
          </gpxtpx:TrackPointExtension>
        </extensions>
      </trkpt>
      <trkpt lat="31.22172927901423" lon="121.34217740540231">
        <ele>1.7999999523162842</ele>
        <time>2026-10-08T11:02:03Z</time>
        <extensions>
          <gpxtpx:TrackPointExtension>
            <gpxtpx:hr>137</gpxtpx:hr>
          </gpxtpx:TrackPointExtension>
        </extensions>
      </trkpt>
      <trkpt lat="31.221726463622502" lon="121.34207462236135">
        <ele>2.0</ele>
        <time>2026-10-08T11:02:07Z</time>
        <extensions>
          <gpxtpx:TrackPointExtension>
            <gpxtpx:hr>136</gpxtpx:hr>
          </gpxtpx:TrackPointExtension>
        </extensions>
      </trkpt>
      <trkpt lat="31.221706675990177" lon="121.34196086415145">
        <ele>2.0</ele>
        <time>2026-10-08T11:02:11Z</time>
        <extensions>
          <gpxtpx:TrackPointExtension>
            <gpxtpx:hr>136</gpxtpx:hr>
          </gpxtpx:TrackPointExtension>
        </extensions>
      </trkpt>
      <trkpt lat="31.221685887234656" lon="121.34184810414862">
        <ele>1.7999999523162842</ele>
        <time>2026-10-08T11:02:15Z</time>
        <extensions>
          <gpxtpx:TrackPointExtension>
            <gpxtpx:hr>136</gpxtpx:hr>
          </gpxtpx:TrackPointExtension>
        </extensions>
      </trkpt>
      <trkpt lat="31.221676100612772" lon="121.34173135186309">
        <ele>1.600000023841858</ele>
        <time>2026-10-08T11:02:19Z</time>
        <extensions>
          <gpxtpx:TrackPointExtension>
            <gpxtpx:hr>136</gpxtpx:hr>
          </gpxtpx:TrackPointExtension>
        </extensions>
      </trkpt>
      <trkpt lat="31.22170729128179" lon="121.34161659204914">
        <ele>1.600000023841858</ele>
        <time>2026-10-08T11:02:23Z</time>
        <extensions>
          <gpxtpx:TrackPointExtension>
            <gpxtpx:hr>137</gpxtpx:hr>
          </gpxtpx:TrackPointExtension>
        </extensions>
      </trkpt>
      <trkpt lat="31.221768450120404" lon="121.34151180872591">
        <ele>1.600000023841858</ele>
        <time>2026-10-08T11:02:27Z</time>
        <extensions>
          <gpxtpx:TrackPointExtension>
            <gpxtpx:hr>138</gpxtpx:hr>
          </gpxtpx:TrackPointExtension>
        </extensions>
      </trkpt>
      <trkpt lat="31.22181659914659" lon="121.34141600766853">
        <ele>1.399999976158142</ele>
        <time>2026-10-08T11:02:31Z</time>
        <extensions>
          <gpxtpx:TrackPointExtension>
            <gpxtpx:hr>138</gpxtpx:hr>
          </gpxtpx:TrackPointExtension>
        </extensions>
      </trkpt>
      <trkpt lat="31.22180481955366" lon="121.34129626278863">
        <ele>1.600000023841858</ele>
        <time>2026-10-08T11:02:35Z</time>
        <extensions>
          <gpxtpx:TrackPointExtension>
            <gpxtpx:hr>138</gpxtpx:hr>
          </gpxtpx:TrackPointExtension>
        </extensions>
      </trkpt>
      <trkpt lat="31.221723915042162" lon="121.34126433758209">
        <ele>1.399999976158142</ele>
        <time>2026-10-08T11:02:39Z</time>
        <extensions>
          <gpxtpx:TrackPointExtension>
            <gpxtpx:hr>137</gpxtpx:hr>
          </gpxtpx:TrackPointExtension>
        </extensions>
      </trkpt>
      <trkpt lat="31.22162092600531" lon="121.34128530198473">
        <ele>1.399999976158142</ele>
        <time>2026-10-08T11:02:43Z</time>
        <extensions>
          <gpxtpx:TrackPointExtension>
            <gpxtpx:hr>138</gpxtpx:hr>
          </gpxtpx:TrackPointExtension>
        </extensions>
      </trkpt>
      <trkpt lat="31.221524862082138" lon="121.34134618107552">
        <ele>1.399999976158142</ele>
        <time>2026-10-08T11:02:47Z</time>
        <extensions>
          <gpxtpx:TrackPointExtension>
            <gpxtpx:hr>138</gpxtpx:hr>
          </gpxtpx:TrackPointExtension>
        </extensions>
      </trkpt>
      <trkpt lat="31.22143682306878" lon="121.34139109340514">
        <ele>1.399999976158142</ele>
        <time>2026-10-08T11:02:51Z</time>
        <extensions>
          <gpxtpx:TrackPointExtension>
            <gpxtpx:hr>138</gpxtpx:hr>
          </gpxtpx:TrackPointExtension>
        </extensions>
      </trkpt>
      <trkpt lat="31.22133881742608" lon="121.34142004049129">
        <ele>1.2000000476837158</ele>
        <time>2026-10-08T11:02:55Z</time>
        <extensions>
          <gpxtpx:TrackPointExtension>
            <gpxtpx:hr>139</gpxtpx:hr>
          </gpxtpx:TrackPointExtension>
        </extensions>
      </trkpt>
      <trkpt lat="31.22130963443874" lon="121.3415298103124">
        <ele>1.0</ele>
        <time>2026-10-08T11:02:59Z</time>
        <extensions>
          <gpxtpx:TrackPointExtension>
            <gpxtpx:hr>139</gpxtpx:hr>
          </gpxtpx:TrackPointExtension>
        </extensions>
      </trkpt>
      <trkpt lat="31.221297441815313" lon="121.34164057676185">
        <ele>1.0</ele>
        <time>2026-10-08T11:03:03Z</time>
        <extensions>
          <gpxtpx:TrackPointExtension>
            <gpxtpx:hr>137</gpxtpx:hr>
          </gpxtpx:TrackPointExtension>
        </extensions>
      </trkpt>
      <trkpt lat="31.221285252934816" lon="121.34174934764657">
        <ele>1.0</ele>
        <time>2026-10-08T11:03:07Z</time>
        <extensions>
          <gpxtpx:TrackPointExtension>
            <gpxtpx:hr>138</gpxtpx:hr>
          </gpxtpx:TrackPointExtension>
        </extensions>
      </trkpt>
      <trkpt lat="31.22127406731704" lon="121.3418561228699">
        <ele>1.2000000476837158</ele>
        <time>2026-10-08T11:03:11Z</time>
        <extensions>
          <gpxtpx:TrackPointExtension>
            <gpxtpx:hr>137</gpxtpx:hr>
          </gpxtpx:TrackPointExtension>
        </extensions>
      </trkpt>
      <trkpt lat="31.22124888668937" lon="121.34196389739716">
        <ele>1.2000000476837158</ele>
        <time>2026-10-08T11:03:15Z</time>
        <extensions>
          <gpxtpx:TrackPointExtension>
            <gpxtpx:hr>137</gpxtpx:hr>
          </gpxtpx:TrackPointExtension>
        </extensions>
      </trkpt>
      <trkpt lat="31.22123668764032" lon="121.34207865627414">
        <ele>1.2000000476837158</ele>
        <time>2026-10-08T11:03:19Z</time>
        <extensions>
          <gpxtpx:TrackPointExtension>
            <gpxtpx:hr>138</gpxtpx:hr>
          </gpxtpx:TrackPointExtension>
        </extensions>
      </trkpt>
      <trkpt lat="31.221242462513594" lon="121.34220339280537">
        <ele>1.2000000476837158</ele>
        <time>2026-10-08T11:03:23Z</time>
        <extensions>
          <gpxtpx:TrackPointExtension>
            <gpxtpx:hr>138</gpxtpx:hr>
          </gpxtpx:TrackPointExtension>
        </extensions>
      </trkpt>
      <trkpt lat="31.221222274745305" lon="121.34231416126751">
        <ele>1.2000000476837158</ele>
        <time>2026-10-08T11:03:27Z</time>
        <extensions>
          <gpxtpx:TrackPointExtension>
            <gpxtpx:hr>138</gpxtpx:hr>
          </gpxtpx:TrackPointExtension>
        </extensions>
      </trkpt>
      <trkpt lat="31.221195081591425" lon="121.34242992006385">
        <ele>1.0</ele>
        <time>2026-10-08T11:03:31Z</time>
        <extensions>
          <gpxtpx:TrackPointExtension>
            <gpxtpx:hr>138</gpxtpx:hr>
          </gpxtpx:TrackPointExtension>
        </extensions>
      </trkpt>
      <trkpt lat="31.221154912497678" lon="121.34253570119083">
        <ele>1.2000000476837158</ele>
        <time>2026-10-08T11:03:35Z</time>
        <extensions>
          <gpxtpx:TrackPointExtension>
            <gpxtpx:hr>138</gpxtpx:hr>
          </gpxtpx:TrackPointExtension>
        </extensions>
      </trkpt>
      <trkpt lat="31.221113752899438" lon="121.34263649308164">
        <ele>1.0</ele>
        <time>2026-10-08T11:03:39Z</time>
        <extensions>
          <gpxtpx:TrackPointExtension>
            <gpxtpx:hr>138</gpxtpx:hr>
          </gpxtpx:TrackPointExtension>
        </extensions>
      </trkpt>
      <trkpt lat="31.221117554518713" lon="121.34274726034376">
        <ele>1.2000000476837158</ele>
        <time>2026-10-08T11:03:43Z</time>
        <extensions>
          <gpxtpx:TrackPointExtension>
            <gpxtpx:hr>137</gpxtpx:hr>
          </gpxtpx:TrackPointExtension>
        </extensions>
      </trkpt>
      <trkpt lat="31.221107370002493" lon="121.3428540374043">
        <ele>1.600000023841858</ele>
        <time>2026-10-08T11:03:47Z</time>
        <extensions>
          <gpxtpx:TrackPointExtension>
            <gpxtpx:hr>137</gpxtpx:hr>
          </gpxtpx:TrackPointExtension>
        </extensions>
      </trkpt>
      <trkpt lat="31.221094210036576" lon="121.34294784208957">
        <ele>1.7999999523162842</ele>
        <time>2026-10-08T11:03:51Z</time>
        <extensions>
          <gpxtpx:TrackPointExtension>
            <gpxtpx:hr>136</gpxtpx:hr>
          </gpxtpx:TrackPointExtension>
        </extensions>
      </trkpt>
      <trkpt lat="31.221090024778768" lon="121.34305362111664">
        <ele>2.0</ele>
        <time>2026-10-08T11:03:55Z</time>
        <extensions>
          <gpxtpx:TrackPointExtension>
            <gpxtpx:hr>136</gpxtpx:hr>
          </gpxtpx:TrackPointExtension>
        </extensions>
      </trkpt>
      <trkpt lat="31.221080835000482" lon="121.34316339244559">
        <ele>2.4000000953674316</ele>
        <time>2026-10-08T11:03:59Z</time>
        <extensions>
          <gpxtpx:TrackPointExtension>
            <gpxtpx:hr>136</gpxtpx:hr>
          </gpxtpx:TrackPointExtension>
        </extensions>
      </trkpt>
      <trkpt lat="31.221072632606887" lon="121.34328014933574">
        <ele>2.5999999046325684</ele>
        <time>2026-10-08T11:04:03Z</time>
        <extensions>
          <gpxtpx:TrackPointExtension>
            <gpxtpx:hr>136</gpxtpx:hr>
          </gpxtpx:TrackPointExtension>
        </extensions>
      </trkpt>
      <trkpt lat="31.221066445315977" lon="121.34338792503591">
        <ele>3.0</ele>
        <time>2026-10-08T11:04:07Z</time>
        <extensions>
          <gpxtpx:TrackPointExtension>
            <gpxtpx:hr>137</gpxtpx:hr>
          </gpxtpx:TrackPointExtension>
        </extensions>
      </trkpt>
      <trkpt lat="31.221062255504087" lon="121.3434966987056">
        <ele>3.200000047683716</ele>
        <time>2026-10-08T11:04:11Z</time>
        <extensions>
          <gpxtpx:TrackPointExtension>
            <gpxtpx:hr>138</gpxtpx:hr>
          </gpxtpx:TrackPointExtension>
        </extensions>
      </trkpt>
      <trkpt lat="31.22105406952205" lon="121.3436044750236">
        <ele>3.4000000953674316</ele>
        <time>2026-10-08T11:04:15Z</time>
        <extensions>
          <gpxtpx:TrackPointExtension>
            <gpxtpx:hr>139</gpxtpx:hr>
          </gpxtpx:TrackPointExtension>
        </extensions>
      </trkpt>
      <trkpt lat="31.22105087785365" lon="121.3437142469838">
        <ele>4.0</ele>
        <time>2026-10-08T11:04:19Z</time>
        <extensions>
          <gpxtpx:TrackPointExtension>
            <gpxtpx:hr>139</gpxtpx:hr>
          </gpxtpx:TrackPointExtension>
        </extensions>
      </trkpt>
      <trkpt lat="31.221049694195607" lon="121.34381902936533">
        <ele>4.400000095367432</ele>
        <time>2026-10-08T11:04:23Z</time>
        <extensions>
          <gpxtpx:TrackPointExtension>
            <gpxtpx:hr>140</gpxtpx:hr>
          </gpxtpx:TrackPointExtension>
        </extensions>
      </trkpt>
      <trkpt lat="31.221037489640203" lon="121.34393878185783">
        <ele>5.0</ele>
        <time>2026-10-08T11:04:27Z</time>
        <extensions>
          <gpxtpx:TrackPointExtension>
            <gpxtpx:hr>140</gpxtpx:hr>
          </gpxtpx:TrackPointExtension>
        </extensions>
      </trkpt>
      <trkpt lat="31.221030300444355" lon="121.34404855487591">
        <ele>5.400000095367432</ele>
        <time>2026-10-08T11:04:31Z</time>
        <extensions>
          <gpxtpx:TrackPointExtension>
            <gpxtpx:hr>140</gpxtpx:hr>
          </gpxtpx:TrackPointExtension>
        </extensions>
      </trkpt>
      <trkpt lat="31.221027116543528" lon="121.34415433604764">
        <ele>5.599999904632568</ele>
        <time>2026-10-08T11:04:35Z</time>
        <extensions>
          <gpxtpx:TrackPointExtension>
            <gpxtpx:hr>141</gpxtpx:hr>
          </gpxtpx:TrackPointExtension>
        </extensions>
      </trkpt>
      <trkpt lat="31.221018935184137" lon="121.34426011787194">
        <ele>6.199999809265137</ele>
        <time>2026-10-08T11:04:39Z</time>
        <extensions>
          <gpxtpx:TrackPointExtension>
            <gpxtpx:hr>142</gpxtpx:hr>
          </gpxtpx:TrackPointExtension>
        </extensions>
      </trkpt>
      <trkpt lat="31.221011743070818" lon="121.34437188746173">
        <ele>6.199999809265137</ele>
        <time>2026-10-08T11:04:43Z</time>
        <extensions>
          <gpxtpx:TrackPointExtension>
            <gpxtpx:hr>143</gpxtpx:hr>
          </gpxtpx:TrackPointExtension>
        </extensions>
      </trkpt>
      <trkpt lat="31.220993554612885" lon="121.34448465619161">
        <ele>6.599999904632568</ele>
        <time>2026-10-08T11:04:47Z</time>
        <extensions>
          <gpxtpx:TrackPointExtension>
            <gpxtpx:hr>143</gpxtpx:hr>
          </gpxtpx:TrackPointExtension>
        </extensions>
      </trkpt>
      <trkpt lat="31.220977372380634" lon="121.3445934332311">
        <ele>7.0</ele>
        <time>2026-10-08T11:04:51Z</time>
        <extensions>
          <gpxtpx:TrackPointExtension>
            <gpxtpx:hr>143</gpxtpx:hr>
          </gpxtpx:TrackPointExtension>
        </extensions>
      </trkpt>
      <trkpt lat="31.220976181523067" lon="121.34470320715664">
        <ele>7.199999809265137</ele>
        <time>2026-10-08T11:04:55Z</time>
        <extensions>
          <gpxtpx:TrackPointExtension>
            <gpxtpx:hr>142</gpxtpx:hr>
          </gpxtpx:TrackPointExtension>
        </extensions>
      </trkpt>
      <trkpt lat="31.220978990713366" lon="121.34481198303223">
        <ele>7.599999904632568</ele>
        <time>2026-10-08T11:04:59Z</time>
        <extensions>
          <gpxtpx:TrackPointExtension>
            <gpxtpx:hr>143</gpxtpx:hr>
          </gpxtpx:TrackPointExtension>
        </extensions>
      </trkpt>
      <trkpt lat="31.220977796784982" lon="121.3449237533421">
        <ele>8.0</ele>
        <time>2026-10-08T11:05:03Z</time>
        <extensions>
          <gpxtpx:TrackPointExtension>
            <gpxtpx:hr>143</gpxtpx:hr>
          </gpxtpx:TrackPointExtension>
        </extensions>
      </trkpt>
      <trkpt lat="31.220978607320358" lon="121.34503252987817">
        <ele>8.0</ele>
        <time>2026-10-08T11:05:07Z</time>
        <extensions>
          <gpxtpx:TrackPointExtension>
            <gpxtpx:hr>143</gpxtpx:hr>
          </gpxtpx:TrackPointExtension>
        </extensions>
      </trkpt>
      <trkpt lat="31.22097243001577" lon="121.34513631749192">
        <ele>8.399999618530273</ele>
        <time>2026-10-08T11:05:11Z</time>
        <extensions>
          <gpxtpx:TrackPointExtension>
            <gpxtpx:hr>143</gpxtpx:hr>
          </gpxtpx:TrackPointExtension>
        </extensions>
      </trkpt>
      <trkpt lat="31.220954248182814" lon="121.34524609410127">
        <ele>8.600000381469727</ele>
        <time>2026-10-08T11:05:15Z</time>
        <extensions>
          <gpxtpx:TrackPointExtension>
            <gpxtpx:hr>143</gpxtpx:hr>
          </gpxtpx:TrackPointExtension>
        </extensions>
      </trkpt>
      <trkpt lat="31.22094206372182" lon="121.34535587044086">
        <ele>8.600000381469727</ele>
        <time>2026-10-08T11:05:19Z</time>
        <extensions>
          <gpxtpx:TrackPointExtension>
            <gpxtpx:hr>142</gpxtpx:hr>
          </gpxtpx:TrackPointExtension>
        </extensions>
      </trkpt>
      <trkpt lat="31.220929886369323" lon="121.34546165518795">
        <ele>8.800000190734863</ele>
        <time>2026-10-08T11:05:23Z</time>
        <extensions>
          <gpxtpx:TrackPointExtension>
            <gpxtpx:hr>143</gpxtpx:hr>
          </gpxtpx:TrackPointExtension>
        </extensions>
      </trkpt>
      <trkpt lat="31.220914705453957" lon="121.34557043431633">
        <ele>9.0</ele>
        <time>2026-10-08T11:05:27Z</time>
        <extensions>
          <gpxtpx:TrackPointExtension>
            <gpxtpx:hr>142</gpxtpx:hr>
          </gpxtpx:TrackPointExtension>
        </extensions>
      </trkpt>
      <trkpt lat="31.220903528019797" lon="121.34567621945129">
        <ele>9.0</ele>
        <time>2026-10-08T11:05:31Z</time>
        <extensions>
          <gpxtpx:TrackPointExtension>
            <gpxtpx:hr>142</gpxtpx:hr>
          </gpxtpx:TrackPointExtension>
        </extensions>
      </trkpt>
      <trkpt lat="31.220898325585523" lon="121.34579497787993">
        <ele>8.800000190734863</ele>
        <time>2026-10-08T11:05:35Z</time>
        <extensions>
          <gpxtpx:TrackPointExtension>
            <gpxtpx:hr>142</gpxtpx:hr>
          </gpxtpx:TrackPointExtension>
        </extensions>
      </trkpt>
      <trkpt lat="31.220891139802713" lon="121.34590475504947">
        <ele>8.800000190734863</ele>
        <time>2026-10-08T11:05:39Z</time>
        <extensions>
          <gpxtpx:TrackPointExtension>
            <gpxtpx:hr>141</gpxtpx:hr>
          </gpxtpx:TrackPointExtension>
        </extensions>
      </trkpt>
      <trkpt lat="31.22087794676771" lon="121.34602052082775">
        <ele>8.800000190734863</ele>
        <time>2026-10-08T11:05:43Z</time>
        <extensions>
          <gpxtpx:TrackPointExtension>
            <gpxtpx:hr>140</gpxtpx:hr>
          </gpxtpx:TrackPointExtension>
        </extensions>
      </trkpt>
      <trkpt lat="31.220867769692198" lon="121.34612630688507">
        <ele>8.199999809265137</ele>
        <time>2026-10-08T11:05:47Z</time>
        <extensions>
          <gpxtpx:TrackPointExtension>
            <gpxtpx:hr>141</gpxtpx:hr>
          </gpxtpx:TrackPointExtension>
        </extensions>
      </trkpt>
      <trkpt lat="31.220863566010692" lon="121.34624606434217">
        <ele>8.0</ele>
        <time>2026-10-08T11:05:51Z</time>
        <extensions>
          <gpxtpx:TrackPointExtension>
            <gpxtpx:hr>140</gpxtpx:hr>
          </gpxtpx:TrackPointExtension>
        </extensions>
      </trkpt>
      <trkpt lat="31.220851376621404" lon="121.34635983492164">
        <ele>7.800000190734863</ele>
        <time>2026-10-08T11:05:55Z</time>
        <extensions>
          <gpxtpx:TrackPointExtension>
            <gpxtpx:hr>139</gpxtpx:hr>
          </gpxtpx:TrackPointExtension>
        </extensions>
      </trkpt>
      <trkpt lat="31.22084117456303" lon="121.34648059148357">
        <ele>7.199999809265137</ele>
        <time>2026-10-08T11:05:59Z</time>
        <extensions>
          <gpxtpx:TrackPointExtension>
            <gpxtpx:hr>139</gpxtpx:hr>
          </gpxtpx:TrackPointExtension>
        </extensions>
      </trkpt>
      <trkpt lat="31.220833984995295" lon="121.34659336422453">
        <ele>7.0</ele>
        <time>2026-10-08T11:06:03Z</time>
        <extensions>
          <gpxtpx:TrackPointExtension>
            <gpxtpx:hr>138</gpxtpx:hr>
          </gpxtpx:TrackPointExtension>
        </extensions>
      </trkpt>
      <trkpt lat="31.2208217929066" lon="121.34670913163735">
        <ele>6.400000095367432</ele>
        <time>2026-10-08T11:06:07Z</time>
        <extensions>
          <gpxtpx:TrackPointExtension>
            <gpxtpx:hr>138</gpxtpx:hr>
          </gpxtpx:TrackPointExtension>
        </extensions>
      </trkpt>
      <trkpt lat="31.220815601630058" lon="121.34682290284567">
        <ele>6.400000095367432</ele>
        <time>2026-10-08T11:06:11Z</time>
        <extensions>
          <gpxtpx:TrackPointExtension>
            <gpxtpx:hr>137</gpxtpx:hr>
          </gpxtpx:TrackPointExtension>
        </extensions>
      </trkpt>
      <trkpt lat="31.22080940209088" lon="121.34694166430081">
        <ele>5.800000190734863</ele>
        <time>2026-10-08T11:06:15Z</time>
        <extensions>
          <gpxtpx:TrackPointExtension>
            <gpxtpx:hr>137</gpxtpx:hr>
          </gpxtpx:TrackPointExtension>
        </extensions>
      </trkpt>
      <trkpt lat="31.220803207901458" lon="121.34705743208332">
        <ele>5.599999904632568</ele>
        <time>2026-10-08T11:06:19Z</time>
        <extensions>
          <gpxtpx:TrackPointExtension>
            <gpxtpx:hr>138</gpxtpx:hr>
          </gpxtpx:TrackPointExtension>
        </extensions>
      </trkpt>
      <trkpt lat="31.220801015459376" lon="121.3471712038229">
        <ele>5.400000095367432</ele>
        <time>2026-10-08T11:06:23Z</time>
        <extensions>
          <gpxtpx:TrackPointExtension>
            <gpxtpx:hr>139</gpxtpx:hr>
          </gpxtpx:TrackPointExtension>
        </extensions>
      </trkpt>
      <trkpt lat="31.220796814041417" lon="121.34729096402505">
        <ele>5.0</ele>
        <time>2026-10-08T11:06:27Z</time>
        <extensions>
          <gpxtpx:TrackPointExtension>
            <gpxtpx:hr>139</gpxtpx:hr>
          </gpxtpx:TrackPointExtension>
        </extensions>
      </trkpt>
      <trkpt lat="31.220787622014406" lon="121.3474067329705">
        <ele>4.800000190734863</ele>
        <time>2026-10-08T11:06:31Z</time>
        <extensions>
          <gpxtpx:TrackPointExtension>
            <gpxtpx:hr>137</gpxtpx:hr>
          </gpxtpx:TrackPointExtension>
        </extensions>
      </trkpt>
      <trkpt lat="31.220778430236834" lon="121.3475225022181">
        <ele>4.400000095367432</ele>
        <time>2026-10-08T11:06:35Z</time>
        <extensions>
          <gpxtpx:TrackPointExtension>
            <gpxtpx:hr>137</gpxtpx:hr>
          </gpxtpx:TrackPointExtension>
        </extensions>
      </trkpt>
      <trkpt lat="31.220766231693787" lon="121.34764326206884">
        <ele>4.0</ele>
        <time>2026-10-08T11:06:39Z</time>
        <extensions>
          <gpxtpx:TrackPointExtension>
            <gpxtpx:hr>138</gpxtpx:hr>
          </gpxtpx:TrackPointExtension>
        </extensions>
      </trkpt>
      <trkpt lat="31.220750042051453" lon="121.34776003055427">
        <ele>3.4000000953674316</ele>
        <time>2026-10-08T11:06:43Z</time>
        <extensions>
          <gpxtpx:TrackPointExtension>
            <gpxtpx:hr>138</gpxtpx:hr>
          </gpxtpx:TrackPointExtension>
        </extensions>
      </trkpt>
      <trkpt lat="31.22074484747073" lon="121.34787679839954">
        <ele>3.200000047683716</ele>
        <time>2026-10-08T11:06:47Z</time>
        <extensions>
          <gpxtpx:TrackPointExtension>
            <gpxtpx:hr>138</gpxtpx:hr>
          </gpxtpx:TrackPointExtension>
        </extensions>
      </trkpt>
      <trkpt lat="31.22074065099617" lon="121.34799456448728">
        <ele>2.799999952316284</ele>
        <time>2026-10-08T11:06:51Z</time>
        <extensions>
          <gpxtpx:TrackPointExtension>
            <gpxtpx:hr>138</gpxtpx:hr>
          </gpxtpx:TrackPointExtension>
        </extensions>
      </trkpt>
      <trkpt lat="31.220729439638777" lon="121.34812330970884">
        <ele>1.7999999523162842</ele>
        <time>2026-10-08T11:06:55Z</time>
        <extensions>
          <gpxtpx:TrackPointExtension>
            <gpxtpx:hr>137</gpxtpx:hr>
          </gpxtpx:TrackPointExtension>
        </extensions>
      </trkpt>
      <trkpt lat="31.220740208156997" lon="121.34825804154352">
        <ele>1.2000000476837158</ele>
        <time>2026-10-08T11:06:59Z</time>
        <extensions>
          <gpxtpx:TrackPointExtension>
            <gpxtpx:hr>138</gpxtpx:hr>
          </gpxtpx:TrackPointExtension>
        </extensions>
      </trkpt>
      <trkpt lat="31.220799024606997" lon="121.34835085260339">
        <ele>1.0</ele>
        <time>2026-10-08T11:07:03Z</time>
        <extensions>
          <gpxtpx:TrackPointExtension>
            <gpxtpx:hr>138</gpxtpx:hr>
          </gpxtpx:TrackPointExtension>
        </extensions>
      </trkpt>
      <trkpt lat="31.220898943922975" lon="121.3483708044421">
        <ele>0.800000011920929</ele>
        <time>2026-10-08T11:07:07Z</time>
        <extensions>
          <gpxtpx:TrackPointExtension>
            <gpxtpx:hr>137</gpxtpx:hr>
          </gpxtpx:TrackPointExtension>
        </extensions>
      </trkpt>
      <trkpt lat="31.220998916780367" lon="121.3483588194927">
        <ele>0.800000011920929</ele>
        <time>2026-10-08T11:07:11Z</time>
        <extensions>
          <gpxtpx:TrackPointExtension>
            <gpxtpx:hr>137</gpxtpx:hr>
          </gpxtpx:TrackPointExtension>
        </extensions>
      </trkpt>
      <trkpt lat="31.221094951784863" lon="121.34831090603447">
        <ele>0.800000011920929</ele>
        <time>2026-10-08T11:07:15Z</time>
        <extensions>
          <gpxtpx:TrackPointExtension>
            <gpxtpx:hr>137</gpxtpx:hr>
          </gpxtpx:TrackPointExtension>
        </extensions>
      </trkpt>
      <trkpt lat="31.221166055595294" lon="121.34822906204805">
        <ele>0.800000011920929</ele>
        <time>2026-10-08T11:07:19Z</time>
        <extensions>
          <gpxtpx:TrackPointExtension>
            <gpxtpx:hr>138</gpxtpx:hr>
          </gpxtpx:TrackPointExtension>
        </extensions>
      </trkpt>
      <trkpt lat="31.22120520147537" lon="121.34813125267546">
        <ele>0.800000011920929</ele>
        <time>2026-10-08T11:07:23Z</time>
        <extensions>
          <gpxtpx:TrackPointExtension>
            <gpxtpx:hr>138</gpxtpx:hr>
          </gpxtpx:TrackPointExtension>
        </extensions>
      </trkpt>
      <trkpt lat="31.221204400004584" lon="121.34801348665029">
        <ele>0.800000011920929</ele>
        <time>2026-10-08T11:07:27Z</time>
        <extensions>
          <gpxtpx:TrackPointExtension>
            <gpxtpx:hr>138</gpxtpx:hr>
          </gpxtpx:TrackPointExtension>
        </extensions>
      </trkpt>
      <trkpt lat="31.22116060563862" lon="121.34790370877684">
        <ele>0.800000011920929</ele>
        <time>2026-10-08T11:07:31Z</time>
        <extensions>
          <gpxtpx:TrackPointExtension>
            <gpxtpx:hr>139</gpxtpx:hr>
          </gpxtpx:TrackPointExtension>
        </extensions>
      </trkpt>
      <trkpt lat="31.221089778794035" lon="121.34782087983508">
        <ele>0.800000011920929</ele>
        <time>2026-10-08T11:07:35Z</time>
        <extensions>
          <gpxtpx:TrackPointExtension>
            <gpxtpx:hr>139</gpxtpx:hr>
          </gpxtpx:TrackPointExtension>
        </extensions>
      </trkpt>
      <trkpt lat="31.22099090466296" lon="121.34777398185587">
        <ele>0.800000011920929</ele>
        <time>2026-10-08T11:07:39Z</time>
        <extensions>
          <gpxtpx:TrackPointExtension>
            <gpxtpx:hr>140</gpxtpx:hr>
          </gpxtpx:TrackPointExtension>
        </extensions>
      </trkpt>
      <trkpt lat="31.22091205989757" lon="121.34770412797268">
        <ele>0.800000011920929</ele>
        <time>2026-10-08T11:07:43Z</time>
        <extensions>
          <gpxtpx:TrackPointExtension>
            <gpxtpx:hr>140</gpxtpx:hr>
          </gpxtpx:TrackPointExtension>
        </extensions>
      </trkpt>
      <trkpt lat="31.220882251136445" lon="121.34759933969934">
        <ele>0.800000011920929</ele>
        <time>2026-10-08T11:07:47Z</time>
        <extensions>
          <gpxtpx:TrackPointExtension>
            <gpxtpx:hr>140</gpxtpx:hr>
          </gpxtpx:TrackPointExtension>
        </extensions>
      </trkpt>
      <trkpt lat="31.220883451595185" lon="121.34748057692954">
        <ele>0.6000000238418579</ele>
        <time>2026-10-08T11:07:51Z</time>
        <extensions>
          <gpxtpx:TrackPointExtension>
            <gpxtpx:hr>140</gpxtpx:hr>
          </gpxtpx:TrackPointExtension>
        </extensions>
      </trkpt>
      <trkpt lat="31.220898652473462" lon="121.34735782126069">
        <ele>0.6000000238418579</ele>
        <time>2026-10-08T11:07:55Z</time>
        <extensions>
          <gpxtpx:TrackPointExtension>
            <gpxtpx:hr>140</gpxtpx:hr>
          </gpxtpx:TrackPointExtension>
        </extensions>
      </trkpt>
      <trkpt lat="31.22091284224534" lon="121.34724205201022">
        <ele>0.6000000238418579</ele>
        <time>2026-10-08T11:07:59Z</time>
        <extensions>
          <gpxtpx:TrackPointExtension>
            <gpxtpx:hr>140</gpxtpx:hr>
          </gpxtpx:TrackPointExtension>
        </extensions>
      </trkpt>
      <trkpt lat="31.220918031426464" lon="121.347129277828">
        <ele>0.800000011920929</ele>
        <time>2026-10-08T11:08:03Z</time>
        <extensions>
          <gpxtpx:TrackPointExtension>
            <gpxtpx:hr>139</gpxtpx:hr>
          </gpxtpx:TrackPointExtension>
        </extensions>
      </trkpt>
      <trkpt lat="31.220919207447643" lon="121.34702548622253">
        <ele>0.6000000238418579</ele>
        <time>2026-10-08T11:08:07Z</time>
        <extensions>
          <gpxtpx:TrackPointExtension>
            <gpxtpx:hr>139</gpxtpx:hr>
          </gpxtpx:TrackPointExtension>
        </extensions>
      </trkpt>
      <trkpt lat="31.220930392544066" lon="121.34691371005664">
        <ele>0.4000000059604645</ele>
        <time>2026-10-08T11:08:11Z</time>
        <extensions>
          <gpxtpx:TrackPointExtension>
            <gpxtpx:hr>140</gpxtpx:hr>
          </gpxtpx:TrackPointExtension>
        </extensions>
      </trkpt>
      <trkpt lat="31.22094058855341" lon="121.34679594631824">
        <ele>0.4000000059604645</ele>
        <time>2026-10-08T11:08:15Z</time>
        <extensions>
          <gpxtpx:TrackPointExtension>
            <gpxtpx:hr>139</gpxtpx:hr>
          </gpxtpx:TrackPointExtension>
        </extensions>
      </trkpt>
      <trkpt lat="31.220943783006934" lon="121.34668117745042">
        <ele>0.4000000059604645</ele>
        <time>2026-10-08T11:08:19Z</time>
        <extensions>
          <gpxtpx:TrackPointExtension>
            <gpxtpx:hr>139</gpxtpx:hr>
          </gpxtpx:TrackPointExtension>
        </extensions>
      </trkpt>
      <trkpt lat="31.220945979876937" lon="121.3465654109736">
        <ele>0.4000000059604645</ele>
        <time>2026-10-08T11:08:23Z</time>
        <extensions>
          <gpxtpx:TrackPointExtension>
            <gpxtpx:hr>138</gpxtpx:hr>
          </gpxtpx:TrackPointExtension>
        </extensions>
      </trkpt>
      <trkpt lat="31.2209661548223" lon="121.34645762708577">
        <ele>0.4000000059604645</ele>
        <time>2026-10-08T11:08:27Z</time>
        <extensions>
          <gpxtpx:TrackPointExtension>
            <gpxtpx:hr>138</gpxtpx:hr>
          </gpxtpx:TrackPointExtension>
        </extensions>
      </trkpt>
      <trkpt lat="31.22104815198614" lon="121.34643666238114">
        <ele>0.4000000059604645</ele>
        <time>2026-10-08T11:08:31Z</time>
        <extensions>
          <gpxtpx:TrackPointExtension>
            <gpxtpx:hr>138</gpxtpx:hr>
          </gpxtpx:TrackPointExtension>
        </extensions>
      </trkpt>
      <trkpt lat="31.221146138193717" lon="121.34641769226403">
        <ele>0.6000000238418579</ele>
        <time>2026-10-08T11:08:35Z</time>
        <extensions>
          <gpxtpx:TrackPointExtension>
            <gpxtpx:hr>138</gpxtpx:hr>
          </gpxtpx:TrackPointExtension>
        </extensions>
      </trkpt>
      <trkpt lat="31.221243172755926" lon="121.34637077879589">
        <ele>0.20000000298023224</ele>
        <time>2026-10-08T11:08:39Z</time>
        <extensions>
          <gpxtpx:TrackPointExtension>
            <gpxtpx:hr>138</gpxtpx:hr>
          </gpxtpx:TrackPointExtension>
        </extensions>
      </trkpt>
      <trkpt lat="31.22133419822252" lon="121.34633085174711">
        <ele>0.20000000298023224</ele>
        <time>2026-10-08T11:08:43Z</time>
        <extensions>
          <gpxtpx:TrackPointExtension>
            <gpxtpx:hr>138</gpxtpx:hr>
          </gpxtpx:TrackPointExtension>
        </extensions>
      </trkpt>
      <trkpt lat="31.221432227267634" lon="121.34628693221502">
        <ele>0.4000000059604645</ele>
        <time>2026-10-08T11:08:47Z</time>
        <extensions>
          <gpxtpx:TrackPointExtension>
            <gpxtpx:hr>138</gpxtpx:hr>
          </gpxtpx:TrackPointExtension>
        </extensions>
      </trkpt>
      <trkpt lat="31.221527268043268" lon="121.34623702512172">
        <ele>0.20000000298023224</ele>
        <time>2026-10-08T11:08:51Z</time>
        <extensions>
          <gpxtpx:TrackPointExtension>
            <gpxtpx:hr>138</gpxtpx:hr>
          </gpxtpx:TrackPointExtension>
        </extensions>
      </trkpt>
      <trkpt lat="31.221622296879957" lon="121.34619410391423">
        <time>2026-10-08T11:08:55Z</time>
        <extensions>
          <gpxtpx:TrackPointExtension>
            <gpxtpx:hr>138</gpxtpx:hr>
          </gpxtpx:TrackPointExtension>
        </extensions>
      </trkpt>
      <trkpt lat="31.22170732533114" lon="121.34615417753689">
        <time>2026-10-08T11:08:59Z</time>
        <extensions>
          <gpxtpx:TrackPointExtension>
            <gpxtpx:hr>139</gpxtpx:hr>
          </gpxtpx:TrackPointExtension>
        </extensions>
      </trkpt>
      <trkpt lat="31.221799364232304" lon="121.34610626679421">
        <time>2026-10-08T11:09:03Z</time>
        <extensions>
          <gpxtpx:TrackPointExtension>
            <gpxtpx:hr>139</gpxtpx:hr>
          </gpxtpx:TrackPointExtension>
        </extensions>
      </trkpt>
      <trkpt lat="31.22189642484118" lon="121.34604438404611">
        <ele>0.20000000298023224</ele>
        <time>2026-10-08T11:09:07Z</time>
        <extensions>
          <gpxtpx:TrackPointExtension>
            <gpxtpx:hr>139</gpxtpx:hr>
          </gpxtpx:TrackPointExtension>
        </extensions>
      </trkpt>
      <trkpt lat="31.22198543951969" lon="121.34601144325588">
        <ele>0.20000000298023224</ele>
        <time>2026-10-08T11:09:11Z</time>
        <extensions>
          <gpxtpx:TrackPointExtension>
            <gpxtpx:hr>139</gpxtpx:hr>
          </gpxtpx:TrackPointExtension>
        </extensions>
      </trkpt>
      <trkpt lat="31.22206949606975" lon="121.34595554958314">
        <ele>0.20000000298023224</ele>
        <time>2026-10-08T11:09:15Z</time>
        <extensions>
          <gpxtpx:TrackPointExtension>
            <gpxtpx:hr>138</gpxtpx:hr>
          </gpxtpx:TrackPointExtension>
        </extensions>
      </trkpt>
      <trkpt lat="31.22215652377982" lon="121.34591562323699">
        <time>2026-10-08T11:09:19Z</time>
        <extensions>
          <gpxtpx:TrackPointExtension>
            <gpxtpx:hr>138</gpxtpx:hr>
          </gpxtpx:TrackPointExtension>
        </extensions>
      </trkpt>
      <trkpt lat="31.22224155590362" lon="121.34587370115928">
        <time>2026-10-08T11:09:23Z</time>
        <extensions>
          <gpxtpx:TrackPointExtension>
            <gpxtpx:hr>138</gpxtpx:hr>
          </gpxtpx:TrackPointExtension>
        </extensions>
      </trkpt>
      <trkpt lat="31.22232561776602" lon="121.34581481374647">
        <ele>-0.20000000298023224</ele>
        <time>2026-10-08T11:09:27Z</time>
        <extensions>
          <gpxtpx:TrackPointExtension>
            <gpxtpx:hr>138</gpxtpx:hr>
          </gpxtpx:TrackPointExtension>
        </extensions>
      </trkpt>
      <trkpt lat="31.222411659827568" lon="121.34576690386979">
        <ele>-0.20000000298023224</ele>
        <time>2026-10-08T11:09:31Z</time>
        <extensions>
          <gpxtpx:TrackPointExtension>
            <gpxtpx:hr>138</gpxtpx:hr>
          </gpxtpx:TrackPointExtension>
        </extensions>
      </trkpt>
      <trkpt lat="31.22250269097546" lon="121.34572398343944">
        <ele>-0.20000000298023224</ele>
        <time>2026-10-08T11:09:35Z</time>
        <extensions>
          <gpxtpx:TrackPointExtension>
            <gpxtpx:hr>138</gpxtpx:hr>
          </gpxtpx:TrackPointExtension>
        </extensions>
      </trkpt>
      <trkpt lat="31.22259073218457" lon="121.3456760734819">
        <ele>-0.20000000298023224</ele>
        <time>2026-10-08T11:09:39Z</time>
        <extensions>
          <gpxtpx:TrackPointExtension>
            <gpxtpx:hr>137</gpxtpx:hr>
          </gpxtpx:TrackPointExtension>
        </extensions>
      </trkpt>
      <trkpt lat="31.22267479599798" lon="121.34561618835144">
        <ele>-0.20000000298023224</ele>
        <time>2026-10-08T11:09:43Z</time>
        <extensions>
          <gpxtpx:TrackPointExtension>
            <gpxtpx:hr>137</gpxtpx:hr>
          </gpxtpx:TrackPointExtension>
        </extensions>
      </trkpt>
      <trkpt lat="31.222776785907413" lon="121.34559422433209">
        <time>2026-10-08T11:09:47Z</time>
        <extensions>
          <gpxtpx:TrackPointExtension>
            <gpxtpx:hr>138</gpxtpx:hr>
          </gpxtpx:TrackPointExtension>
        </extensions>
      </trkpt>
      <trkpt lat="31.22287279417197" lon="121.34556327917662">
        <time>2026-10-08T11:09:51Z</time>
        <extensions>
          <gpxtpx:TrackPointExtension>
            <gpxtpx:hr>138</gpxtpx:hr>
          </gpxtpx:TrackPointExtension>
        </extensions>
      </trkpt>
      <trkpt lat="31.22296284667582" lon="121.34550838347685">
        <time>2026-10-08T11:09:55Z</time>
        <extensions>
          <gpxtpx:TrackPointExtension>
            <gpxtpx:hr>137</gpxtpx:hr>
          </gpxtpx:TrackPointExtension>
        </extensions>
      </trkpt>
      <trkpt lat="31.223050903630938" lon="121.3454514920924">
        <ele>-0.20000000298023224</ele>
        <time>2026-10-08T11:09:59Z</time>
        <extensions>
          <gpxtpx:TrackPointExtension>
            <gpxtpx:hr>137</gpxtpx:hr>
          </gpxtpx:TrackPointExtension>
        </extensions>
      </trkpt>
      <trkpt lat="31.223138953741206" lon="121.34539859261245">
        <ele>-0.20000000298023224</ele>
        <time>2026-10-08T11:10:03Z</time>
        <extensions>
          <gpxtpx:TrackPointExtension>
            <gpxtpx:hr>138</gpxtpx:hr>
          </gpxtpx:TrackPointExtension>
        </extensions>
      </trkpt>
      <trkpt lat="31.223228971870654" lon="121.3453636562683">
        <ele>-0.20000000298023224</ele>
        <time>2026-10-08T11:10:07Z</time>
        <extensions>
          <gpxtpx:TrackPointExtension>
            <gpxtpx:hr>137</gpxtpx:hr>
          </gpxtpx:TrackPointExtension>
        </extensions>
      </trkpt>
      <trkpt lat="31.223319994741985" lon="121.34532572598977">
        <time>2026-10-08T11:10:11Z</time>
        <extensions>
          <gpxtpx:TrackPointExtension>
            <gpxtpx:hr>137</gpxtpx:hr>
          </gpxtpx:TrackPointExtension>
        </extensions>
      </trkpt>
      <trkpt lat="31.223412013717912" lon="121.34528979156869">
        <ele>-0.20000000298023224</ele>
        <time>2026-10-08T11:10:15Z</time>
        <extensions>
          <gpxtpx:TrackPointExtension>
            <gpxtpx:hr>137</gpxtpx:hr>
          </gpxtpx:TrackPointExtension>
        </extensions>
      </trkpt>
      <trkpt lat="31.223499048907247" lon="121.34524587395732">
        <time>2026-10-08T11:10:19Z</time>
        <extensions>
          <gpxtpx:TrackPointExtension>
            <gpxtpx:hr>136</gpxtpx:hr>
          </gpxtpx:TrackPointExtension>
        </extensions>
      </trkpt>
      <trkpt lat="31.223602107763355" lon="121.34518399181226">
        <time>2026-10-08T11:10:23Z</time>
        <extensions>
          <gpxtpx:TrackPointExtension>
            <gpxtpx:hr>136</gpxtpx:hr>
          </gpxtpx:TrackPointExtension>
        </extensions>
      </trkpt>
      <trkpt lat="31.223694109539448" lon="121.3451580370386">
        <time>2026-10-08T11:10:27Z</time>
        <extensions>
          <gpxtpx:TrackPointExtension>
            <gpxtpx:hr>135</gpxtpx:hr>
          </gpxtpx:TrackPointExtension>
        </extensions>
      </trkpt>
    </trkseg>
  </trk>
</gpx>