<?xml version="1.0" encoding="UTF-8"?>
<gpx xmlns="http://www.topografix.com/GPX/1/1" xmlns:gpxtpx="http://www.garmin.com/xmlschemas/TrackPointExtension/v1" xmlns:xsi="http://www.w3.org/2001/XMLSchema-instance" xsi:schemaLocation="http://www.topografix.com/GPX/1/1 http://www.topografix.com/GPX/1/1/gpx.xsd" version="1.1" creator="gpx.py -- https://github.com/tkrajina/gpxpy">
  <trk>
    <name>gpx from keep</name>
    <type>Run</type>
    <trkseg>
      <trkpt lat="31.224185560342587" lon="121.34534161843027">
        <ele>6.199999809265137</ele>
        <time>2026-09-10T10:25:05Z</time>
        <extensions>
          <gpxtpx:TrackPointExtension>
            <gpxtpx:hr>81</gpxtpx:hr>
          </gpxtpx:TrackPointExtension>
        </extensions>
      </trkpt>
      <trkpt lat="31.22403465886413" lon="121.34532566416152">
        <ele>6.199999809265137</ele>
        <time>2026-09-10T10:25:09Z</time>
        <extensions>
          <gpxtpx:TrackPointExtension>
            <gpxtpx:hr>87</gpxtpx:hr>
          </gpxtpx:TrackPointExtension>
        </extensions>
      </trkpt>
      <trkpt lat="31.224051391874358" lon="121.34547535658466">
        <ele>5.599999904632568</ele>
        <time>2026-09-10T10:25:13Z</time>
        <extensions>
          <gpxtpx:TrackPointExtension>
            <gpxtpx:hr>92</gpxtpx:hr>
          </gpxtpx:TrackPointExtension>
        </extensions>
      </trkpt>
      <trkpt lat="31.224061344049222" lon="121.34550030474745">
        <ele>6.0</ele>
        <time>2026-09-10T10:25:17Z</time>
        <extensions>
          <gpxtpx:TrackPointExtension>
            <gpxtpx:hr>96</gpxtpx:hr>
          </gpxtpx:TrackPointExtension>
        </extensions>
      </trkpt>
      <trkpt lat="31.22406136647596" lon="121.34548733125149">
        <ele>5.599999904632568</ele>
        <time>2026-09-10T10:25:21Z</time>
        <extensions>
          <gpxtpx:TrackPointExtension>
            <gpxtpx:hr>100</gpxtpx:hr>
          </gpxtpx:TrackPointExtension>
        </extensions>
      </trkpt>
      <trkpt lat="31.2239733267206" lon="121.34553424305592">
        <ele>5.800000190734863</ele>
        <time>2026-09-10T10:25:25Z</time>
        <extensions>
          <gpxtpx:TrackPointExtension>
            <gpxtpx:hr>103</gpxtpx:hr>
          </gpxtpx:TrackPointExtension>
        </extensions>
      </trkpt>
      <trkpt lat="31.224009361560217" lon="121.34550430108992">
        <ele>6.199999809265137</ele>
        <time>2026-09-10T10:25:29Z</time>
        <extensions>
          <gpxtpx:TrackPointExtension>
            <gpxtpx:hr>108</gpxtpx:hr>
          </gpxtpx:TrackPointExtension>
        </extensions>
      </trkpt>
      <trkpt lat="31.223997380994035" lon="121.34549631843676">
        <ele>6.400000095367432</ele>
        <time>2026-09-10T10:25:33Z</time>
        <extensions>
          <gpxtpx:TrackPointExtension>
            <gpxtpx:hr>111</gpxtpx:hr>
          </gpxtpx:TrackPointExtension>
        </extensions>
      </trkpt>
      <trkpt lat="31.224024537459478" lon="121.34539851599614">
        <ele>6.599999904632568</ele>
        <time>2026-09-10T10:25:37Z</time>
        <extensions>
          <gpxtpx:TrackPointExtension>
            <gpxtpx:hr>111</gpxtpx:hr>
          </gpxtpx:TrackPointExtension>
        </extensions>
      </trkpt>
      <trkpt lat="31.223975639912798" lon="121.34535261412996">
        <ele>6.599999904632568</ele>
        <time>2026-09-10T10:25:41Z</time>
        <extensions>
          <gpxtpx:TrackPointExtension>
            <gpxtpx:hr>110</gpxtpx:hr>
          </gpxtpx:TrackPointExtension>
        </extensions>
      </trkpt>
      <trkpt lat="31.223932660101877" lon="121.34535261784836">
        <ele>6.400000095367432</ele>
        <time>2026-09-10T10:25:45Z</time>
        <extensions>
          <gpxtpx:TrackPointExtension>
            <gpxtpx:hr>112</gpxtpx:hr>
          </gpxtpx:TrackPointExtension>
        </extensions>
      </trkpt>
      <trkpt lat="31.223881692687144" lon="121.34534763246732">
        <ele>6.400000095367432</ele>
        <time>2026-09-10T10:25:49Z</time>
        <extensions>
          <gpxtpx:TrackPointExtension>
            <gpxtpx:hr>111</gpxtpx:hr>
          </gpxtpx:TrackPointExtension>
        </extensions>
      </trkpt>
      <trkpt lat="31.22386373396776" lon="121.34532867282189">
        <ele>6.599999904632568</ele>
        <time>2026-09-10T10:25:53Z</time>
        <extensions>
          <gpxtpx:TrackPointExtension>
            <gpxtpx:hr>111</gpxtpx:hr>
          </gpxtpx:TrackPointExtension>
        </extensions>
      </trkpt>
      <trkpt lat="31.22385779036009" lon="121.34529773665878">
        <ele>6.400000095367432</ele>
        <time>2026-09-10T10:25:57Z</time>
        <extensions>
          <gpxtpx:TrackPointExtension>
            <gpxtpx:hr>110</gpxtpx:hr>
          </gpxtpx:TrackPointExtension>
        </extensions>
      </trkpt>
      <trkpt lat="31.223944830765642" lon="121.34525082517177">
        <ele>6.599999904632568</ele>
        <time>2026-09-10T10:26:01Z</time>
        <extensions>
          <gpxtpx:TrackPointExtension>
            <gpxtpx:hr>109</gpxtpx:hr>
          </gpxtpx:TrackPointExtension>
        </extensions>
      </trkpt>
      <trkpt lat="31.224057843440082" lon="121.34521289308">
        <ele>6.400000095367432</ele>
        <time>2026-09-10T10:26:05Z</time>
        <extensions>
          <gpxtpx:TrackPointExtension>
            <gpxtpx:hr>111</gpxtpx:hr>
          </gpxtpx:TrackPointExtension>
        </extensions>
      </trkpt>
      <trkpt lat="31.224191839372608" lon="121.34517895102081">
        <ele>6.599999904632568</ele>
        <time>2026-09-10T10:26:09Z</time>
        <extensions>
          <gpxtpx:TrackPointExtension>
            <gpxtpx:hr>117</gpxtpx:hr>
          </gpxtpx:TrackPointExtension>
        </extensions>
      </trkpt>
      <trkpt lat="31.224315814068355" lon="121.34515997916264">
        <ele>6.400000095367432</ele>
        <time>2026-09-10T10:26:13Z</time>
        <extensions>
          <gpxtpx:TrackPointExtension>
            <gpxtpx:hr>122</gpxtpx:hr>
          </gpxtpx:TrackPointExtension>
        </extensions>
      </trkpt>
      <trkpt lat="31.22443975762616" lon="121.34515897048587">
        <ele>6.400000095367432</ele>
        <time>2026-09-10T10:26:17Z</time>
        <extensions>
          <gpxtpx:TrackPointExtension>
            <gpxtpx:hr>126</gpxtpx:hr>
          </gpxtpx:TrackPointExtension>
        </extensions>
      </trkpt>
      <trkpt lat="31.2245607303003" lon="121.3451419948028">
        <ele>6.199999809265137</ele>
        <time>2026-09-10T10:26:21Z</time>
        <extensions>
          <gpxtpx:TrackPointExtension>
            <gpxtpx:hr>130</gpxtpx:hr>
          </gpxtpx:TrackPointExtension>
        </extensions>
      </trkpt>
      <trkpt lat="31.224684675616565" lon="121.34513998817243">
        <ele>5.599999904632568</ele>
        <time>2026-09-10T10:26:25Z</time>
        <extensions>
          <gpxtpx:TrackPointExtension>
            <gpxtpx:hr>133</gpxtpx:hr>
          </gpxtpx:TrackPointExtension>
        </extensions>
      </trkpt>
      <trkpt lat="31.22479063457792" lon="121.34513498923717">
        <ele>5.400000095367432</ele>
        <time>2026-09-10T10:26:29Z</time>
        <extensions>
          <gpxtpx:TrackPointExtension>
            <gpxtpx:hr>136</gpxtpx:hr>
          </gpxtpx:TrackPointExtension>
        </extensions>
      </trkpt>
      <trkpt lat="31.224855550449533" lon="121.34516592019382">
        <ele>6.199999809265137</ele>
        <time>2026-09-10T10:26:33Z</time>
        <extensions>
          <gpxtpx:TrackPointExtension>
            <gpxtpx:hr>137</gpxtpx:hr>
          </gpxtpx:TrackPointExtension>
        </extensions>
      </trkpt>
      <trkpt lat="31.224961398688315" lon="121.34522479037439">
        <ele>6.599999904632568</ele>
        <time>2026-09-10T10:26:37Z</time>
        <extensions>
          <gpxtpx:TrackPointExtension>
            <gpxtpx:hr>138</gpxtpx:hr>
          </gpxtpx:TrackPointExtension>
        </extensions>
      </trkpt>
      <trkpt lat="31.225076246236735" lon="121.34528166393423">
        <ele>6.400000095367432</ele>
        <time>2026-09-10T10:26:41Z</time>
        <extensions>
          <gpxtpx:TrackPointExtension>
            <gpxtpx:hr>138</gpxtpx:hr>
          </gpxtpx:TrackPointExtension>
        </extensions>
      </trkpt>
      <trkpt lat="31.225178196724055" lon="121.34528265307041">
        <ele>6.400000095367432</ele>
        <time>2026-09-10T10:26:45Z</time>
        <extensions>
          <gpxtpx:TrackPointExtension>
            <gpxtpx:hr>139</gpxtpx:hr>
          </gpxtpx:TrackPointExtension>
        </extensions>
      </trkpt>
      <trkpt lat="31.225274309144464" lon="121.34519183078302">
        <ele>6.199999809265137</ele>
        <time>2026-09-10T10:26:49Z</time>
        <extensions>
          <gpxtpx:TrackPointExtension>
            <gpxtpx:hr>139</gpxtpx:hr>
          </gpxtpx:TrackPointExtension>
        </extensions>
      </trkpt>
      <trkpt lat="31.22531452068725" lon="121.34505909949692">
        <ele>5.800000190734863</ele>
        <time>2026-09-10T10:26:53Z</time>
        <extensions>
          <gpxtpx:TrackPointExtension>
            <gpxtpx:hr>141</gpxtpx:hr>
          </gpxtpx:TrackPointExtension>
        </extensions>
      </trkpt>
      <trkpt lat="31.225297748812874" lon="121.34493236119832">
        <ele>5.800000190734863</ele>
        <time>2026-09-10T10:26:57Z</time>
        <extensions>
          <gpxtpx:TrackPointExtension>
            <gpxtpx:hr>141</gpxtpx:hr>
          </gpxtpx:TrackPointExtension>
        </extensions>
      </trkpt>
      <trkpt lat="31.22527787964499" lon="121.34486250650238">
        <ele>5.800000190734863</ele>
        <time>2026-09-10T10:27:01Z</time>
        <extensions>
          <gpxtpx:TrackPointExtension>
            <gpxtpx:hr>142</gpxtpx:hr>
          </gpxtpx:TrackPointExtension>
        </extensions>
      </trkpt>
      <trkpt lat="31.225291952953004" lon="121.34481659969492">
        <ele>5.800000190734863</ele>
        <time>2026-09-10T10:27:05Z</time>
        <extensions>
          <gpxtpx:TrackPointExtension>
            <gpxtpx:hr>141</gpxtpx:hr>
          </gpxtpx:TrackPointExtension>
        </extensions>
      </trkpt>
      <trkpt lat="31.225289967782743" lon="121.34480861629014">
        <ele>6.0</ele>
        <time>2026-09-10T10:27:09Z</time>
        <extensions>
          <gpxtpx:TrackPointExtension>
            <gpxtpx:hr>139</gpxtpx:hr>
          </gpxtpx:TrackPointExtension>
        </extensions>
      </trkpt>
      <trkpt lat="31.225289967782743" lon="121.34480861629014">
        <ele>5.800000190734863</ele>
        <time>2026-09-10T10:27:13Z</time>
        <extensions>
          <gpxtpx:TrackPointExtension>
            <gpxtpx:hr>137</gpxtpx:hr>
          </gpxtpx:TrackPointExtension>
        </extensions>
      </trkpt>
      <trkpt lat="31.225276028185128" lon="121.34477768114925">
        <ele>5.599999904632568</ele>
        <time>2026-09-10T10:27:17Z</time>
        <extensions>
          <gpxtpx:TrackPointExtension>
            <gpxtpx:hr>135</gpxtpx:hr>
          </gpxtpx:TrackPointExtension>
        </extensions>
      </trkpt>
      <trkpt lat="31.225276028185128" lon="121.34477768114925">
        <ele>5.599999904632568</ele>
        <time>2026-09-10T10:27:21Z</time>
        <extensions>
          <gpxtpx:TrackPointExtension>
            <gpxtpx:hr>133</gpxtpx:hr>
          </gpxtpx:TrackPointExtension>
        </extensions>
      </trkpt>
      <trkpt lat="31.225266062403623" lon="121.34476071692619">
        <ele>5.400000095367432</ele>
        <time>2026-09-10T10:27:25Z</time>
        <extensions>
          <gpxtpx:TrackPointExtension>
            <gpxtpx:hr>131</gpxtpx:hr>
          </gpxtpx:TrackPointExtension>
        </extensions>
      </trkpt>
      <trkpt lat="31.22525909522193" lon="121.34474375244956">
        <ele>5.400000095367432</ele>
        <time>2026-09-10T10:27:29Z</time>
        <extensions>
          <gpxtpx:TrackPointExtension>
            <gpxtpx:hr>125</gpxtpx:hr>
          </gpxtpx:TrackPointExtension>
        </extensions>
      </trkpt>
      <trkpt lat="31.225239294105236" lon="121.34463497820354">
        <ele>5.199999809265137</ele>
        <time>2026-09-10T10:27:33Z</time>
        <extensions>
          <gpxtpx:TrackPointExtension>
            <gpxtpx:hr>121</gpxtpx:hr>
          </gpxtpx:TrackPointExtension>
        </extensions>
      </trkpt>
      <trkpt lat="31.225244363099925" lon="121.34459406209908">
        <ele>5.400000095367432</ele>
        <time>2026-09-10T10:27:37Z</time>
        <extensions>
          <gpxtpx:TrackPointExtension>
            <gpxtpx:hr>121</gpxtpx:hr>
          </gpxtpx:TrackPointExtension>
        </extensions>
      </trkpt>
      <trkpt lat="31.22525740574475" lon="121.34456611858415">
        <ele>5.800000190734863</ele>
        <time>2026-09-10T10:27:41Z</time>
        <extensions>
          <gpxtpx:TrackPointExtension>
            <gpxtpx:hr>118</gpxtpx:hr>
          </gpxtpx:TrackPointExtension>
        </extensions>
      </trkpt>
      <trkpt lat="31.225265428110472" lon="121.34455114876093">
        <ele>6.0</ele>
        <time>2026-09-10T10:27:45Z</time>
        <extensions>
          <gpxtpx:TrackPointExtension>
            <gpxtpx:hr>116</gpxtpx:hr>
          </gpxtpx:TrackPointExtension>
        </extensions>
      </trkpt>
      <trkpt lat="31.22525943788454" lon="121.34454715751204">
        <ele>5.599999904632568</ele>
        <time>2026-09-10T10:27:49Z</time>
        <extensions>
          <gpxtpx:TrackPointExtension>
            <gpxtpx:hr>110</gpxtpx:hr>
          </gpxtpx:TrackPointExtension>
        </extensions>
      </trkpt>
      <trkpt lat="31.225244453615257" lon="121.34454216909982">
        <ele>5.400000095367432</ele>
        <time>2026-09-10T10:27:53Z</time>
        <extensions>
          <gpxtpx:TrackPointExtension>
            <gpxtpx:hr>108</gpxtpx:hr>
          </gpxtpx:TrackPointExtension>
        </extensions>
      </trkpt>
      <trkpt lat="31.225244453615257" lon="121.34454216909982">
        <ele>5.599999904632568</ele>
        <time>2026-09-10T10:27:57Z</time>
        <extensions>
          <gpxtpx:TrackPointExtension>
            <gpxtpx:hr>106</gpxtpx:hr>
          </gpxtpx:TrackPointExtension>
        </extensions>
      </trkpt>
      <trkpt lat="31.225220471820855" lon="121.34453817940792">
        <ele>5.599999904632568</ele>
        <time>2026-09-10T10:28:01Z</time>
        <extensions>
          <gpxtpx:TrackPointExtension>
            <gpxtpx:hr>104</gpxtpx:hr>
          </gpxtpx:TrackPointExtension>
        </extensions>
      </trkpt>
      <trkpt lat="31.225157564023824" lon="121.34450225896677">
        <ele>5.599999904632568</ele>
        <time>2026-09-10T10:28:05Z</time>
        <extensions>
          <gpxtpx:TrackPointExtension>
            <gpxtpx:hr>92</gpxtpx:hr>
          </gpxtpx:TrackPointExtension>
        </extensions>
      </trkpt>
      <trkpt lat="31.22513764133399" lon="121.34446334101293">
        <ele>5.599999904632568</ele>
        <time>2026-09-10T10:28:09Z</time>
        <extensions>
          <gpxtpx:TrackPointExtension>
            <gpxtpx:hr>91</gpxtpx:hr>
          </gpxtpx:TrackPointExtension>
        </extensions>
      </trkpt>
      <trkpt lat="31.22517293883399" lon="121.34428370907185">
        <ele>5.800000190734863</ele>
        <time>2026-09-10T10:28:13Z</time>
        <extensions>
          <gpxtpx:TrackPointExtension>
            <gpxtpx:hr>90</gpxtpx:hr>
          </gpxtpx:TrackPointExtension>
        </extensions>
      </trkpt>
      <trkpt lat="31.225191253564137" lon="121.34409908957467">
        <ele>6.199999809265137</ele>
        <time>2026-09-10T10:28:17Z</time>
        <extensions>
          <gpxtpx:TrackPointExtension>
            <gpxtpx:hr>93</gpxtpx:hr>
          </gpxtpx:TrackPointExtension>
        </extensions>
      </trkpt>
      <trkpt lat="31.22520347535893" lon="121.34396935741213">
        <ele>6.199999809265137</ele>
        <time>2026-09-10T10:28:21Z</time>
        <extensions>
          <gpxtpx:TrackPointExtension>
            <gpxtpx:hr>93</gpxtpx:hr>
          </gpxtpx:TrackPointExtension>
        </extensions>
      </trkpt>
      <trkpt lat="31.22520874627165" lon="121.3438136800635">
        <ele>6.199999809265137</ele>
        <time>2026-09-10T10:28:25Z</time>
        <extensions>
          <gpxtpx:TrackPointExtension>
            <gpxtpx:hr>94</gpxtpx:hr>
          </gpxtpx:TrackPointExtension>
        </extensions>
      </trkpt>
      <trkpt lat="31.225201042968738" lon="121.343647027141">
        <ele>6.400000095367432</ele>
        <time>2026-09-10T10:28:29Z</time>
        <extensions>
          <gpxtpx:TrackPointExtension>
            <gpxtpx:hr>98</gpxtpx:hr>
          </gpxtpx:TrackPointExtension>
        </extensions>
      </trkpt>
      <trkpt lat="31.22517937479396" lon="121.34346440922886">
        <ele>6.400000095367432</ele>
        <time>2026-09-10T10:28:33Z</time>
        <extensions>
          <gpxtpx:TrackPointExtension>
            <gpxtpx:hr>102</gpxtpx:hr>
          </gpxtpx:TrackPointExtension>
        </extensions>
      </trkpt>
      <trkpt lat="31.22516661136338" lon="121.34333368289882">
        <ele>7.0</ele>
        <time>2026-09-10T10:28:37Z</time>
        <extensions>
          <gpxtpx:TrackPointExtension>
            <gpxtpx:hr>107</gpxtpx:hr>
          </gpxtpx:TrackPointExtension>
        </extensions>
      </trkpt>
      <trkpt lat="31.22518186857122" lon="121.34318399407626">
        <ele>7.599999904632568</ele>
        <time>2026-09-10T10:28:41Z</time>
        <extensions>
          <gpxtpx:TrackPointExtension>
            <gpxtpx:hr>111</gpxtpx:hr>
          </gpxtpx:TrackPointExtension>
        </extensions>
      </trkpt>
      <trkpt lat="31.225186173642218" lon="121.34301035672884">
        <ele>8.399999618530273</ele>
        <time>2026-09-10T10:28:45Z</time>
        <extensions>
          <gpxtpx:TrackPointExtension>
            <gpxtpx:hr>115</gpxtpx:hr>
          </gpxtpx:TrackPointExtension>
        </extensions>
      </trkpt>
      <trkpt lat="31.2251854620692" lon="121.34284769737641">
        <ele>8.800000190734863</ele>
        <time>2026-09-10T10:28:49Z</time>
        <extensions>
          <gpxtpx:TrackPointExtension>
            <gpxtpx:hr>119</gpxtpx:hr>
          </gpxtpx:TrackPointExtension>
        </extensions>
      </trkpt>
      <trkpt lat="31.225179760321044" lon="121.34268104732199">
        <ele>8.800000190734863</ele>
        <time>2026-09-10T10:28:53Z</time>
        <extensions>
          <gpxtpx:TrackPointExtension>
            <gpxtpx:hr>123</gpxtpx:hr>
          </gpxtpx:TrackPointExtension>
        </extensions>
      </trkpt>
      <trkpt lat="31.225174023536596" lon="121.34253435584269">
        <ele>8.800000190734863</ele>
        <time>2026-09-10T10:28:57Z</time>
        <extensions>
          <gpxtpx:TrackPointExtension>
            <gpxtpx:hr>128</gpxtpx:hr>
          </gpxtpx:TrackPointExtension>
        </extensions>
      </trkpt>
      <trkpt lat="31.225178301912152" lon="121.34237668698498">
        <ele>8.399999618530273</ele>
        <time>2026-09-10T10:29:01Z</time>
        <extensions>
          <gpxtpx:TrackPointExtension>
            <gpxtpx:hr>131</gpxtpx:hr>
          </gpxtpx:TrackPointExtension>
        </extensions>
      </trkpt>
      <trkpt lat="31.225173584871765" lon="121.3422190193553">
        <ele>8.0</ele>
        <time>2026-09-10T10:29:05Z</time>
        <extensions>
          <gpxtpx:TrackPointExtension>
            <gpxtpx:hr>134</gpxtpx:hr>
          </gpxtpx:TrackPointExtension>
        </extensions>
      </trkpt>
      <trkpt lat="31.225174836915517" lon="121.34207731797453">
        <ele>7.800000190734863</ele>
        <time>2026-09-10T10:29:09Z</time>
        <extensions>
          <gpxtpx:TrackPointExtension>
            <gpxtpx:hr>137</gpxtpx:hr>
          </gpxtpx:TrackPointExtension>
        </extensions>
      </trkpt>
      <trkpt lat="31.225164116250422" lon="121.34192364327828">
        <ele>7.599999904632568</ele>
        <time>2026-09-10T10:29:13Z</time>
        <extensions>
          <gpxtpx:TrackPointExtension>
            <gpxtpx:hr>138</gpxtpx:hr>
          </gpxtpx:TrackPointExtension>
        </extensions>
      </trkpt>
      <trkpt lat="31.225192354470924" lon="121.34178293819886">
        <ele>7.599999904632568</ele>
        <time>2026-09-10T10:29:17Z</time>
        <extensions>
          <gpxtpx:TrackPointExtension>
            <gpxtpx:hr>138</gpxtpx:hr>
          </gpxtpx:TrackPointExtension>
        </extensions>
      </trkpt>
      <trkpt lat="31.225211588264315" lon="121.34164722368305">
        <ele>7.599999904632568</ele>
        <time>2026-09-10T10:29:21Z</time>
        <extensions>
          <gpxtpx:TrackPointExtension>
            <gpxtpx:hr>138</gpxtpx:hr>
          </gpxtpx:TrackPointExtension>
        </extensions>
      </trkpt>
      <trkpt lat="31.22522581393829" lon="121.34151749723269">
        <ele>7.199999809265137</ele>
        <time>2026-09-10T10:29:25Z</time>
        <extensions>
          <gpxtpx:TrackPointExtension>
            <gpxtpx:hr>137</gpxtpx:hr>
          </gpxtpx:TrackPointExtension>
        </extensions>
      </trkpt>
      <trkpt lat="31.225231099536025" lon="121.34135683748379">
        <ele>7.199999809265137</ele>
        <time>2026-09-10T10:29:29Z</time>
        <extensions>
          <gpxtpx:TrackPointExtension>
            <gpxtpx:hr>137</gpxtpx:hr>
          </gpxtpx:TrackPointExtension>
        </extensions>
      </trkpt>
      <trkpt lat="31.225229392358155" lon="121.34119418302399">
        <ele>7.0</ele>
        <time>2026-09-10T10:29:33Z</time>
        <extensions>
          <gpxtpx:TrackPointExtension>
            <gpxtpx:hr>138</gpxtpx:hr>
          </gpxtpx:TrackPointExtension>
        </extensions>
      </trkpt>
      <trkpt lat="31.22520666309305" lon="121.34104949261877">
        <ele>6.800000190734863</ele>
        <time>2026-09-10T10:29:37Z</time>
        <extensions>
          <gpxtpx:TrackPointExtension>
            <gpxtpx:hr>138</gpxtpx:hr>
          </gpxtpx:TrackPointExtension>
        </extensions>
      </trkpt>
      <trkpt lat="31.225227915303183" lon="121.34090380089229">
        <ele>7.0</ele>
        <time>2026-09-10T10:29:41Z</time>
        <extensions>
          <gpxtpx:TrackPointExtension>
            <gpxtpx:hr>137</gpxtpx:hr>
          </gpxtpx:TrackPointExtension>
        </extensions>
      </trkpt>
      <trkpt lat="31.225271128736885" lon="121.34077407358365">
        <ele>6.800000190734863</ele>
        <time>2026-09-10T10:29:45Z</time>
        <extensions>
          <gpxtpx:TrackPointExtension>
            <gpxtpx:hr>138</gpxtpx:hr>
          </gpxtpx:TrackPointExtension>
        </extensions>
      </trkpt>
      <trkpt lat="31.225295329707503" lon="121.34065632264497">
        <ele>6.800000190734863</ele>
        <time>2026-09-10T10:29:49Z</time>
        <extensions>
          <gpxtpx:TrackPointExtension>
            <gpxtpx:hr>138</gpxtpx:hr>
          </gpxtpx:TrackPointExtension>
        </extensions>
      </trkpt>
      <trkpt lat="31.225314571026246" lon="121.3405176171263">
        <ele>6.800000190734863</ele>
        <time>2026-09-10T10:29:53Z</time>
        <extensions>
          <gpxtpx:TrackPointExtension>
            <gpxtpx:hr>138</gpxtpx:hr>
          </gpxtpx:TrackPointExtension>
        </extensions>
      </trkpt>
      <trkpt lat="31.225320793451367" lon="121.34039288317547">
        <ele>6.800000190734863</ele>
        <time>2026-09-10T10:29:57Z</time>
        <extensions>
          <gpxtpx:TrackPointExtension>
            <gpxtpx:hr>137</gpxtpx:hr>
          </gpxtpx:TrackPointExtension>
        </extensions>
      </trkpt>
      <trkpt lat="31.225308005133865" lon="121.34027912762924">
        <ele>6.599999904632568</ele>
        <time>2026-09-10T10:30:01Z</time>
        <extensions>
          <gpxtpx:TrackPointExtension>
            <gpxtpx:hr>137</gpxtpx:hr>
          </gpxtpx:TrackPointExtension>
        </extensions>
      </trkpt>
      <trkpt lat="31.22531020815679" lon="121.34016636886037">
        <ele>6.599999904632568</ele>
        <time>2026-09-10T10:30:05Z</time>
        <extensions>
          <gpxtpx:TrackPointExtension>
            <gpxtpx:hr>136</gpxtpx:hr>
          </gpxtpx:TrackPointExtension>
        </extensions>
      </trkpt>
      <trkpt lat="31.225322502461047" lon="121.34000072282429">
        <ele>6.599999904632568</ele>
        <time>2026-09-10T10:30:09Z</time>
        <extensions>
          <gpxtpx:TrackPointExtension>
            <gpxtpx:hr>136</gpxtpx:hr>
          </gpxtpx:TrackPointExtension>
        </extensions>
      </trkpt>
      <trkpt lat="31.225334798931556" lon="121.33983407936931">
        <ele>7.0</ele>
        <time>2026-09-10T10:30:13Z</time>
        <extensions>
          <gpxtpx:TrackPointExtension>
            <gpxtpx:hr>137</gpxtpx:hr>
          </gpxtpx:TrackPointExtension>
        </extensions>
      </trkpt>
      <trkpt lat="31.225338094537292" lon="121.33967043069573">
        <ele>7.400000095367432</ele>
        <time>2026-09-10T10:30:17Z</time>
        <extensions>
          <gpxtpx:TrackPointExtension>
            <gpxtpx:hr>138</gpxtpx:hr>
          </gpxtpx:TrackPointExtension>
        </extensions>
      </trkpt>
      <trkpt lat="31.22532434221213" lon="121.33953771734035">
        <ele>7.800000190734863</ele>
        <time>2026-09-10T10:30:21Z</time>
        <extensions>
          <gpxtpx:TrackPointExtension>
            <gpxtpx:hr>138</gpxtpx:hr>
          </gpxtpx:TrackPointExtension>
        </extensions>
      </trkpt>
      <trkpt lat="31.22524642409016" lon="121.33951277775915">
        <ele>8.399999618530273</ele>
        <time>2026-09-10T10:30:25Z</time>
        <extensions>
          <gpxtpx:TrackPointExtension>
            <gpxtpx:hr>139</gpxtpx:hr>
          </gpxtpx:TrackPointExtension>
        </extensions>
      </trkpt>
      <trkpt lat="31.22514048462698" lon="121.3395067997971">
        <ele>8.0</ele>
        <time>2026-09-10T10:30:29Z</time>
        <extensions>
          <gpxtpx:TrackPointExtension>
            <gpxtpx:hr>139</gpxtpx:hr>
          </gpxtpx:TrackPointExtension>
        </extensions>
      </trkpt>
      <trkpt lat="31.225015519609013" lon="121.33951978267193">
        <ele>7.800000190734863</ele>
        <time>2026-09-10T10:30:33Z</time>
        <extensions>
          <gpxtpx:TrackPointExtension>
            <gpxtpx:hr>138</gpxtpx:hr>
          </gpxtpx:TrackPointExtension>
        </extensions>
      </trkpt>
      <trkpt lat="31.224900573501028" lon="121.33951979260132">
        <ele>7.599999904632568</ele>
        <time>2026-09-10T10:30:37Z</time>
        <extensions>
          <gpxtpx:TrackPointExtension>
            <gpxtpx:hr>138</gpxtpx:hr>
          </gpxtpx:TrackPointExtension>
        </extensions>
      </trkpt>
      <trkpt lat="31.224771641223867" lon="121.33951581232932">
        <ele>7.400000095367432</ele>
        <time>2026-09-10T10:30:41Z</time>
        <extensions>
          <gpxtpx:TrackPointExtension>
            <gpxtpx:hr>138</gpxtpx:hr>
          </gpxtpx:TrackPointExtension>
        </extensions>
      </trkpt>
      <trkpt lat="31.22464368672467" lon="121.33952380620163">
        <ele>7.599999904632568</ele>
        <time>2026-09-10T10:30:45Z</time>
        <extensions>
          <gpxtpx:TrackPointExtension>
            <gpxtpx:hr>140</gpxtpx:hr>
          </gpxtpx:TrackPointExtension>
        </extensions>
      </trkpt>
      <trkpt lat="31.22451274453115" lon="121.33952581321766">
        <ele>7.400000095367432</ele>
        <time>2026-09-10T10:30:49Z</time>
        <extensions>
          <gpxtpx:TrackPointExtension>
            <gpxtpx:hr>140</gpxtpx:hr>
          </gpxtpx:TrackPointExtension>
        </extensions>
      </trkpt>
      <trkpt lat="31.2243877777724" lon="121.33953979394919">
        <ele>7.199999809265137</ele>
        <time>2026-09-10T10:30:53Z</time>
        <extensions>
          <gpxtpx:TrackPointExtension>
            <gpxtpx:hr>141</gpxtpx:hr>
          </gpxtpx:TrackPointExtension>
        </extensions>
      </trkpt>
      <trkpt lat="31.224255848774625" lon="121.33953481608195">
        <ele>7.0</ele>
        <time>2026-09-10T10:30:57Z</time>
        <extensions>
          <gpxtpx:TrackPointExtension>
            <gpxtpx:hr>140</gpxtpx:hr>
          </gpxtpx:TrackPointExtension>
        </extensions>
      </trkpt>
      <trkpt lat="31.22413289924413" lon="121.33953881811321">
        <ele>7.0</ele>
        <time>2026-09-10T10:31:01Z</time>
        <extensions>
          <gpxtpx:TrackPointExtension>
            <gpxtpx:hr>140</gpxtpx:hr>
          </gpxtpx:TrackPointExtension>
        </extensions>
      </trkpt>
      <trkpt lat="31.224005966115133" lon="121.33953483766702">
        <ele>7.0</ele>
        <time>2026-09-10T10:31:05Z</time>
        <extensions>
          <gpxtpx:TrackPointExtension>
            <gpxtpx:hr>140</gpxtpx:hr>
          </gpxtpx:TrackPointExtension>
        </extensions>
      </trkpt>
      <trkpt lat="31.223873010425553" lon="121.33954482767918">
        <ele>7.0</ele>
        <time>2026-09-10T10:31:09Z</time>
        <extensions>
          <gpxtpx:TrackPointExtension>
            <gpxtpx:hr>140</gpxtpx:hr>
          </gpxtpx:TrackPointExtension>
        </extensions>
      </trkpt>
      <trkpt lat="31.223747038770473" lon="121.33956180206084">
        <ele>7.0</ele>
        <time>2026-09-10T10:31:13Z</time>
        <extensions>
          <gpxtpx:TrackPointExtension>
            <gpxtpx:hr>140</gpxtpx:hr>
          </gpxtpx:TrackPointExtension>
        </extensions>
      </trkpt>
      <trkpt lat="31.22361807398235" lon="121.3395757831456">
        <ele>7.0</ele>
        <time>2026-09-10T10:31:17Z</time>
        <extensions>
          <gpxtpx:TrackPointExtension>
            <gpxtpx:hr>140</gpxtpx:hr>
          </gpxtpx:TrackPointExtension>
        </extensions>
      </trkpt>
      <trkpt lat="31.223494114114327" lon="121.33958577238714">
        <ele>6.800000190734863</ele>
        <time>2026-09-10T10:31:21Z</time>
        <extensions>
          <gpxtpx:TrackPointExtension>
            <gpxtpx:hr>140</gpxtpx:hr>
          </gpxtpx:TrackPointExtension>
        </extensions>
      </trkpt>
      <trkpt lat="31.22336716473662" lon="121.33959077262053">
        <ele>6.599999904632568</ele>
        <time>2026-09-10T10:31:25Z</time>
        <extensions>
          <gpxtpx:TrackPointExtension>
            <gpxtpx:hr>140</gpxtpx:hr>
          </gpxtpx:TrackPointExtension>
        </extensions>
      </trkpt>
      <trkpt lat="31.22323621544111" lon="121.33959677105345">
        <ele>6.800000190734863</ele>
        <time>2026-09-10T10:31:29Z</time>
        <extensions>
          <gpxtpx:TrackPointExtension>
            <gpxtpx:hr>140</gpxtpx:hr>
          </gpxtpx:TrackPointExtension>
        </extensions>
      </trkpt>
      <trkpt lat="31.223117255079288" lon="121.3396057620126">
        <ele>6.800000190734863</ele>
        <time>2026-09-10T10:31:33Z</time>
        <extensions>
          <gpxtpx:TrackPointExtension>
            <gpxtpx:hr>140</gpxtpx:hr>
          </gpxtpx:TrackPointExtension>
        </extensions>
      </trkpt>
      <trkpt lat="31.222991336094978" lon="121.33959379864503">
        <ele>6.800000190734863</ele>
        <time>2026-09-10T10:31:37Z</time>
        <extensions>
          <gpxtpx:TrackPointExtension>
            <gpxtpx:hr>139</gpxtpx:hr>
          </gpxtpx:TrackPointExtension>
        </extensions>
      </trkpt>
      <trkpt lat="31.2229073339125" lon="121.339616756538">
        <ele>6.800000190734863</ele>
        <time>2026-09-10T10:31:41Z</time>
        <extensions>
          <gpxtpx:TrackPointExtension>
            <gpxtpx:hr>139</gpxtpx:hr>
          </gpxtpx:TrackPointExtension>
        </extensions>
      </trkpt>
      <trkpt lat="31.222861123623925" lon="121.33974448596456">
        <ele>6.400000095367432</ele>
        <time>2026-09-10T10:31:45Z</time>
        <extensions>
          <gpxtpx:TrackPointExtension>
            <gpxtpx:hr>139</gpxtpx:hr>
          </gpxtpx:TrackPointExtension>
        </extensions>
      </trkpt>
      <trkpt lat="31.222754032740944" lon="121.33982232802822">
        <ele>6.199999809265137</ele>
        <time>2026-09-10T10:31:49Z</time>
        <extensions>
          <gpxtpx:TrackPointExtension>
            <gpxtpx:hr>140</gpxtpx:hr>
          </gpxtpx:TrackPointExtension>
        </extensions>
      </trkpt>
      <trkpt lat="31.222640999050142" lon="121.33987023495584">
        <ele>6.599999904632568</ele>
        <time>2026-09-10T10:31:53Z</time>
        <extensions>
          <gpxtpx:TrackPointExtension>
            <gpxtpx:hr>139</gpxtpx:hr>
          </gpxtpx:TrackPointExtension>
        </extensions>
      </trkpt>
      <trkpt lat="31.222517066469393" lon="121.33986525637205">
        <ele>6.800000190734863</ele>
        <time>2026-09-10T10:31:57Z</time>
        <extensions>
          <gpxtpx:TrackPointExtension>
            <gpxtpx:hr>138</gpxtpx:hr>
          </gpxtpx:TrackPointExtension>
        </extensions>
      </trkpt>
      <trkpt lat="31.222391136654025" lon="121.33985928010333">
        <ele>7.0</ele>
        <time>2026-09-10T10:32:01Z</time>
        <extensions>
          <gpxtpx:TrackPointExtension>
            <gpxtpx:hr>138</gpxtpx:hr>
          </gpxtpx:TrackPointExtension>
        </extensions>
      </trkpt>
      <trkpt lat="31.222269148873018" lon="121.33988423709054">
        <ele>7.0</ele>
        <time>2026-09-10T10:32:05Z</time>
        <extensions>
          <gpxtpx:TrackPointExtension>
            <gpxtpx:hr>138</gpxtpx:hr>
          </gpxtpx:TrackPointExtension>
        </extensions>
      </trkpt>
      <trkpt lat="31.222138168971373" lon="121.33990719914738">
        <ele>6.800000190734863</ele>
        <time>2026-09-10T10:32:09Z</time>
        <extensions>
          <gpxtpx:TrackPointExtension>
            <gpxtpx:hr>138</gpxtpx:hr>
          </gpxtpx:TrackPointExtension>
        </extensions>
      </trkpt>
      <trkpt lat="31.22200923699042" lon="121.33990321885085">
        <ele>6.800000190734863</ele>
        <time>2026-09-10T10:32:13Z</time>
        <extensions>
          <gpxtpx:TrackPointExtension>
            <gpxtpx:hr>136</gpxtpx:hr>
          </gpxtpx:TrackPointExtension>
        </extensions>
      </trkpt>
      <trkpt lat="31.221880279697388" lon="121.33991320857622">
        <ele>7.199999809265137</ele>
        <time>2026-09-10T10:32:17Z</time>
        <extensions>
          <gpxtpx:TrackPointExtension>
            <gpxtpx:hr>137</gpxtpx:hr>
          </gpxtpx:TrackPointExtension>
        </extensions>
      </trkpt>
      <trkpt lat="31.22176118930977" lon="121.33999404546626">
        <ele>7.199999809265137</ele>
        <time>2026-09-10T10:32:21Z</time>
        <extensions>
          <gpxtpx:TrackPointExtension>
            <gpxtpx:hr>137</gpxtpx:hr>
          </gpxtpx:TrackPointExtension>
        </extensions>
      </trkpt>
      <trkpt lat="31.221690945851698" lon="121.34014672429134">
        <ele>7.0</ele>
        <time>2026-09-10T10:32:25Z</time>
        <extensions>
          <gpxtpx:TrackPointExtension>
            <gpxtpx:hr>138</gpxtpx:hr>
          </gpxtpx:TrackPointExtension>
        </extensions>
      </trkpt>
      <trkpt lat="31.22165668753066" lon="121.34029840251884">
        <ele>6.599999904632568</ele>
        <time>2026-09-10T10:32:29Z</time>
        <extensions>
          <gpxtpx:TrackPointExtension>
            <gpxtpx:hr>138</gpxtpx:hr>
          </gpxtpx:TrackPointExtension>
        </extensions>
      </trkpt>
      <trkpt lat="31.221679406239762" lon="121.3404480804633">
        <ele>6.800000190734863</ele>
        <time>2026-09-10T10:32:33Z</time>
        <extensions>
          <gpxtpx:TrackPointExtension>
            <gpxtpx:hr>139</gpxtpx:hr>
          </gpxtpx:TrackPointExtension>
        </extensions>
      </trkpt>
      <trkpt lat="31.221703131976387" lon="121.3405937672089">
        <ele>6.800000190734863</ele>
        <time>2026-09-10T10:32:37Z</time>
        <extensions>
          <gpxtpx:TrackPointExtension>
            <gpxtpx:hr>139</gpxtpx:hr>
          </gpxtpx:TrackPointExtension>
        </extensions>
      </trkpt>
      <trkpt lat="31.22173589511457" lon="121.34071650247084">
        <ele>6.800000190734863</ele>
        <time>2026-09-10T10:32:41Z</time>
        <extensions>
          <gpxtpx:TrackPointExtension>
            <gpxtpx:hr>143</gpxtpx:hr>
          </gpxtpx:TrackPointExtension>
        </extensions>
      </trkpt>
      <trkpt lat="31.221766634247775" lon="121.34085320839176">
        <ele>6.599999904632568</ele>
        <time>2026-09-10T10:32:45Z</time>
        <extensions>
          <gpxtpx:TrackPointExtension>
            <gpxtpx:hr>150</gpxtpx:hr>
          </gpxtpx:TrackPointExtension>
        </extensions>
      </trkpt>
      <trkpt lat="31.221806328120383" lon="121.3410128650101">
        <ele>6.199999809265137</ele>
        <time>2026-09-10T10:32:49Z</time>
        <extensions>
          <gpxtpx:TrackPointExtension>
            <gpxtpx:hr>150</gpxtpx:hr>
          </gpxtpx:TrackPointExtension>
        </extensions>
      </trkpt>
      <trkpt lat="31.2218430363047" lon="121.34116553716176">
        <ele>6.0</ele>
        <time>2026-09-10T10:32:53Z</time>
        <extensions>
          <gpxtpx:TrackPointExtension>
            <gpxtpx:hr>151</gpxtpx:hr>
          </gpxtpx:TrackPointExtension>
        </extensions>
      </trkpt>
      <trkpt lat="31.221816787041934" lon="121.34131122997822">
        <ele>6.199999809265137</ele>
        <time>2026-09-10T10:32:57Z</time>
        <extensions>
          <gpxtpx:TrackPointExtension>
            <gpxtpx:hr>151</gpxtpx:hr>
          </gpxtpx:TrackPointExtension>
        </extensions>
      </trkpt>
      <trkpt lat="31.221804529688637" lon="121.34145791983418">
        <ele>7.199999809265137</ele>
        <time>2026-09-10T10:33:01Z</time>
        <extensions>
          <gpxtpx:TrackPointExtension>
            <gpxtpx:hr>151</gpxtpx:hr>
          </gpxtpx:TrackPointExtension>
        </extensions>
      </trkpt>
      <trkpt lat="31.22174532873532" lon="121.34158565427369">
        <ele>6.800000190734863</ele>
        <time>2026-09-10T10:33:05Z</time>
        <extensions>
          <gpxtpx:TrackPointExtension>
            <gpxtpx:hr>151</gpxtpx:hr>
          </gpxtpx:TrackPointExtension>
        </extensions>
      </trkpt>
      <trkpt lat="31.221716099595657" lon="121.34172136951719">
        <ele>6.800000190734863</ele>
        <time>2026-09-10T10:33:09Z</time>
        <extensions>
          <gpxtpx:TrackPointExtension>
            <gpxtpx:hr>151</gpxtpx:hr>
          </gpxtpx:TrackPointExtension>
        </extensions>
      </trkpt>
      <trkpt lat="31.221728850917057" lon="121.34185708145543">
        <ele>6.400000095367432</ele>
        <time>2026-09-10T10:33:13Z</time>
        <extensions>
          <gpxtpx:TrackPointExtension>
            <gpxtpx:hr>151</gpxtpx:hr>
          </gpxtpx:TrackPointExtension>
        </extensions>
      </trkpt>
      <trkpt lat="31.221757605643933" lon="121.34198680497425">
        <ele>6.800000190734863</ele>
        <time>2026-09-10T10:33:17Z</time>
        <extensions>
          <gpxtpx:TrackPointExtension>
            <gpxtpx:hr>151</gpxtpx:hr>
          </gpxtpx:TrackPointExtension>
        </extensions>
      </trkpt>
      <trkpt lat="31.221759371566122" lon="121.34211752902046">
        <ele>7.0</ele>
        <time>2026-09-10T10:33:21Z</time>
        <extensions>
          <gpxtpx:TrackPointExtension>
            <gpxtpx:hr>151</gpxtpx:hr>
          </gpxtpx:TrackPointExtension>
        </extensions>
      </trkpt>
      <trkpt lat="31.22172709691825" lon="121.34228018906471">
        <ele>6.800000190734863</ele>
        <time>2026-09-10T10:33:25Z</time>
        <extensions>
          <gpxtpx:TrackPointExtension>
            <gpxtpx:hr>151</gpxtpx:hr>
          </gpxtpx:TrackPointExtension>
        </extensions>
      </trkpt>
      <trkpt lat="31.22171286030098" lon="121.34241690258982">
        <ele>6.599999904632568</ele>
        <time>2026-09-10T10:33:29Z</time>
        <extensions>
          <gpxtpx:TrackPointExtension>
            <gpxtpx:hr>151</gpxtpx:hr>
          </gpxtpx:TrackPointExtension>
        </extensions>
      </trkpt>
      <trkpt lat="31.22175063134716" lon="121.34253564969522">
        <ele>6.400000095367432</ele>
        <time>2026-09-10T10:33:33Z</time>
        <extensions>
          <gpxtpx:TrackPointExtension>
            <gpxtpx:hr>151</gpxtpx:hr>
          </gpxtpx:TrackPointExtension>
        </extensions>
      </trkpt>
      <trkpt lat="31.22182237949402" lon="121.3426583857429">
        <ele>6.599999904632568</ele>
        <time>2026-09-10T10:33:37Z</time>
        <extensions>
          <gpxtpx:TrackPointExtension>
            <gpxtpx:hr>150</gpxtpx:hr>
          </gpxtpx:TrackPointExtension>
        </extensions>
      </trkpt>
      <trkpt lat="31.22179512855351" lon="121.34280707623563">
        <ele>7.0</ele>
        <time>2026-09-10T10:33:41Z</time>
        <extensions>
          <gpxtpx:TrackPointExtension>
            <gpxtpx:hr>150</gpxtpx:hr>
          </gpxtpx:TrackPointExtension>
        </extensions>
      </trkpt>
      <trkpt lat="31.221780905380374" lon="121.34293680570401">
        <ele>8.0</ele>
        <time>2026-09-10T10:33:45Z</time>
        <extensions>
          <gpxtpx:TrackPointExtension>
            <gpxtpx:hr>150</gpxtpx:hr>
          </gpxtpx:TrackPointExtension>
        </extensions>
      </trkpt>
      <trkpt lat="31.221868717329805" lon="121.34301962476688">
        <ele>8.399999618530273</ele>
        <time>2026-09-10T10:33:49Z</time>
        <extensions>
          <gpxtpx:TrackPointExtension>
            <gpxtpx:hr>150</gpxtpx:hr>
          </gpxtpx:TrackPointExtension>
        </extensions>
      </trkpt>
      <trkpt lat="31.221952548916676" lon="121.34309246516449">
        <ele>8.399999618530273</ele>
        <time>2026-09-10T10:33:53Z</time>
        <extensions>
          <gpxtpx:TrackPointExtension>
            <gpxtpx:hr>150</gpxtpx:hr>
          </gpxtpx:TrackPointExtension>
        </extensions>
      </trkpt>
      <trkpt lat="31.22203334498515" lon="121.34318626214278">
        <ele>7.599999904632568</ele>
        <time>2026-09-10T10:33:57Z</time>
        <extensions>
          <gpxtpx:TrackPointExtension>
            <gpxtpx:hr>150</gpxtpx:hr>
          </gpxtpx:TrackPointExtension>
        </extensions>
      </trkpt>
      <trkpt lat="31.22210608156985" lon="121.34331598501304">
        <ele>7.199999809265137</ele>
        <time>2026-09-10T10:34:01Z</time>
        <extensions>
          <gpxtpx:TrackPointExtension>
            <gpxtpx:hr>150</gpxtpx:hr>
          </gpxtpx:TrackPointExtension>
        </extensions>
      </trkpt>
      <trkpt lat="31.222212823509203" lon="121.34343373021937">
        <ele>6.800000190734863</ele>
        <time>2026-09-10T10:34:05Z</time>
        <extensions>
          <gpxtpx:TrackPointExtension>
            <gpxtpx:hr>151</gpxtpx:hr>
          </gpxtpx:TrackPointExtension>
        </extensions>
      </trkpt>
      <trkpt lat="31.22235379051983" lon="121.34341475755278">
        <ele>6.599999904632568</ele>
        <time>2026-09-10T10:34:09Z</time>
        <extensions>
          <gpxtpx:TrackPointExtension>
            <gpxtpx:hr>150</gpxtpx:hr>
          </gpxtpx:TrackPointExtension>
        </extensions>
      </trkpt>
      <trkpt lat="31.222483797924497" lon="121.34337582745778">
        <ele>6.199999809265137</ele>
        <time>2026-09-10T10:34:13Z</time>
        <extensions>
          <gpxtpx:TrackPointExtension>
            <gpxtpx:hr>151</gpxtpx:hr>
          </gpxtpx:TrackPointExtension>
        </extensions>
      </trkpt>
      <trkpt lat="31.222602836952564" lon="121.343321929569">
        <ele>6.800000190734863</ele>
        <time>2026-09-10T10:34:17Z</time>
        <extensions>
          <gpxtpx:TrackPointExtension>
            <gpxtpx:hr>150</gpxtpx:hr>
          </gpxtpx:TrackPointExtension>
        </extensions>
      </trkpt>
      <trkpt lat="31.222704921031994" lon="121.34324707695046">
        <ele>6.800000190734863</ele>
        <time>2026-09-10T10:34:21Z</time>
        <extensions>
          <gpxtpx:TrackPointExtension>
            <gpxtpx:hr>151</gpxtpx:hr>
          </gpxtpx:TrackPointExtension>
        </extensions>
      </trkpt>
      <trkpt lat="31.222828931401384" lon="121.3432081474983">
        <ele>6.599999904632568</ele>
        <time>2026-09-10T10:34:25Z</time>
        <extensions>
          <gpxtpx:TrackPointExtension>
            <gpxtpx:hr>150</gpxtpx:hr>
          </gpxtpx:TrackPointExtension>
        </extensions>
      </trkpt>
      <trkpt lat="31.222962912424048" lon="121.3431831880253">
        <ele>6.800000190734863</ele>
        <time>2026-09-10T10:34:29Z</time>
        <extensions>
          <gpxtpx:TrackPointExtension>
            <gpxtpx:hr>150</gpxtpx:hr>
          </gpxtpx:TrackPointExtension>
        </extensions>
      </trkpt>
      <trkpt lat="31.22307993320558" lon="121.34314026756647">
        <ele>7.400000095367432</ele>
        <time>2026-09-10T10:34:33Z</time>
        <extensions>
          <gpxtpx:TrackPointExtension>
            <gpxtpx:hr>150</gpxtpx:hr>
          </gpxtpx:TrackPointExtension>
        </extensions>
      </trkpt>
      <trkpt lat="31.223202908873695" lon="121.34312129656163">
        <ele>7.599999904632568</ele>
        <time>2026-09-10T10:34:37Z</time>
        <extensions>
          <gpxtpx:TrackPointExtension>
            <gpxtpx:hr>151</gpxtpx:hr>
          </gpxtpx:TrackPointExtension>
        </extensions>
      </trkpt>
      <trkpt lat="31.223317868918574" lon="121.34311330330942">
        <ele>7.800000190734863</ele>
        <time>2026-09-10T10:34:41Z</time>
        <extensions>
          <gpxtpx:TrackPointExtension>
            <gpxtpx:hr>150</gpxtpx:hr>
          </gpxtpx:TrackPointExtension>
        </extensions>
      </trkpt>
      <trkpt lat="31.223437870729235" lon="121.34308036178236">
        <ele>8.399999618530273</ele>
        <time>2026-09-10T10:34:45Z</time>
        <extensions>
          <gpxtpx:TrackPointExtension>
            <gpxtpx:hr>150</gpxtpx:hr>
          </gpxtpx:TrackPointExtension>
        </extensions>
      </trkpt>
      <trkpt lat="31.22356089763363" lon="121.34303245132499">
        <ele>9.0</ele>
        <time>2026-09-10T10:34:49Z</time>
        <extensions>
          <gpxtpx:TrackPointExtension>
            <gpxtpx:hr>152</gpxtpx:hr>
          </gpxtpx:TrackPointExtension>
        </extensions>
      </trkpt>
      <trkpt lat="31.223671910801123" lon="121.34299551897796">
        <ele>9.399999618530273</ele>
        <time>2026-09-10T10:34:53Z</time>
        <extensions>
          <gpxtpx:TrackPointExtension>
            <gpxtpx:hr>153</gpxtpx:hr>
          </gpxtpx:TrackPointExtension>
        </extensions>
      </trkpt>
      <trkpt lat="31.22378589963247" lon="121.34297155924502">
        <ele>9.800000190734863</ele>
        <time>2026-09-10T10:34:57Z</time>
        <extensions>
          <gpxtpx:TrackPointExtension>
            <gpxtpx:hr>154</gpxtpx:hr>
          </gpxtpx:TrackPointExtension>
        </extensions>
      </trkpt>
      <trkpt lat="31.223895892128713" lon="121.34294660195752">
        <ele>10.0</ele>
        <time>2026-09-10T10:35:01Z</time>
        <extensions>
          <gpxtpx:TrackPointExtension>
            <gpxtpx:hr>156</gpxtpx:hr>
          </gpxtpx:TrackPointExtension>
        </extensions>
      </trkpt>
      <trkpt lat="31.224005856379442" lon="121.34293761125295">
        <ele>10.399999618530273</ele>
        <time>2026-09-10T10:35:05Z</time>
        <extensions>
          <gpxtpx:TrackPointExtension>
            <gpxtpx:hr>157</gpxtpx:hr>
          </gpxtpx:TrackPointExtension>
        </extensions>
      </trkpt>
      <trkpt lat="31.2241297681439" lon="121.342954565024">
        <ele>10.600000381469727</ele>
        <time>2026-09-10T10:35:09Z</time>
        <extensions>
          <gpxtpx:TrackPointExtension>
            <gpxtpx:hr>158</gpxtpx:hr>
          </gpxtpx:TrackPointExtension>
        </extensions>
      </trkpt>
      <trkpt lat="31.224223676345332" lon="121.34298150050861">
        <ele>11.0</ele>
        <time>2026-09-10T10:35:13Z</time>
        <extensions>
          <gpxtpx:TrackPointExtension>
            <gpxtpx:hr>158</gpxtpx:hr>
          </gpxtpx:TrackPointExtension>
        </extensions>
      </trkpt>
      <trkpt lat="31.224349511301796" lon="121.3430413643526">
        <ele>11.399999618530273</ele>
        <time>2026-09-10T10:35:17Z</time>
        <extensions>
          <gpxtpx:TrackPointExtension>
            <gpxtpx:hr>158</gpxtpx:hr>
          </gpxtpx:TrackPointExtension>
        </extensions>
      </trkpt>
      <trkpt lat="31.22447436267285" lon="121.34309224712538">
        <ele>12.0</ele>
        <time>2026-09-10T10:35:21Z</time>
        <extensions>
          <gpxtpx:TrackPointExtension>
            <gpxtpx:hr>158</gpxtpx:hr>
          </gpxtpx:TrackPointExtension>
        </extensions>
      </trkpt>
      <trkpt lat="31.22459620845114" lon="121.34314712186453">
        <ele>12.399999618530273</ele>
        <time>2026-09-10T10:35:25Z</time>
        <extensions>
          <gpxtpx:TrackPointExtension>
            <gpxtpx:hr>158</gpxtpx:hr>
          </gpxtpx:TrackPointExtension>
        </extensions>
      </trkpt>
      <trkpt lat="31.224715066270477" lon="121.3431960094249">
        <ele>12.800000190734863</ele>
        <time>2026-09-10T10:35:29Z</time>
        <extensions>
          <gpxtpx:TrackPointExtension>
            <gpxtpx:hr>159</gpxtpx:hr>
          </gpxtpx:TrackPointExtension>
        </extensions>
      </trkpt>
      <trkpt lat="31.224828972294432" lon="121.34321895163734">
        <ele>13.0</ele>
        <time>2026-09-10T10:35:33Z</time>
        <extensions>
          <gpxtpx:TrackPointExtension>
            <gpxtpx:hr>159</gpxtpx:hr>
          </gpxtpx:TrackPointExtension>
        </extensions>
      </trkpt>
      <trkpt lat="31.224946911703128" lon="121.3432219351871">
        <ele>13.800000190734863</ele>
        <time>2026-09-10T10:35:37Z</time>
        <extensions>
          <gpxtpx:TrackPointExtension>
            <gpxtpx:hr>160</gpxtpx:hr>
          </gpxtpx:TrackPointExtension>
        </extensions>
      </trkpt>
      <trkpt lat="31.225068875683288" lon="121.34320994965033">
        <ele>14.0</ele>
        <time>2026-09-10T10:35:41Z</time>
        <extensions>
          <gpxtpx:TrackPointExtension>
            <gpxtpx:hr>161</gpxtpx:hr>
          </gpxtpx:TrackPointExtension>
        </extensions>
      </trkpt>
      <trkpt lat="31.225203870605522" lon="121.34317700676728">
        <ele>14.600000381469727</ele>
        <time>2026-09-10T10:35:45Z</time>
        <extensions>
          <gpxtpx:TrackPointExtension>
            <gpxtpx:hr>161</gpxtpx:hr>
          </gpxtpx:TrackPointExtension>
        </extensions>
      </trkpt>
      <trkpt lat="31.225337876609274" lon="121.3431380765035">
        <ele>15.199999809265137</ele>
        <time>2026-09-10T10:35:49Z</time>
        <extensions>
          <gpxtpx:TrackPointExtension>
            <gpxtpx:hr>163</gpxtpx:hr>
          </gpxtpx:TrackPointExtension>
        </extensions>
      </trkpt>
      <trkpt lat="31.225447874485262" lon="121.34311012539592">
        <ele>15.399999618530273</ele>
        <time>2026-09-10T10:35:53Z</time>
        <extensions>
          <gpxtpx:TrackPointExtension>
            <gpxtpx:hr>164</gpxtpx:hr>
          </gpxtpx:TrackPointExtension>
        </extensions>
      </trkpt>
      <trkpt lat="31.225548821911527" lon="121.34311311040886">
        <ele>15.0</ele>
        <time>2026-09-10T10:35:57Z</time>
        <extensions>
          <gpxtpx:TrackPointExtension>
            <gpxtpx:hr>164</gpxtpx:hr>
          </gpxtpx:TrackPointExtension>
        </extensions>
      </trkpt>
      <trkpt lat="31.225692795086538" lon="121.34309014594402">
        <ele>14.600000381469727</ele>
        <time>2026-09-10T10:36:01Z</time>
        <extensions>
          <gpxtpx:TrackPointExtension>
            <gpxtpx:hr>164</gpxtpx:hr>
          </gpxtpx:TrackPointExtension>
        </extensions>
      </trkpt>
      <trkpt lat="31.22581779129382" lon="121.34305919982603">
        <ele>14.199999809265137</ele>
        <time>2026-09-10T10:36:05Z</time>
        <extensions>
          <gpxtpx:TrackPointExtension>
            <gpxtpx:hr>164</gpxtpx:hr>
          </gpxtpx:TrackPointExtension>
        </extensions>
      </trkpt>
      <trkpt lat="31.22594179152771" lon="121.34302625798757">
        <ele>13.800000190734863</ele>
        <time>2026-09-10T10:36:09Z</time>
        <extensions>
          <gpxtpx:TrackPointExtension>
            <gpxtpx:hr>163</gpxtpx:hr>
          </gpxtpx:TrackPointExtension>
        </extensions>
      </trkpt>
      <trkpt lat="31.226058796831047" lon="121.3429923188627">
        <ele>13.199999809265137</ele>
        <time>2026-09-10T10:36:13Z</time>
        <extensions>
          <gpxtpx:TrackPointExtension>
            <gpxtpx:hr>163</gpxtpx:hr>
          </gpxtpx:TrackPointExtension>
        </extensions>
      </trkpt>
      <trkpt lat="31.226173817229135" lon="121.34295039664336">
        <ele>12.600000381469727</ele>
        <time>2026-09-10T10:36:17Z</time>
        <extensions>
          <gpxtpx:TrackPointExtension>
            <gpxtpx:hr>162</gpxtpx:hr>
          </gpxtpx:TrackPointExtension>
        </extensions>
      </trkpt>
      <trkpt lat="31.226293819426918" lon="121.3429174552179">
        <ele>12.399999618530273</ele>
        <time>2026-09-10T10:36:21Z</time>
        <extensions>
          <gpxtpx:TrackPointExtension>
            <gpxtpx:hr>162</gpxtpx:hr>
          </gpxtpx:TrackPointExtension>
        </extensions>
      </trkpt>
      <trkpt lat="31.226407810320186" lon="121.34289249761039">
        <ele>11.800000190734863</ele>
        <time>2026-09-10T10:36:25Z</time>
        <extensions>
          <gpxtpx:TrackPointExtension>
            <gpxtpx:hr>161</gpxtpx:hr>
          </gpxtpx:TrackPointExtension>
        </extensions>
      </trkpt>
      <trkpt lat="31.226543799793713" lon="121.34286254856593">
        <ele>11.600000381469727</ele>
        <time>2026-09-10T10:36:29Z</time>
        <extensions>
          <gpxtpx:TrackPointExtension>
            <gpxtpx:hr>159</gpxtpx:hr>
          </gpxtpx:TrackPointExtension>
        </extensions>
      </trkpt>
      <trkpt lat="31.226663814452422" lon="121.34282262183346">
        <ele>11.0</ele>
        <time>2026-09-10T10:36:33Z</time>
        <extensions>
          <gpxtpx:TrackPointExtension>
            <gpxtpx:hr>157</gpxtpx:hr>
          </gpxtpx:TrackPointExtension>
        </extensions>
      </trkpt>
      <trkpt lat="31.226792810795093" lon="121.34279067761683">
        <ele>10.399999618530273</ele>
        <time>2026-09-10T10:36:37Z</time>
        <extensions>
          <gpxtpx:TrackPointExtension>
            <gpxtpx:hr>156</gpxtpx:hr>
          </gpxtpx:TrackPointExtension>
        </extensions>
      </trkpt>
      <trkpt lat="31.226913802057286" lon="121.3427637236482">
        <ele>10.0</ele>
        <time>2026-09-10T10:36:41Z</time>
        <extensions>
          <gpxtpx:TrackPointExtension>
            <gpxtpx:hr>157</gpxtpx:hr>
          </gpxtpx:TrackPointExtension>
        </extensions>
      </trkpt>
      <trkpt lat="31.227026800616805" lon="121.34273477457037">
        <ele>9.600000381469727</ele>
        <time>2026-09-10T10:36:45Z</time>
        <extensions>
          <gpxtpx:TrackPointExtension>
            <gpxtpx:hr>158</gpxtpx:hr>
          </gpxtpx:TrackPointExtension>
        </extensions>
      </trkpt>
      <trkpt lat="31.22716280793796" lon="121.34269484654993">
        <ele>9.199999809265137</ele>
        <time>2026-09-10T10:36:49Z</time>
        <extensions>
          <gpxtpx:TrackPointExtension>
            <gpxtpx:hr>156</gpxtpx:hr>
          </gpxtpx:TrackPointExtension>
        </extensions>
      </trkpt>
      <trkpt lat="31.22729481539507" lon="121.34265591681027">
        <ele>9.0</ele>
        <time>2026-09-10T10:36:53Z</time>
        <extensions>
          <gpxtpx:TrackPointExtension>
            <gpxtpx:hr>156</gpxtpx:hr>
          </gpxtpx:TrackPointExtension>
        </extensions>
      </trkpt>
      <trkpt lat="31.227427787000675" lon="121.34263694511318">
        <ele>9.199999809265137</ele>
        <time>2026-09-10T10:36:57Z</time>
        <extensions>
          <gpxtpx:TrackPointExtension>
            <gpxtpx:hr>155</gpxtpx:hr>
          </gpxtpx:TrackPointExtension>
        </extensions>
      </trkpt>
      <trkpt lat="31.227559785665143" lon="121.34260300493798">
        <ele>8.199999809265137</ele>
        <time>2026-09-10T10:37:01Z</time>
        <extensions>
          <gpxtpx:TrackPointExtension>
            <gpxtpx:hr>155</gpxtpx:hr>
          </gpxtpx:TrackPointExtension>
        </extensions>
      </trkpt>
      <trkpt lat="31.227693756851238" lon="121.34258403317301">
        <ele>7.800000190734863</ele>
        <time>2026-09-10T10:37:05Z</time>
        <extensions>
          <gpxtpx:TrackPointExtension>
            <gpxtpx:hr>156</gpxtpx:hr>
          </gpxtpx:TrackPointExtension>
        </extensions>
      </trkpt>
      <trkpt lat="31.227810748386975" lon="121.34255807755696">
        <ele>7.800000190734863</ele>
        <time>2026-09-10T10:37:09Z</time>
        <extensions>
          <gpxtpx:TrackPointExtension>
            <gpxtpx:hr>155</gpxtpx:hr>
          </gpxtpx:TrackPointExtension>
        </extensions>
      </trkpt>
      <trkpt lat="31.227914744230127" lon="121.34253312098011">
        <ele>7.400000095367432</ele>
        <time>2026-09-10T10:37:13Z</time>
        <extensions>
          <gpxtpx:TrackPointExtension>
            <gpxtpx:hr>150</gpxtpx:hr>
          </gpxtpx:TrackPointExtension>
        </extensions>
      </trkpt>
      <trkpt lat="31.22802975801717" lon="121.3424951907283">
        <ele>7.400000095367432</ele>
        <time>2026-09-10T10:37:17Z</time>
        <extensions>
          <gpxtpx:TrackPointExtension>
            <gpxtpx:hr>148</gpxtpx:hr>
          </gpxtpx:TrackPointExtension>
        </extensions>
      </trkpt>
      <trkpt lat="31.228142808246083" lon="121.34243730264048">
        <ele>7.599999904632568</ele>
        <time>2026-09-10T10:37:21Z</time>
        <extensions>
          <gpxtpx:TrackPointExtension>
            <gpxtpx:hr>148</gpxtpx:hr>
          </gpxtpx:TrackPointExtension>
        </extensions>
      </trkpt>
      <trkpt lat="31.228252804919844" lon="121.34241034979814">
        <ele>6.800000190734863</ele>
        <time>2026-09-10T10:37:25Z</time>
        <extensions>
          <gpxtpx:TrackPointExtension>
            <gpxtpx:hr>148</gpxtpx:hr>
          </gpxtpx:TrackPointExtension>
        </extensions>
      </trkpt>
      <trkpt lat="31.22837174596222" lon="121.34241233531621">
        <ele>6.599999904632568</ele>
        <time>2026-09-10T10:37:29Z</time>
        <extensions>
          <gpxtpx:TrackPointExtension>
            <gpxtpx:hr>148</gpxtpx:hr>
          </gpxtpx:TrackPointExtension>
        </extensions>
      </trkpt>
      <trkpt lat="31.228487745200187" lon="121.34238238826585">
        <ele>6.800000190734863</ele>
        <time>2026-09-10T10:37:33Z</time>
        <extensions>
          <gpxtpx:TrackPointExtension>
            <gpxtpx:hr>148</gpxtpx:hr>
          </gpxtpx:TrackPointExtension>
        </extensions>
      </trkpt>
      <trkpt lat="31.22862474179235" lon="121.34234844781702">
        <ele>7.0</ele>
        <time>2026-09-10T10:37:37Z</time>
        <extensions>
          <gpxtpx:TrackPointExtension>
            <gpxtpx:hr>147</gpxtpx:hr>
          </gpxtpx:TrackPointExtension>
        </extensions>
      </trkpt>
      <trkpt lat="31.228755686166608" lon="121.34234544279606">
        <ele>6.599999904632568</ele>
        <time>2026-09-10T10:37:41Z</time>
        <extensions>
          <gpxtpx:TrackPointExtension>
            <gpxtpx:hr>148</gpxtpx:hr>
          </gpxtpx:TrackPointExtension>
        </extensions>
      </trkpt>
      <trkpt lat="31.228884528538178" lon="121.34240031616956">
        <ele>6.599999904632568</ele>
        <time>2026-09-10T10:37:45Z</time>
        <extensions>
          <gpxtpx:TrackPointExtension>
            <gpxtpx:hr>151</gpxtpx:hr>
          </gpxtpx:TrackPointExtension>
        </extensions>
      </trkpt>
      <trkpt lat="31.22898938567689" lon="121.34245319586776">
        <ele>6.599999904632568</ele>
        <time>2026-09-10T10:37:49Z</time>
        <extensions>
          <gpxtpx:TrackPointExtension>
            <gpxtpx:hr>151</gpxtpx:hr>
          </gpxtpx:TrackPointExtension>
        </extensions>
      </trkpt>
      <trkpt lat="31.229105269669088" lon="121.34248811241825">
        <ele>6.800000190734863</ele>
        <time>2026-09-10T10:37:53Z</time>
        <extensions>
          <gpxtpx:TrackPointExtension>
            <gpxtpx:hr>151</gpxtpx:hr>
          </gpxtpx:TrackPointExtension>
        </extensions>
      </trkpt>
      <trkpt lat="31.229231170317366" lon="121.3425110532904">
        <ele>6.199999809265137</ele>
        <time>2026-09-10T10:37:57Z</time>
        <extensions>
          <gpxtpx:TrackPointExtension>
            <gpxtpx:hr>150</gpxtpx:hr>
          </gpxtpx:TrackPointExtension>
        </extensions>
      </trkpt>
      <trkpt lat="31.229358084704092" lon="121.34252601085964">
        <ele>6.400000095367432</ele>
        <time>2026-09-10T10:38:01Z</time>
        <extensions>
          <gpxtpx:TrackPointExtension>
            <gpxtpx:hr>151</gpxtpx:hr>
          </gpxtpx:TrackPointExtension>
        </extensions>
      </trkpt>
      <trkpt lat="31.2294870141323" lon="121.3425319871298">
        <ele>6.599999904632568</ele>
        <time>2026-09-10T10:38:05Z</time>
        <extensions>
          <gpxtpx:TrackPointExtension>
            <gpxtpx:hr>151</gpxtpx:hr>
          </gpxtpx:TrackPointExtension>
        </extensions>
      </trkpt>
      <trkpt lat="31.229617026435587" lon="121.34249106187544">
        <ele>6.599999904632568</ele>
        <time>2026-09-10T10:38:09Z</time>
        <extensions>
          <gpxtpx:TrackPointExtension>
            <gpxtpx:hr>150</gpxtpx:hr>
          </gpxtpx:TrackPointExtension>
        </extensions>
      </trkpt>
      <trkpt lat="31.2297141268409" lon="121.3424092255461">
        <ele>6.800000190734863</ele>
        <time>2026-09-10T10:38:13Z</time>
        <extensions>
          <gpxtpx:TrackPointExtension>
            <gpxtpx:hr>151</gpxtpx:hr>
          </gpxtpx:TrackPointExtension>
        </extensions>
      </trkpt>
      <trkpt lat="31.22981623391102" lon="121.34232239940896">
        <ele>6.800000190734863</ele>
        <time>2026-09-10T10:38:17Z</time>
        <extensions>
          <gpxtpx:TrackPointExtension>
            <gpxtpx:hr>152</gpxtpx:hr>
          </gpxtpx:TrackPointExtension>
        </extensions>
      </trkpt>
      <trkpt lat="31.229926278756388" lon="121.34226850335747">
        <ele>7.199999809265137</ele>
        <time>2026-09-10T10:38:21Z</time>
        <extensions>
          <gpxtpx:TrackPointExtension>
            <gpxtpx:hr>152</gpxtpx:hr>
          </gpxtpx:TrackPointExtension>
        </extensions>
      </trkpt>
      <trkpt lat="31.230041301785953" lon="121.3422255838003">
        <ele>7.0</ele>
        <time>2026-09-10T10:38:25Z</time>
        <extensions>
          <gpxtpx:TrackPointExtension>
            <gpxtpx:hr>153</gpxtpx:hr>
          </gpxtpx:TrackPointExtension>
        </extensions>
      </trkpt>
      <trkpt lat="31.23015830437227" lon="121.34219364097106">
        <ele>7.800000190734863</ele>
        <time>2026-09-10T10:38:29Z</time>
        <extensions>
          <gpxtpx:TrackPointExtension>
            <gpxtpx:hr>153</gpxtpx:hr>
          </gpxtpx:TrackPointExtension>
        </extensions>
      </trkpt>
      <trkpt lat="31.2302892880461" lon="121.3421686822268">
        <ele>8.0</ele>
        <time>2026-09-10T10:38:33Z</time>
        <extensions>
          <gpxtpx:TrackPointExtension>
            <gpxtpx:hr>152</gpxtpx:hr>
          </gpxtpx:TrackPointExtension>
        </extensions>
      </trkpt>
      <trkpt lat="31.230411249244966" lon="121.34215869271726">
        <ele>7.400000095367432</ele>
        <time>2026-09-10T10:38:37Z</time>
        <extensions>
          <gpxtpx:TrackPointExtension>
            <gpxtpx:hr>152</gpxtpx:hr>
          </gpxtpx:TrackPointExtension>
        </extensions>
      </trkpt>
      <trkpt lat="31.23054517466738" lon="121.34216566641268">
        <ele>7.199999809265137</ele>
        <time>2026-09-10T10:38:41Z</time>
        <extensions>
          <gpxtpx:TrackPointExtension>
            <gpxtpx:hr>150</gpxtpx:hr>
          </gpxtpx:TrackPointExtension>
        </extensions>
      </trkpt>
      <trkpt lat="31.23067207846208" lon="121.34218661127018">
        <ele>7.0</ele>
        <time>2026-09-10T10:38:45Z</time>
        <extensions>
          <gpxtpx:TrackPointExtension>
            <gpxtpx:hr>147</gpxtpx:hr>
          </gpxtpx:TrackPointExtension>
        </extensions>
      </trkpt>
      <trkpt lat="31.230794985908727" lon="121.34220655858371">
        <ele>7.0</ele>
        <time>2026-09-10T10:38:49Z</time>
        <extensions>
          <gpxtpx:TrackPointExtension>
            <gpxtpx:hr>146</gpxtpx:hr>
          </gpxtpx:TrackPointExtension>
        </extensions>
      </trkpt>
      <trkpt lat="31.230915897855695" lon="121.34222451028168">
        <ele>6.800000190734863</ele>
        <time>2026-09-10T10:38:53Z</time>
        <extensions>
          <gpxtpx:TrackPointExtension>
            <gpxtpx:hr>148</gpxtpx:hr>
          </gpxtpx:TrackPointExtension>
        </extensions>
      </trkpt>
      <trkpt lat="31.231048758069118" lon="121.34226840630228">
        <ele>6.599999904632568</ele>
        <time>2026-09-10T10:38:57Z</time>
        <extensions>
          <gpxtpx:TrackPointExtension>
            <gpxtpx:hr>150</gpxtpx:hr>
          </gpxtpx:TrackPointExtension>
        </extensions>
      </trkpt>
      <trkpt lat="31.23116963631464" lon="121.3423053181001">
        <ele>6.400000095367432</ele>
        <time>2026-09-10T10:39:01Z</time>
        <extensions>
          <gpxtpx:TrackPointExtension>
            <gpxtpx:hr>150</gpxtpx:hr>
          </gpxtpx:TrackPointExtension>
        </extensions>
      </trkpt>
      <trkpt lat="31.231303528105858" lon="121.34233125190205">
        <ele>6.599999904632568</ele>
        <time>2026-09-10T10:39:05Z</time>
        <extensions>
          <gpxtpx:TrackPointExtension>
            <gpxtpx:hr>150</gpxtpx:hr>
          </gpxtpx:TrackPointExtension>
        </extensions>
      </trkpt>
      <trkpt lat="31.231426421463794" lon="121.34235918246685">
        <ele>6.599999904632568</ele>
        <time>2026-09-10T10:39:09Z</time>
        <extensions>
          <gpxtpx:TrackPointExtension>
            <gpxtpx:hr>150</gpxtpx:hr>
          </gpxtpx:TrackPointExtension>
        </extensions>
      </trkpt>
      <trkpt lat="31.23154630913625" lon="121.3423911049074">
        <ele>6.400000095367432</ele>
        <time>2026-09-10T10:39:13Z</time>
        <extensions>
          <gpxtpx:TrackPointExtension>
            <gpxtpx:hr>150</gpxtpx:hr>
          </gpxtpx:TrackPointExtension>
        </extensions>
      </trkpt>
      <trkpt lat="31.231674221525427" lon="121.34240706025716">
        <ele>6.599999904632568</ele>
        <time>2026-09-10T10:39:17Z</time>
        <extensions>
          <gpxtpx:TrackPointExtension>
            <gpxtpx:hr>150</gpxtpx:hr>
          </gpxtpx:TrackPointExtension>
        </extensions>
      </trkpt>
      <trkpt lat="31.231805157386233" lon="121.34240904473648">
        <ele>6.400000095367432</ele>
        <time>2026-09-10T10:39:21Z</time>
        <extensions>
          <gpxtpx:TrackPointExtension>
            <gpxtpx:hr>151</gpxtpx:hr>
          </gpxtpx:TrackPointExtension>
        </extensions>
      </trkpt>
      <trkpt lat="31.231929105371226" lon="121.34240604031598">
        <ele>6.199999809265137</ele>
        <time>2026-09-10T10:39:25Z</time>
        <extensions>
          <gpxtpx:TrackPointExtension>
            <gpxtpx:hr>151</gpxtpx:hr>
          </gpxtpx:TrackPointExtension>
        </extensions>
      </trkpt>
      <trkpt lat="31.232052053832565" lon="121.342403035982">
        <ele>6.199999809265137</ele>
        <time>2026-09-10T10:39:29Z</time>
        <extensions>
          <gpxtpx:TrackPointExtension>
            <gpxtpx:hr>151</gpxtpx:hr>
          </gpxtpx:TrackPointExtension>
        </extensions>
      </trkpt>
      <trkpt lat="31.23218295780011" lon="121.34242298268029">
        <ele>6.199999809265137</ele>
        <time>2026-09-10T10:39:33Z</time>
        <extensions>
          <gpxtpx:TrackPointExtension>
            <gpxtpx:hr>151</gpxtpx:hr>
          </gpxtpx:TrackPointExtension>
        </extensions>
      </trkpt>
      <trkpt lat="31.23230385931368" lon="121.34244692185648">
        <ele>5.800000190734863</ele>
        <time>2026-09-10T10:39:37Z</time>
        <extensions>
          <gpxtpx:TrackPointExtension>
            <gpxtpx:hr>151</gpxtpx:hr>
          </gpxtpx:TrackPointExtension>
        </extensions>
      </trkpt>
      <trkpt lat="31.232418850539673" lon="121.34242196438056">
        <ele>6.199999809265137</ele>
        <time>2026-09-10T10:39:41Z</time>
        <extensions>
          <gpxtpx:TrackPointExtension>
            <gpxtpx:hr>151</gpxtpx:hr>
          </gpxtpx:TrackPointExtension>
        </extensions>
      </trkpt>
      <trkpt lat="31.232548863255435" lon="121.34238103920976">
        <ele>6.400000095367432</ele>
        <time>2026-09-10T10:39:45Z</time>
        <extensions>
          <gpxtpx:TrackPointExtension>
            <gpxtpx:hr>150</gpxtpx:hr>
          </gpxtpx:TrackPointExtension>
        </extensions>
      </trkpt>
      <trkpt lat="31.232658926083765" lon="121.34231716410926">
        <ele>6.400000095367432</ele>
        <time>2026-09-10T10:39:49Z</time>
        <extensions>
          <gpxtpx:TrackPointExtension>
            <gpxtpx:hr>150</gpxtpx:hr>
          </gpxtpx:TrackPointExtension>
        </extensions>
      </trkpt>
      <trkpt lat="31.23277198226853" lon="121.34225628251798">
        <ele>6.400000095367432</ele>
        <time>2026-09-10T10:39:53Z</time>
        <extensions>
          <gpxtpx:TrackPointExtension>
            <gpxtpx:hr>151</gpxtpx:hr>
          </gpxtpx:TrackPointExtension>
        </extensions>
      </trkpt>
      <trkpt lat="31.232875069799356" lon="121.3421804334033">
        <ele>6.400000095367432</ele>
        <time>2026-09-10T10:39:57Z</time>
        <extensions>
          <gpxtpx:TrackPointExtension>
            <gpxtpx:hr>150</gpxtpx:hr>
          </gpxtpx:TrackPointExtension>
        </extensions>
      </trkpt>
      <trkpt lat="31.232955210733962" lon="121.34208063689331">
        <ele>6.400000095367432</ele>
        <time>2026-09-10T10:40:01Z</time>
        <extensions>
          <gpxtpx:TrackPointExtension>
            <gpxtpx:hr>149</gpxtpx:hr>
          </gpxtpx:TrackPointExtension>
        </extensions>
      </trkpt>
      <trkpt lat="31.23304128673653" lon="121.34201576631888">
        <ele>6.599999904632568</ele>
        <time>2026-09-10T10:40:05Z</time>
        <extensions>
          <gpxtpx:TrackPointExtension>
            <gpxtpx:hr>149</gpxtpx:hr>
          </gpxtpx:TrackPointExtension>
        </extensions>
      </trkpt>
      <trkpt lat="31.23315333656611" lon="121.3419588767151">
        <ele>6.599999904632568</ele>
        <time>2026-09-10T10:40:09Z</time>
        <extensions>
          <gpxtpx:TrackPointExtension>
            <gpxtpx:hr>143</gpxtpx:hr>
          </gpxtpx:TrackPointExtension>
        </extensions>
      </trkpt>
      <trkpt lat="31.233262366456586" lon="121.34191396213218">
        <ele>6.599999904632568</ele>
        <time>2026-09-10T10:40:13Z</time>
        <extensions>
          <gpxtpx:TrackPointExtension>
            <gpxtpx:hr>142</gpxtpx:hr>
          </gpxtpx:TrackPointExtension>
        </extensions>
      </trkpt>
      <trkpt lat="31.233398332258847" lon="121.34189798410696">
        <ele>6.400000095367432</ele>
        <time>2026-09-10T10:40:17Z</time>
        <extensions>
          <gpxtpx:TrackPointExtension>
            <gpxtpx:hr>141</gpxtpx:hr>
          </gpxtpx:TrackPointExtension>
        </extensions>
      </trkpt>
      <trkpt lat="31.233536249048157" lon="121.34190894899119">
        <ele>6.199999809265137</ele>
        <time>2026-09-10T10:40:21Z</time>
        <extensions>
          <gpxtpx:TrackPointExtension>
            <gpxtpx:hr>142</gpxtpx:hr>
          </gpxtpx:TrackPointExtension>
        </extensions>
      </trkpt>
      <trkpt lat="31.23366315132867" lon="121.34193089164337">
        <ele>6.199999809265137</ele>
        <time>2026-09-10T10:40:25Z</time>
        <extensions>
          <gpxtpx:TrackPointExtension>
            <gpxtpx:hr>143</gpxtpx:hr>
          </gpxtpx:TrackPointExtension>
        </extensions>
      </trkpt>
      <trkpt lat="31.233784029680123" lon="121.34196780321612">
        <ele>6.199999809265137</ele>
        <time>2026-09-10T10:40:29Z</time>
        <extensions>
          <gpxtpx:TrackPointExtension>
            <gpxtpx:hr>143</gpxtpx:hr>
          </gpxtpx:TrackPointExtension>
        </extensions>
      </trkpt>
      <trkpt lat="31.23391594395031" lon="121.3419817623118">
        <ele>6.0</ele>
        <time>2026-09-10T10:40:33Z</time>
        <extensions>
          <gpxtpx:TrackPointExtension>
            <gpxtpx:hr>144</gpxtpx:hr>
          </gpxtpx:TrackPointExtension>
        </extensions>
      </trkpt>
      <trkpt lat="31.23403495504739" lon="121.34194482998728">
        <ele>5.800000190734863</ele>
        <time>2026-09-10T10:40:37Z</time>
        <extensions>
          <gpxtpx:TrackPointExtension>
            <gpxtpx:hr>144</gpxtpx:hr>
          </gpxtpx:TrackPointExtension>
        </extensions>
      </trkpt>
      <trkpt lat="31.234150996067758" lon="121.34189193167704">
        <ele>5.800000190734863</ele>
        <time>2026-09-10T10:40:41Z</time>
        <extensions>
          <gpxtpx:TrackPointExtension>
            <gpxtpx:hr>144</gpxtpx:hr>
          </gpxtpx:TrackPointExtension>
        </extensions>
      </trkpt>
      <trkpt lat="31.234255026619532" lon="121.34184801547116">
        <ele>6.0</ele>
        <time>2026-09-10T10:40:45Z</time>
        <extensions>
          <gpxtpx:TrackPointExtension>
            <gpxtpx:hr>144</gpxtpx:hr>
          </gpxtpx:TrackPointExtension>
        </extensions>
      </trkpt>
      <trkpt lat="31.23436206831154" lon="121.34179711380963">
        <ele>6.199999809265137</ele>
        <time>2026-09-10T10:40:49Z</time>
        <extensions>
          <gpxtpx:TrackPointExtension>
            <gpxtpx:hr>145</gpxtpx:hr>
          </gpxtpx:TrackPointExtension>
        </extensions>
      </trkpt>
      <trkpt lat="31.23448908657877" lon="121.34175419357896">
        <ele>6.199999809265137</ele>
        <time>2026-09-10T10:40:53Z</time>
        <extensions>
          <gpxtpx:TrackPointExtension>
            <gpxtpx:hr>142</gpxtpx:hr>
          </gpxtpx:TrackPointExtension>
        </extensions>
      </trkpt>
      <trkpt lat="31.234615076795965" lon="121.34172723968561">
        <ele>6.0</ele>
        <time>2026-09-10T10:40:57Z</time>
        <extensions>
          <gpxtpx:TrackPointExtension>
            <gpxtpx:hr>142</gpxtpx:hr>
          </gpxtpx:TrackPointExtension>
        </extensions>
      </trkpt>
      <trkpt lat="31.234756029803364" lon="121.34171724861258">
        <ele>6.0</ele>
        <time>2026-09-10T10:41:01Z</time>
        <extensions>
          <gpxtpx:TrackPointExtension>
            <gpxtpx:hr>142</gpxtpx:hr>
          </gpxtpx:TrackPointExtension>
        </extensions>
      </trkpt>
      <trkpt lat="31.23490095422423" lon="121.34172222552407">
        <ele>5.599999904632568</ele>
        <time>2026-09-10T10:41:05Z</time>
        <extensions>
          <gpxtpx:TrackPointExtension>
            <gpxtpx:hr>142</gpxtpx:hr>
          </gpxtpx:TrackPointExtension>
        </extensions>
      </trkpt>
      <trkpt lat="31.23504486841851" lon="121.34173318985528">
        <ele>5.599999904632568</ele>
        <time>2026-09-10T10:41:09Z</time>
        <extensions>
          <gpxtpx:TrackPointExtension>
            <gpxtpx:hr>143</gpxtpx:hr>
          </gpxtpx:TrackPointExtension>
        </extensions>
      </trkpt>
      <trkpt lat="31.235176777441787" lon="121.34175014256036">
        <ele>5.800000190734863</ele>
        <time>2026-09-10T10:41:13Z</time>
        <extensions>
          <gpxtpx:TrackPointExtension>
            <gpxtpx:hr>144</gpxtpx:hr>
          </gpxtpx:TrackPointExtension>
        </extensions>
      </trkpt>
      <trkpt lat="31.235308713243167" lon="121.34175212693022">
        <ele>5.599999904632568</ele>
        <time>2026-09-10T10:41:17Z</time>
        <extensions>
          <gpxtpx:TrackPointExtension>
            <gpxtpx:hr>144</gpxtpx:hr>
          </gpxtpx:TrackPointExtension>
        </extensions>
      </trkpt>
      <trkpt lat="31.23543870707242" lon="121.34172217902618">
        <ele>5.400000095367432</ele>
        <time>2026-09-10T10:41:21Z</time>
        <extensions>
          <gpxtpx:TrackPointExtension>
            <gpxtpx:hr>145</gpxtpx:hr>
          </gpxtpx:TrackPointExtension>
        </extensions>
      </trkpt>
      <trkpt lat="31.235562684051914" lon="121.34170320842732">
        <ele>5.400000095367432</ele>
        <time>2026-09-10T10:41:25Z</time>
        <extensions>
          <gpxtpx:TrackPointExtension>
            <gpxtpx:hr>144</gpxtpx:hr>
          </gpxtpx:TrackPointExtension>
        </extensions>
      </trkpt>
      <trkpt lat="31.235685636521787" lon="121.34169820835513">
        <ele>5.400000095367432</ele>
        <time>2026-09-10T10:41:29Z</time>
        <extensions>
          <gpxtpx:TrackPointExtension>
            <gpxtpx:hr>145</gpxtpx:hr>
          </gpxtpx:TrackPointExtension>
        </extensions>
      </trkpt>
      <trkpt lat="31.23581359385128" lon="121.34168921629868">
        <ele>5.400000095367432</ele>
        <time>2026-09-10T10:41:33Z</time>
        <extensions>
          <gpxtpx:TrackPointExtension>
            <gpxtpx:hr>145</gpxtpx:hr>
          </gpxtpx:TrackPointExtension>
        </extensions>
      </trkpt>
      <trkpt lat="31.235948508719694" lon="121.3417021771775">
        <ele>5.599999904632568</ele>
        <time>2026-09-10T10:41:37Z</time>
        <extensions>
          <gpxtpx:TrackPointExtension>
            <gpxtpx:hr>145</gpxtpx:hr>
          </gpxtpx:TrackPointExtension>
        </extensions>
      </trkpt>
      <trkpt lat="31.236066354682375" lon="121.34175804875203">
        <ele>5.599999904632568</ele>
        <time>2026-09-10T10:41:41Z</time>
        <extensions>
          <gpxtpx:TrackPointExtension>
            <gpxtpx:hr>144</gpxtpx:hr>
          </gpxtpx:TrackPointExtension>
        </extensions>
      </trkpt>
      <trkpt lat="31.236151119566397" lon="121.34186780933379">
        <ele>5.599999904632568</ele>
        <time>2026-09-10T10:41:45Z</time>
        <extensions>
          <gpxtpx:TrackPointExtension>
            <gpxtpx:hr>145</gpxtpx:hr>
          </gpxtpx:TrackPointExtension>
        </extensions>
      </trkpt>
      <trkpt lat="31.23626493367167" lon="121.34194264137145">
        <ele>6.199999809265137</ele>
        <time>2026-09-10T10:41:49Z</time>
        <extensions>
          <gpxtpx:TrackPointExtension>
            <gpxtpx:hr>143</gpxtpx:hr>
          </gpxtpx:TrackPointExtension>
        </extensions>
      </trkpt>
      <trkpt lat="31.236389887068604" lon="121.341936643212">
        <ele>6.400000095367432</ele>
        <time>2026-09-10T10:41:53Z</time>
        <extensions>
          <gpxtpx:TrackPointExtension>
            <gpxtpx:hr>143</gpxtpx:hr>
          </gpxtpx:TrackPointExtension>
        </extensions>
      </trkpt>
      <trkpt lat="31.236503911442103" lon="121.341893724">
        <ele>7.199999809265137</ele>
        <time>2026-09-10T10:41:57Z</time>
        <extensions>
          <gpxtpx:TrackPointExtension>
            <gpxtpx:hr>143</gpxtpx:hr>
          </gpxtpx:TrackPointExtension>
        </extensions>
      </trkpt>
      <trkpt lat="31.23661394303414" lon="121.34184781149382">
        <ele>7.199999809265137</ele>
        <time>2026-09-10T10:42:01Z</time>
        <extensions>
          <gpxtpx:TrackPointExtension>
            <gpxtpx:hr>148</gpxtpx:hr>
          </gpxtpx:TrackPointExtension>
        </extensions>
      </trkpt>
      <trkpt lat="31.23672804239385" lon="121.3417629809806">
        <ele>7.0</ele>
        <time>2026-09-10T10:42:05Z</time>
        <extensions>
          <gpxtpx:TrackPointExtension>
            <gpxtpx:hr>148</gpxtpx:hr>
          </gpxtpx:TrackPointExtension>
        </extensions>
      </trkpt>
      <trkpt lat="31.236817164025734" lon="121.341672165428">
        <ele>6.599999904632568</ele>
        <time>2026-09-10T10:42:09Z</time>
        <extensions>
          <gpxtpx:TrackPointExtension>
            <gpxtpx:hr>149</gpxtpx:hr>
          </gpxtpx:TrackPointExtension>
        </extensions>
      </trkpt>
      <trkpt lat="31.236925244931726" lon="121.3415993103321">
        <ele>6.199999809265137</ele>
        <time>2026-09-10T10:42:13Z</time>
        <extensions>
          <gpxtpx:TrackPointExtension>
            <gpxtpx:hr>148</gpxtpx:hr>
          </gpxtpx:TrackPointExtension>
        </extensions>
      </trkpt>
      <trkpt lat="31.237025225952628" lon="121.34158433339347">
        <ele>6.0</ele>
        <time>2026-09-10T10:42:17Z</time>
        <extensions>
          <gpxtpx:TrackPointExtension>
            <gpxtpx:hr>148</gpxtpx:hr>
          </gpxtpx:TrackPointExtension>
        </extensions>
      </trkpt>
      <trkpt lat="31.23713022435116" lon="121.34155837928185">
        <ele>6.199999809265137</ele>
        <time>2026-09-10T10:42:21Z</time>
        <extensions>
          <gpxtpx:TrackPointExtension>
            <gpxtpx:hr>148</gpxtpx:hr>
          </gpxtpx:TrackPointExtension>
        </extensions>
      </trkpt>
      <trkpt lat="31.237245196750422" lon="121.34154439894306">
        <ele>6.599999904632568</ele>
        <time>2026-09-10T10:42:25Z</time>
        <extensions>
          <gpxtpx:TrackPointExtension>
            <gpxtpx:hr>147</gpxtpx:hr>
          </gpxtpx:TrackPointExtension>
        </extensions>
      </trkpt>
      <trkpt lat="31.2373741627615" lon="121.34153041739768">
        <ele>6.199999809265137</ele>
        <time>2026-09-10T10:42:29Z</time>
        <extensions>
          <gpxtpx:TrackPointExtension>
            <gpxtpx:hr>148</gpxtpx:hr>
          </gpxtpx:TrackPointExtension>
        </extensions>
      </trkpt>
      <trkpt lat="31.2374891119582" lon="121.34152940957293">
        <ele>6.400000095367432</ele>
        <time>2026-09-10T10:42:33Z</time>
        <extensions>
          <gpxtpx:TrackPointExtension>
            <gpxtpx:hr>148</gpxtpx:hr>
          </gpxtpx:TrackPointExtension>
        </extensions>
      </trkpt>
      <trkpt lat="31.23761301773888" lon="121.34155035445022">
        <ele>6.199999809265137</ele>
        <time>2026-09-10T10:42:37Z</time>
        <extensions>
          <gpxtpx:TrackPointExtension>
            <gpxtpx:hr>147</gpxtpx:hr>
          </gpxtpx:TrackPointExtension>
        </extensions>
      </trkpt>
      <trkpt lat="31.23775188095661" lon="121.34159125576198">
        <ele>6.0</ele>
        <time>2026-09-10T10:42:41Z</time>
        <extensions>
          <gpxtpx:TrackPointExtension>
            <gpxtpx:hr>147</gpxtpx:hr>
          </gpxtpx:TrackPointExtension>
        </extensions>
      </trkpt>
      <trkpt lat="31.237894712033892" lon="121.34164912083934">
        <ele>6.0</ele>
        <time>2026-09-10T10:42:45Z</time>
        <extensions>
          <gpxtpx:TrackPointExtension>
            <gpxtpx:hr>147</gpxtpx:hr>
          </gpxtpx:TrackPointExtension>
        </extensions>
      </trkpt>
      <trkpt lat="31.238027524546524" lon="121.34171995938927">
        <ele>6.0</ele>
        <time>2026-09-10T10:42:49Z</time>
        <extensions>
          <gpxtpx:TrackPointExtension>
            <gpxtpx:hr>148</gpxtpx:hr>
          </gpxtpx:TrackPointExtension>
        </extensions>
      </trkpt>
      <trkpt lat="31.238158330927032" lon="121.341794789759">
        <ele>6.0</ele>
        <time>2026-09-10T10:42:53Z</time>
        <extensions>
          <gpxtpx:TrackPointExtension>
            <gpxtpx:hr>149</gpxtpx:hr>
          </gpxtpx:TrackPointExtension>
        </extensions>
      </trkpt>
      <trkpt lat="31.238267159923776" lon="121.34186263689047">
        <ele>5.800000190734863</ele>
        <time>2026-09-10T10:42:57Z</time>
        <extensions>
          <gpxtpx:TrackPointExtension>
            <gpxtpx:hr>149</gpxtpx:hr>
          </gpxtpx:TrackPointExtension>
        </extensions>
      </trkpt>
      <trkpt lat="31.238389063242263" lon="121.3418855778443">
        <ele>5.800000190734863</ele>
        <time>2026-09-10T10:43:01Z</time>
        <extensions>
          <gpxtpx:TrackPointExtension>
            <gpxtpx:hr>149</gpxtpx:hr>
          </gpxtpx:TrackPointExtension>
        </extensions>
      </trkpt>
      <trkpt lat="31.238507009390865" lon="121.34188556764417">
        <ele>5.599999904632568</ele>
        <time>2026-09-10T10:43:05Z</time>
        <extensions>
          <gpxtpx:TrackPointExtension>
            <gpxtpx:hr>149</gpxtpx:hr>
          </gpxtpx:TrackPointExtension>
        </extensions>
      </trkpt>
      <trkpt lat="31.23861099401864" lon="121.34186759661036">
        <ele>5.800000190734863</ele>
        <time>2026-09-10T10:43:09Z</time>
        <extensions>
          <gpxtpx:TrackPointExtension>
            <gpxtpx:hr>150</gpxtpx:hr>
          </gpxtpx:TrackPointExtension>
        </extensions>
      </trkpt>
      <trkpt lat="31.23873000569086" lon="121.34183066436272">
        <ele>5.800000190734863</ele>
        <time>2026-09-10T10:43:13Z</time>
        <extensions>
          <gpxtpx:TrackPointExtension>
            <gpxtpx:hr>149</gpxtpx:hr>
          </gpxtpx:TrackPointExtension>
        </extensions>
      </trkpt>
      <trkpt lat="31.23886498691733" lon="121.34180670332591">
        <ele>6.0</ele>
        <time>2026-09-10T10:43:17Z</time>
        <extensions>
          <gpxtpx:TrackPointExtension>
            <gpxtpx:hr>149</gpxtpx:hr>
          </gpxtpx:TrackPointExtension>
        </extensions>
      </trkpt>
      <trkpt lat="31.23897380886835" lon="121.34187854203559">
        <ele>6.0</ele>
        <time>2026-09-10T10:43:21Z</time>
        <extensions>
          <gpxtpx:TrackPointExtension>
            <gpxtpx:hr>149</gpxtpx:hr>
          </gpxtpx:TrackPointExtension>
        </extensions>
      </trkpt>
      <trkpt lat="31.239108604806407" lon="121.34195836173001">
        <ele>6.199999809265137</ele>
        <time>2026-09-10T10:43:25Z</time>
        <extensions>
          <gpxtpx:TrackPointExtension>
            <gpxtpx:hr>150</gpxtpx:hr>
          </gpxtpx:TrackPointExtension>
        </extensions>
      </trkpt>
      <trkpt lat="31.23923841559116" lon="121.34203119671044">
        <ele>6.0</ele>
        <time>2026-09-10T10:43:29Z</time>
        <extensions>
          <gpxtpx:TrackPointExtension>
            <gpxtpx:hr>149</gpxtpx:hr>
          </gpxtpx:TrackPointExtension>
        </extensions>
      </trkpt>
      <trkpt lat="31.23934626495442" lon="121.34208806736355">
        <ele>5.800000190734863</ele>
        <time>2026-09-10T10:43:33Z</time>
        <extensions>
          <gpxtpx:TrackPointExtension>
            <gpxtpx:hr>150</gpxtpx:hr>
          </gpxtpx:TrackPointExtension>
        </extensions>
      </trkpt>
      <trkpt lat="31.23947006619197" lon="121.34216788830527">
        <ele>6.0</ele>
        <time>2026-09-10T10:43:37Z</time>
        <extensions>
          <gpxtpx:TrackPointExtension>
            <gpxtpx:hr>150</gpxtpx:hr>
          </gpxtpx:TrackPointExtension>
        </extensions>
      </trkpt>
      <trkpt lat="31.23960790914162" lon="121.34222076491338">
        <ele>6.0</ele>
        <time>2026-09-10T10:43:41Z</time>
        <extensions>
          <gpxtpx:TrackPointExtension>
            <gpxtpx:hr>150</gpxtpx:hr>
          </gpxtpx:TrackPointExtension>
        </extensions>
      </trkpt>
      <trkpt lat="31.239725803891496" lon="121.34224969374468">
        <ele>6.199999809265137</ele>
        <time>2026-09-10T10:43:45Z</time>
        <extensions>
          <gpxtpx:TrackPointExtension>
            <gpxtpx:hr>151</gpxtpx:hr>
          </gpxtpx:TrackPointExtension>
        </extensions>
      </trkpt>
      <trkpt lat="31.239836611278218" lon="121.3423295160409">
        <ele>6.199999809265137</ele>
        <time>2026-09-10T10:43:49Z</time>
        <extensions>
          <gpxtpx:TrackPointExtension>
            <gpxtpx:hr>151</gpxtpx:hr>
          </gpxtpx:TrackPointExtension>
        </extensions>
      </trkpt>
      <trkpt lat="31.239952389881264" lon="121.3424243065339">
        <ele>6.199999809265137</ele>
        <time>2026-09-10T10:43:53Z</time>
        <extensions>
          <gpxtpx:TrackPointExtension>
            <gpxtpx:hr>151</gpxtpx:hr>
          </gpxtpx:TrackPointExtension>
        </extensions>
      </trkpt>
      <trkpt lat="31.24007630863486" lon="121.34243826642994">
        <ele>6.0</ele>
        <time>2026-09-10T10:43:57Z</time>
        <extensions>
          <gpxtpx:TrackPointExtension>
            <gpxtpx:hr>151</gpxtpx:hr>
          </gpxtpx:TrackPointExtension>
        </extensions>
      </trkpt>
      <trkpt lat="31.240206261929643" lon="121.34243126988122">
        <ele>5.800000190734863</ele>
        <time>2026-09-10T10:44:01Z</time>
        <extensions>
          <gpxtpx:TrackPointExtension>
            <gpxtpx:hr>151</gpxtpx:hr>
          </gpxtpx:TrackPointExtension>
        </extensions>
      </trkpt>
      <trkpt lat="31.24032629786545" lon="121.34238036656795">
        <ele>5.400000095367432</ele>
        <time>2026-09-10T10:44:05Z</time>
        <extensions>
          <gpxtpx:TrackPointExtension>
            <gpxtpx:hr>151</gpxtpx:hr>
          </gpxtpx:TrackPointExtension>
        </extensions>
      </trkpt>
      <trkpt lat="31.24043836590041" lon="121.34231349760601">
        <ele>5.400000095367432</ele>
        <time>2026-09-10T10:44:09Z</time>
        <extensions>
          <gpxtpx:TrackPointExtension>
            <gpxtpx:hr>151</gpxtpx:hr>
          </gpxtpx:TrackPointExtension>
        </extensions>
      </trkpt>
      <trkpt lat="31.240558385962238" lon="121.34227157548582">
        <ele>5.800000190734863</ele>
        <time>2026-09-10T10:44:13Z</time>
        <extensions>
          <gpxtpx:TrackPointExtension>
            <gpxtpx:hr>151</gpxtpx:hr>
          </gpxtpx:TrackPointExtension>
        </extensions>
      </trkpt>
      <trkpt lat="31.240684360692555" lon="121.3422536024254">
        <ele>6.199999809265137</ele>
        <time>2026-09-10T10:44:17Z</time>
        <extensions>
          <gpxtpx:TrackPointExtension>
            <gpxtpx:hr>152</gpxtpx:hr>
          </gpxtpx:TrackPointExtension>
        </extensions>
      </trkpt>
      <trkpt lat="31.240815306518726" lon="121.34225059740555">
        <ele>6.400000095367432</ele>
        <time>2026-09-10T10:44:21Z</time>
        <extensions>
          <gpxtpx:TrackPointExtension>
            <gpxtpx:hr>152</gpxtpx:hr>
          </gpxtpx:TrackPointExtension>
        </extensions>
      </trkpt>
      <trkpt lat="31.24094117646672" lon="121.34229150034217">
        <ele>6.400000095367432</ele>
        <time>2026-09-10T10:44:25Z</time>
        <extensions>
          <gpxtpx:TrackPointExtension>
            <gpxtpx:hr>152</gpxtpx:hr>
          </gpxtpx:TrackPointExtension>
        </extensions>
      </trkpt>
      <trkpt lat="31.241020914694047" lon="121.34241822670128">
        <ele>6.199999809265137</ele>
        <time>2026-09-10T10:44:29Z</time>
        <extensions>
          <gpxtpx:TrackPointExtension>
            <gpxtpx:hr>153</gpxtpx:hr>
          </gpxtpx:TrackPointExtension>
        </extensions>
      </trkpt>
      <trkpt lat="31.241026621188794" lon="121.34258188218303">
        <ele>6.0</ele>
        <time>2026-09-10T10:44:33Z</time>
        <extensions>
          <gpxtpx:TrackPointExtension>
            <gpxtpx:hr>154</gpxtpx:hr>
          </gpxtpx:TrackPointExtension>
        </extensions>
      </trkpt>
      <trkpt lat="31.240984392345425" lon="121.34272159254435">
        <ele>5.599999904632568</ele>
        <time>2026-09-10T10:44:37Z</time>
        <extensions>
          <gpxtpx:TrackPointExtension>
            <gpxtpx:hr>154</gpxtpx:hr>
          </gpxtpx:TrackPointExtension>
        </extensions>
      </trkpt>
      <trkpt lat="31.240928187831845" lon="121.3428513253864">
        <ele>5.599999904632568</ele>
        <time>2026-09-10T10:44:41Z</time>
        <extensions>
          <gpxtpx:TrackPointExtension>
            <gpxtpx:hr>154</gpxtpx:hr>
          </gpxtpx:TrackPointExtension>
        </extensions>
      </trkpt>
      <trkpt lat="31.240903914312458" lon="121.34301199103282">
        <ele>5.800000190734863</ele>
        <time>2026-09-10T10:44:45Z</time>
        <extensions>
          <gpxtpx:TrackPointExtension>
            <gpxtpx:hr>154</gpxtpx:hr>
          </gpxtpx:TrackPointExtension>
        </extensions>
      </trkpt>
      <trkpt lat="31.240865672227915" lon="121.34315868756596">
        <ele>6.0</ele>
        <time>2026-09-10T10:44:49Z</time>
        <extensions>
          <gpxtpx:TrackPointExtension>
            <gpxtpx:hr>154</gpxtpx:hr>
          </gpxtpx:TrackPointExtension>
        </extensions>
      </trkpt>
      <trkpt lat="31.24081845745588" lon="121.3432924123582">
        <ele>6.0</ele>
        <time>2026-09-10T10:44:53Z</time>
        <extensions>
          <gpxtpx:TrackPointExtension>
            <gpxtpx:hr>154</gpxtpx:hr>
          </gpxtpx:TrackPointExtension>
        </extensions>
      </trkpt>
      <trkpt lat="31.240788240518828" lon="121.34342314226014">
        <ele>6.0</ele>
        <time>2026-09-10T10:44:57Z</time>
        <extensions>
          <gpxtpx:TrackPointExtension>
            <gpxtpx:hr>155</gpxtpx:hr>
          </gpxtpx:TrackPointExtension>
        </extensions>
      </trkpt>
      <trkpt lat="31.240817975515505" lon="121.34356584236528">
        <ele>6.0</ele>
        <time>2026-09-10T10:45:01Z</time>
        <extensions>
          <gpxtpx:TrackPointExtension>
            <gpxtpx:hr>155</gpxtpx:hr>
          </gpxtpx:TrackPointExtension>
        </extensions>
      </trkpt>
      <trkpt lat="31.240887717233335" lon="121.34369456845191">
        <ele>5.800000190734863</ele>
        <time>2026-09-10T10:45:05Z</time>
        <extensions>
          <gpxtpx:TrackPointExtension>
            <gpxtpx:hr>156</gpxtpx:hr>
          </gpxtpx:TrackPointExtension>
        </extensions>
      </trkpt>
      <trkpt lat="31.24095443078623" lon="121.3438402598841">
        <ele>5.800000190734863</ele>
        <time>2026-09-10T10:45:09Z</time>
        <extensions>
          <gpxtpx:TrackPointExtension>
            <gpxtpx:hr>155</gpxtpx:hr>
          </gpxtpx:TrackPointExtension>
        </extensions>
      </trkpt>
      <trkpt lat="31.240943174843988" lon="121.34398895226646">
        <ele>5.800000190734863</ele>
        <time>2026-09-10T10:45:13Z</time>
        <extensions>
          <gpxtpx:TrackPointExtension>
            <gpxtpx:hr>155</gpxtpx:hr>
          </gpxtpx:TrackPointExtension>
        </extensions>
      </trkpt>
      <trkpt lat="31.240907926658856" lon="121.34413964302414">
        <ele>5.800000190734863</ele>
        <time>2026-09-10T10:45:17Z</time>
        <extensions>
          <gpxtpx:TrackPointExtension>
            <gpxtpx:hr>154</gpxtpx:hr>
          </gpxtpx:TrackPointExtension>
        </extensions>
      </trkpt>
      <trkpt lat="31.24086769332915" lon="121.34428334910703">
        <ele>5.800000190734863</ele>
        <time>2026-09-10T10:45:21Z</time>
        <extensions>
          <gpxtpx:TrackPointExtension>
            <gpxtpx:hr>154</gpxtpx:hr>
          </gpxtpx:TrackPointExtension>
        </extensions>
      </trkpt>
      <trkpt lat="31.240834455414788" lon="121.34442805293297">
        <ele>5.599999904632568</ele>
        <time>2026-09-10T10:45:25Z</time>
        <extensions>
          <gpxtpx:TrackPointExtension>
            <gpxtpx:hr>153</gpxtpx:hr>
          </gpxtpx:TrackPointExtension>
        </extensions>
      </trkpt>
      <trkpt lat="31.240815216707745" lon="121.34456976213944">
        <ele>5.800000190734863</ele>
        <time>2026-09-10T10:45:29Z</time>
        <extensions>
          <gpxtpx:TrackPointExtension>
            <gpxtpx:hr>154</gpxtpx:hr>
          </gpxtpx:TrackPointExtension>
        </extensions>
      </trkpt>
      <trkpt lat="31.240788990203036" lon="121.34470648263063">
        <ele>6.0</ele>
        <time>2026-09-10T10:45:33Z</time>
        <extensions>
          <gpxtpx:TrackPointExtension>
            <gpxtpx:hr>154</gpxtpx:hr>
          </gpxtpx:TrackPointExtension>
        </extensions>
      </trkpt>
      <trkpt lat="31.240768745659352" lon="121.34485218450861">
        <ele>5.400000095367432</ele>
        <time>2026-09-10T10:45:37Z</time>
        <extensions>
          <gpxtpx:TrackPointExtension>
            <gpxtpx:hr>155</gpxtpx:hr>
          </gpxtpx:TrackPointExtension>
        </extensions>
      </trkpt>
      <trkpt lat="31.24075350960081" lon="121.34499189868185">
        <ele>5.599999904632568</ele>
        <time>2026-09-10T10:45:41Z</time>
        <extensions>
          <gpxtpx:TrackPointExtension>
            <gpxtpx:hr>153</gpxtpx:hr>
          </gpxtpx:TrackPointExtension>
        </extensions>
      </trkpt>
      <trkpt lat="31.240719280769827" lon="121.34513261285151">
        <ele>5.800000190734863</ele>
        <time>2026-09-10T10:45:45Z</time>
        <extensions>
          <gpxtpx:TrackPointExtension>
            <gpxtpx:hr>153</gpxtpx:hr>
          </gpxtpx:TrackPointExtension>
        </extensions>
      </trkpt>
      <trkpt lat="31.24069901998345" lon="121.3452882955641">
        <ele>5.800000190734863</ele>
        <time>2026-09-10T10:45:49Z</time>
        <extensions>
          <gpxtpx:TrackPointExtension>
            <gpxtpx:hr>153</gpxtpx:hr>
          </gpxtpx:TrackPointExtension>
        </extensions>
      </trkpt>
      <trkpt lat="31.24068278023199" lon="121.34543100495617">
        <ele>5.800000190734863</ele>
        <time>2026-09-10T10:45:53Z</time>
        <extensions>
          <gpxtpx:TrackPointExtension>
            <gpxtpx:hr>153</gpxtpx:hr>
          </gpxtpx:TrackPointExtension>
        </extensions>
      </trkpt>
      <trkpt lat="31.240657570776573" lon="121.34555874611534">
        <ele>6.199999809265137</ele>
        <time>2026-09-10T10:45:57Z</time>
        <extensions>
          <gpxtpx:TrackPointExtension>
            <gpxtpx:hr>153</gpxtpx:hr>
          </gpxtpx:TrackPointExtension>
        </extensions>
      </trkpt>
      <trkpt lat="31.240642322626947" lon="121.34570644605343">
        <ele>5.800000190734863</ele>
        <time>2026-09-10T10:46:01Z</time>
        <extensions>
          <gpxtpx:TrackPointExtension>
            <gpxtpx:hr>153</gpxtpx:hr>
          </gpxtpx:TrackPointExtension>
        </extensions>
      </trkpt>
      <trkpt lat="31.240623054329" lon="121.34586712038892">
        <ele>5.800000190734863</ele>
        <time>2026-09-10T10:46:05Z</time>
        <extensions>
          <gpxtpx:TrackPointExtension>
            <gpxtpx:hr>153</gpxtpx:hr>
          </gpxtpx:TrackPointExtension>
        </extensions>
      </trkpt>
      <trkpt lat="31.240594809446897" lon="121.34601681835873">
        <ele>5.599999904632568</ele>
        <time>2026-09-10T10:46:09Z</time>
        <extensions>
          <gpxtpx:TrackPointExtension>
            <gpxtpx:hr>154</gpxtpx:hr>
          </gpxtpx:TrackPointExtension>
        </extensions>
      </trkpt>
      <trkpt lat="31.240568579471965" lon="121.34615753485876">
        <ele>5.599999904632568</ele>
        <time>2026-09-10T10:46:13Z</time>
        <extensions>
          <gpxtpx:TrackPointExtension>
            <gpxtpx:hr>154</gpxtpx:hr>
          </gpxtpx:TrackPointExtension>
        </extensions>
      </trkpt>
      <trkpt lat="31.24054035075652" lon="121.34629825195698">
        <ele>5.800000190734863</ele>
        <time>2026-09-10T10:46:17Z</time>
        <extensions>
          <gpxtpx:TrackPointExtension>
            <gpxtpx:hr>153</gpxtpx:hr>
          </gpxtpx:TrackPointExtension>
        </extensions>
      </trkpt>
      <trkpt lat="31.24051710816205" lon="121.34644595491731">
        <ele>6.0</ele>
        <time>2026-09-10T10:46:21Z</time>
        <extensions>
          <gpxtpx:TrackPointExtension>
            <gpxtpx:hr>153</gpxtpx:hr>
          </gpxtpx:TrackPointExtension>
        </extensions>
      </trkpt>
      <trkpt lat="31.240484900756122" lon="121.34657569541599">
        <ele>5.800000190734863</ele>
        <time>2026-09-10T10:46:25Z</time>
        <extensions>
          <gpxtpx:TrackPointExtension>
            <gpxtpx:hr>153</gpxtpx:hr>
          </gpxtpx:TrackPointExtension>
        </extensions>
      </trkpt>
      <trkpt lat="31.24045469274495" lon="121.34670543610912">
        <ele>5.800000190734863</ele>
        <time>2026-09-10T10:46:29Z</time>
        <extensions>
          <gpxtpx:TrackPointExtension>
            <gpxtpx:hr>152</gpxtpx:hr>
          </gpxtpx:TrackPointExtension>
        </extensions>
      </trkpt>
      <trkpt lat="31.240431454636486" lon="121.34685114440254">
        <ele>5.800000190734863</ele>
        <time>2026-09-10T10:46:33Z</time>
        <extensions>
          <gpxtpx:TrackPointExtension>
            <gpxtpx:hr>151</gpxtpx:hr>
          </gpxtpx:TrackPointExtension>
        </extensions>
      </trkpt>
      <trkpt lat="31.24039023189089" lon="121.34699286275011">
        <ele>6.0</ele>
        <time>2026-09-10T10:46:37Z</time>
        <extensions>
          <gpxtpx:TrackPointExtension>
            <gpxtpx:hr>152</gpxtpx:hr>
          </gpxtpx:TrackPointExtension>
        </extensions>
      </trkpt>
      <trkpt lat="31.24034801505702" lon="121.34713158764143">
        <ele>6.199999809265137</ele>
        <time>2026-09-10T10:46:41Z</time>
        <extensions>
          <gpxtpx:TrackPointExtension>
            <gpxtpx:hr>152</gpxtpx:hr>
          </gpxtpx:TrackPointExtension>
        </extensions>
      </trkpt>
      <trkpt lat="31.240297790362142" lon="121.34727729965041">
        <ele>6.199999809265137</ele>
        <time>2026-09-10T10:46:45Z</time>
        <extensions>
          <gpxtpx:TrackPointExtension>
            <gpxtpx:hr>152</gpxtpx:hr>
          </gpxtpx:TrackPointExtension>
        </extensions>
      </trkpt>
      <trkpt lat="31.240247593115473" lon="121.34740704409548">
        <ele>6.0</ele>
        <time>2026-09-10T10:46:49Z</time>
        <extensions>
          <gpxtpx:TrackPointExtension>
            <gpxtpx:hr>150</gpxtpx:hr>
          </gpxtpx:TrackPointExtension>
        </extensions>
      </trkpt>
      <trkpt lat="31.240193398003314" lon="121.34753678926663">
        <ele>6.199999809265137</ele>
        <time>2026-09-10T10:46:53Z</time>
        <extensions>
          <gpxtpx:TrackPointExtension>
            <gpxtpx:hr>149</gpxtpx:hr>
          </gpxtpx:TrackPointExtension>
        </extensions>
      </trkpt>
      <trkpt lat="31.24014616799252" lon="121.34768549637381">
        <ele>6.0</ele>
        <time>2026-09-10T10:46:57Z</time>
        <extensions>
          <gpxtpx:TrackPointExtension>
            <gpxtpx:hr>149</gpxtpx:hr>
          </gpxtpx:TrackPointExtension>
        </extensions>
      </trkpt>
      <trkpt lat="31.24007997733794" lon="121.34781624141706">
        <ele>6.0</ele>
        <time>2026-09-10T10:47:01Z</time>
        <extensions>
          <gpxtpx:TrackPointExtension>
            <gpxtpx:hr>149</gpxtpx:hr>
          </gpxtpx:TrackPointExtension>
        </extensions>
      </trkpt>
      <trkpt lat="31.24000483313122" lon="121.34792203727268">
        <ele>5.800000190734863</ele>
        <time>2026-09-10T10:47:05Z</time>
        <extensions>
          <gpxtpx:TrackPointExtension>
            <gpxtpx:hr>148</gpxtpx:hr>
          </gpxtpx:TrackPointExtension>
        </extensions>
      </trkpt>
      <trkpt lat="31.239932659232263" lon="121.34804479940993">
        <ele>5.599999904632568</ele>
        <time>2026-09-10T10:47:09Z</time>
        <extensions>
          <gpxtpx:TrackPointExtension>
            <gpxtpx:hr>148</gpxtpx:hr>
          </gpxtpx:TrackPointExtension>
        </extensions>
      </trkpt>
      <trkpt lat="31.23986748076371" lon="121.34816855930922">
        <ele>5.599999904632568</ele>
        <time>2026-09-10T10:47:13Z</time>
        <extensions>
          <gpxtpx:TrackPointExtension>
            <gpxtpx:hr>148</gpxtpx:hr>
          </gpxtpx:TrackPointExtension>
        </extensions>
      </trkpt>
      <trkpt lat="31.23979031809971" lon="121.34828633246799">
        <ele>5.800000190734863</ele>
        <time>2026-09-10T10:47:17Z</time>
        <extensions>
          <gpxtpx:TrackPointExtension>
            <gpxtpx:hr>149</gpxtpx:hr>
          </gpxtpx:TrackPointExtension>
        </extensions>
      </trkpt>
      <trkpt lat="31.23971416361372" lon="121.3483991157379">
        <ele>5.800000190734863</ele>
        <time>2026-09-10T10:47:21Z</time>
        <extensions>
          <gpxtpx:TrackPointExtension>
            <gpxtpx:hr>148</gpxtpx:hr>
          </gpxtpx:TrackPointExtension>
        </extensions>
      </trkpt>
      <trkpt lat="31.23962703442818" lon="121.34849992392702">
        <ele>5.800000190734863</ele>
        <time>2026-09-10T10:47:25Z</time>
        <extensions>
          <gpxtpx:TrackPointExtension>
            <gpxtpx:hr>148</gpxtpx:hr>
          </gpxtpx:TrackPointExtension>
        </extensions>
      </trkpt>
      <trkpt lat="31.239539890433413" lon="121.34860971462467">
        <ele>5.800000190734863</ele>
        <time>2026-09-10T10:47:29Z</time>
        <extensions>
          <gpxtpx:TrackPointExtension>
            <gpxtpx:hr>149</gpxtpx:hr>
          </gpxtpx:TrackPointExtension>
        </extensions>
      </trkpt>
      <trkpt lat="31.239440765474054" lon="121.34871152238574">
        <ele>5.599999904632568</ele>
        <time>2026-09-10T10:47:33Z</time>
        <extensions>
          <gpxtpx:TrackPointExtension>
            <gpxtpx:hr>149</gpxtpx:hr>
          </gpxtpx:TrackPointExtension>
        </extensions>
      </trkpt>
      <trkpt lat="31.239343654793306" lon="121.34880434790648">
        <ele>5.599999904632568</ele>
        <time>2026-09-10T10:47:37Z</time>
        <extensions>
          <gpxtpx:TrackPointExtension>
            <gpxtpx:hr>150</gpxtpx:hr>
          </gpxtpx:TrackPointExtension>
        </extensions>
      </trkpt>
      <trkpt lat="31.239244516942737" lon="121.34891414043541">
        <ele>5.800000190734863</ele>
        <time>2026-09-10T10:47:41Z</time>
        <extensions>
          <gpxtpx:TrackPointExtension>
            <gpxtpx:hr>150</gpxtpx:hr>
          </gpxtpx:TrackPointExtension>
        </extensions>
      </trkpt>
      <trkpt lat="31.239143420095143" lon="121.34899998047503">
        <ele>5.599999904632568</ele>
        <time>2026-09-10T10:47:45Z</time>
        <extensions>
          <gpxtpx:TrackPointExtension>
            <gpxtpx:hr>149</gpxtpx:hr>
          </gpxtpx:TrackPointExtension>
        </extensions>
      </trkpt>
      <trkpt lat="31.239046321579522" lon="121.34908582034477">
        <ele>5.599999904632568</ele>
        <time>2026-09-10T10:47:49Z</time>
        <extensions>
          <gpxtpx:TrackPointExtension>
            <gpxtpx:hr>149</gpxtpx:hr>
          </gpxtpx:TrackPointExtension>
        </extensions>
      </trkpt>
      <trkpt lat="31.23893724028939" lon="121.34916467512747">
        <ele>5.800000190734863</ele>
        <time>2026-09-10T10:47:53Z</time>
        <extensions>
          <gpxtpx:TrackPointExtension>
            <gpxtpx:hr>149</gpxtpx:hr>
          </gpxtpx:TrackPointExtension>
        </extensions>
      </trkpt>
      <trkpt lat="31.238826156734856" lon="121.34924552632364">
        <ele>5.400000095367432</ele>
        <time>2026-09-10T10:47:57Z</time>
        <extensions>
          <gpxtpx:TrackPointExtension>
            <gpxtpx:hr>149</gpxtpx:hr>
          </gpxtpx:TrackPointExtension>
        </extensions>
      </trkpt>
      <trkpt lat="31.238761125135184" lon="121.34928245964225">
        <ele>5.800000190734863</ele>
        <time>2026-09-10T10:48:01Z</time>
        <extensions>
          <gpxtpx:TrackPointExtension>
            <gpxtpx:hr>149</gpxtpx:hr>
          </gpxtpx:TrackPointExtension>
        </extensions>
      </trkpt>
      <trkpt lat="31.238740123129553" lon="121.3492894477843">
        <ele>5.599999904632568</ele>
        <time>2026-09-10T10:48:05Z</time>
        <extensions>
          <gpxtpx:TrackPointExtension>
            <gpxtpx:hr>148</gpxtpx:hr>
          </gpxtpx:TrackPointExtension>
        </extensions>
      </trkpt>
      <trkpt lat="31.23876713067317" lon="121.34927746889241">
        <ele>5.199999809265137</ele>
        <time>2026-09-10T10:48:09Z</time>
        <extensions>
          <gpxtpx:TrackPointExtension>
            <gpxtpx:hr>145</gpxtpx:hr>
          </gpxtpx:TrackPointExtension>
        </extensions>
      </trkpt>
      <trkpt lat="31.23881921125903" lon="121.3492145875401">
        <ele>5.400000095367432</ele>
        <time>2026-09-10T10:48:13Z</time>
        <extensions>
          <gpxtpx:TrackPointExtension>
            <gpxtpx:hr>143</gpxtpx:hr>
          </gpxtpx:TrackPointExtension>
        </extensions>
      </trkpt>
      <trkpt lat="31.238856230827842" lon="121.34919262736332">
        <ele>5.599999904632568</ele>
        <time>2026-09-10T10:48:17Z</time>
        <extensions>
          <gpxtpx:TrackPointExtension>
            <gpxtpx:hr>142</gpxtpx:hr>
          </gpxtpx:TrackPointExtension>
        </extensions>
      </trkpt>
      <trkpt lat="31.238882290225533" lon="121.34914970924467">
        <ele>5.400000095367432</ele>
        <time>2026-09-10T10:48:21Z</time>
        <extensions>
          <gpxtpx:TrackPointExtension>
            <gpxtpx:hr>142</gpxtpx:hr>
          </gpxtpx:TrackPointExtension>
        </extensions>
      </trkpt>
      <trkpt lat="31.2389223283534" lon="121.34911577233568">
        <ele>5.400000095367432</ele>
        <time>2026-09-10T10:48:25Z</time>
        <extensions>
          <gpxtpx:TrackPointExtension>
            <gpxtpx:hr>137</gpxtpx:hr>
          </gpxtpx:TrackPointExtension>
        </extensions>
      </trkpt>
      <trkpt lat="31.238945369279435" lon="121.3490848310506">
        <ele>5.400000095367432</ele>
        <time>2026-09-10T10:48:29Z</time>
        <extensions>
          <gpxtpx:TrackPointExtension>
            <gpxtpx:hr>131</gpxtpx:hr>
          </gpxtpx:TrackPointExtension>
        </extensions>
      </trkpt>
      <trkpt lat="31.238937379561854" lon="121.34908083957826">
        <ele>5.400000095367432</ele>
        <time>2026-09-10T10:48:33Z</time>
        <extensions>
          <gpxtpx:TrackPointExtension>
            <gpxtpx:hr>128</gpxtpx:hr>
          </gpxtpx:TrackPointExtension>
        </extensions>
      </trkpt>
      <trkpt lat="31.238942387235703" lon="121.34907485089818">
        <ele>5.400000095367432</ele>
        <time>2026-09-10T10:48:37Z</time>
        <extensions>
          <gpxtpx:TrackPointExtension>
            <gpxtpx:hr>125</gpxtpx:hr>
          </gpxtpx:TrackPointExtension>
        </extensions>
      </trkpt>
      <trkpt lat="31.238962389731004" lon="121.34906786287894">
        <ele>5.400000095367432</ele>
        <time>2026-09-10T10:48:41Z</time>
        <extensions>
          <gpxtpx:TrackPointExtension>
            <gpxtpx:hr>122</gpxtpx:hr>
          </gpxtpx:TrackPointExtension>
        </extensions>
      </trkpt>
      <trkpt lat="31.238958391554547" lon="121.34906786322536">
        <ele>5.400000095367432</ele>
        <time>2026-09-10T10:48:45Z</time>
        <extensions>
          <gpxtpx:TrackPointExtension>
            <gpxtpx:hr>119</gpxtpx:hr>
          </gpxtpx:TrackPointExtension>
        </extensions>
      </trkpt>
      <trkpt lat="31.238958391554547" lon="121.34906786322536">
        <ele>5.199999809265137</ele>
        <time>2026-09-10T10:48:49Z</time>
        <extensions>
          <gpxtpx:TrackPointExtension>
            <gpxtpx:hr>128</gpxtpx:hr>
          </gpxtpx:TrackPointExtension>
        </extensions>
      </trkpt>
      <trkpt lat="31.238958391554547" lon="121.34906786322536">
        <ele>5.199999809265137</ele>
        <time>2026-09-10T10:48:53Z</time>
        <extensions>
          <gpxtpx:TrackPointExtension>
            <gpxtpx:hr>135</gpxtpx:hr>
          </gpxtpx:TrackPointExtension>
        </extensions>
      </trkpt>
      <trkpt lat="31.238968362111535" lon="121.34908283297604">
        <ele>5.199999809265137</ele>
        <time>2026-09-10T10:48:57Z</time>
        <extensions>
          <gpxtpx:TrackPointExtension>
            <gpxtpx:hr>133</gpxtpx:hr>
          </gpxtpx:TrackPointExtension>
        </extensions>
      </trkpt>
      <trkpt lat="31.238969358338103" lon="121.34908482897207">
        <ele>5.400000095367432</ele>
        <time>2026-09-10T10:49:01Z</time>
        <extensions>
          <gpxtpx:TrackPointExtension>
            <gpxtpx:hr>131</gpxtpx:hr>
          </gpxtpx:TrackPointExtension>
        </extensions>
      </trkpt>
      <trkpt lat="31.238969358338103" lon="121.34908482897207">
        <ele>4.800000190734863</ele>
        <time>2026-09-10T10:49:05Z</time>
        <extensions>
          <gpxtpx:TrackPointExtension>
            <gpxtpx:hr>129</gpxtpx:hr>
          </gpxtpx:TrackPointExtension>
        </extensions>
      </trkpt>
      <trkpt lat="31.238996334418925" lon="121.34909181292369">
        <ele>4.800000190734863</ele>
        <time>2026-09-10T10:49:09Z</time>
        <extensions>
          <gpxtpx:TrackPointExtension>
            <gpxtpx:hr>126</gpxtpx:hr>
          </gpxtpx:TrackPointExtension>
        </extensions>
      </trkpt>
      <trkpt lat="31.239061347921236" lon="121.34906585822317">
        <ele>4.800000190734863</ele>
        <time>2026-09-10T10:49:13Z</time>
        <extensions>
          <gpxtpx:TrackPointExtension>
            <gpxtpx:hr>127</gpxtpx:hr>
          </gpxtpx:TrackPointExtension>
        </extensions>
      </trkpt>
      <trkpt lat="31.239138407430616" lon="121.34900896326282">
        <ele>4.800000190734863</ele>
        <time>2026-09-10T10:49:17Z</time>
        <extensions>
          <gpxtpx:TrackPointExtension>
            <gpxtpx:hr>127</gpxtpx:hr>
          </gpxtpx:TrackPointExtension>
        </extensions>
      </trkpt>
      <trkpt lat="31.239214485741563" lon="121.34894109004827">
        <ele>5.0</ele>
        <time>2026-09-10T10:49:21Z</time>
        <extensions>
          <gpxtpx:TrackPointExtension>
            <gpxtpx:hr>127</gpxtpx:hr>
          </gpxtpx:TrackPointExtension>
        </extensions>
      </trkpt>
      <trkpt lat="31.239284578523293" lon="121.34886623121004">
        <ele>4.800000190734863</ele>
        <time>2026-09-10T10:49:25Z</time>
        <extensions>
          <gpxtpx:TrackPointExtension>
            <gpxtpx:hr>126</gpxtpx:hr>
          </gpxtpx:TrackPointExtension>
        </extensions>
      </trkpt>
      <trkpt lat="31.239361654915562" lon="121.34879935617468">
        <ele>4.599999904632568</ele>
        <time>2026-09-10T10:49:29Z</time>
        <extensions>
          <gpxtpx:TrackPointExtension>
            <gpxtpx:hr>127</gpxtpx:hr>
          </gpxtpx:TrackPointExtension>
        </extensions>
      </trkpt>
      <trkpt lat="31.239430751702585" lon="121.34872250161018">
        <ele>5.0</ele>
        <time>2026-09-10T10:49:33Z</time>
        <extensions>
          <gpxtpx:TrackPointExtension>
            <gpxtpx:hr>129</gpxtpx:hr>
          </gpxtpx:TrackPointExtension>
        </extensions>
      </trkpt>
      <trkpt lat="31.23946181423542" lon="121.34867658944567">
        <ele>5.199999809265137</ele>
        <time>2026-09-10T10:49:37Z</time>
        <extensions>
          <gpxtpx:TrackPointExtension>
            <gpxtpx:hr>130</gpxtpx:hr>
          </gpxtpx:TrackPointExtension>
        </extensions>
      </trkpt>
      <trkpt lat="31.239483859230763" lon="121.34864365250954">
        <ele>5.400000095367432</ele>
        <time>2026-09-10T10:49:41Z</time>
        <extensions>
          <gpxtpx:TrackPointExtension>
            <gpxtpx:hr>130</gpxtpx:hr>
          </gpxtpx:TrackPointExtension>
        </extensions>
      </trkpt>
      <trkpt lat="31.239514910158082" lon="121.34860472663964">
        <ele>5.400000095367432</ele>
        <time>2026-09-10T10:49:45Z</time>
        <extensions>
          <gpxtpx:TrackPointExtension>
            <gpxtpx:hr>127</gpxtpx:hr>
          </gpxtpx:TrackPointExtension>
        </extensions>
      </trkpt>
      <trkpt lat="31.239533948222867" lon="121.3485767801653">
        <ele>5.599999904632568</ele>
        <time>2026-09-10T10:49:49Z</time>
        <extensions>
          <gpxtpx:TrackPointExtension>
            <gpxtpx:hr>125</gpxtpx:hr>
          </gpxtpx:TrackPointExtension>
        </extensions>
      </trkpt>
      <trkpt lat="31.239555989945075" lon="121.34854583936384">
        <ele>5.199999809265137</ele>
        <time>2026-09-10T10:49:53Z</time>
        <extensions>
          <gpxtpx:TrackPointExtension>
            <gpxtpx:hr>122</gpxtpx:hr>
          </gpxtpx:TrackPointExtension>
        </extensions>
      </trkpt>
      <trkpt lat="31.239619091527157" lon="121.34846798775264">
        <ele>5.0</ele>
        <time>2026-09-10T10:49:57Z</time>
        <extensions>
          <gpxtpx:TrackPointExtension>
            <gpxtpx:hr>120</gpxtpx:hr>
          </gpxtpx:TrackPointExtension>
        </extensions>
      </trkpt>
      <trkpt lat="31.239690207985632" lon="121.34837915731856">
        <ele>5.0</ele>
        <time>2026-09-10T10:50:01Z</time>
        <extensions>
          <gpxtpx:TrackPointExtension>
            <gpxtpx:hr>121</gpxtpx:hr>
          </gpxtpx:TrackPointExtension>
        </extensions>
      </trkpt>
      <trkpt lat="31.239752342092302" lon="121.3482823436687">
        <ele>5.0</ele>
        <time>2026-09-10T10:50:05Z</time>
        <extensions>
          <gpxtpx:TrackPointExtension>
            <gpxtpx:hr>129</gpxtpx:hr>
          </gpxtpx:TrackPointExtension>
        </extensions>
      </trkpt>
      <trkpt lat="31.23981944728965" lon="121.34820149812974">
        <ele>5.199999809265137</ele>
        <time>2026-09-10T10:50:09Z</time>
        <extensions>
          <gpxtpx:TrackPointExtension>
            <gpxtpx:hr>134</gpxtpx:hr>
          </gpxtpx:TrackPointExtension>
        </extensions>
      </trkpt>
      <trkpt lat="31.239879579288868" lon="121.34810668109026">
        <ele>5.0</ele>
        <time>2026-09-10T10:50:13Z</time>
        <extensions>
          <gpxtpx:TrackPointExtension>
            <gpxtpx:hr>136</gpxtpx:hr>
          </gpxtpx:TrackPointExtension>
        </extensions>
      </trkpt>
      <trkpt lat="31.239940717726878" lon="121.3480078721082">
        <ele>5.199999809265137</ele>
        <time>2026-09-10T10:50:17Z</time>
        <extensions>
          <gpxtpx:TrackPointExtension>
            <gpxtpx:hr>138</gpxtpx:hr>
          </gpxtpx:TrackPointExtension>
        </extensions>
      </trkpt>
      <trkpt lat="31.24000487012418" lon="121.34790008096888">
        <ele>5.199999809265137</ele>
        <time>2026-09-10T10:50:21Z</time>
        <extensions>
          <gpxtpx:TrackPointExtension>
            <gpxtpx:hr>139</gpxtpx:hr>
          </gpxtpx:TrackPointExtension>
        </extensions>
      </trkpt>
      <trkpt lat="31.24006800973124" lon="121.34780027427276">
        <ele>5.199999809265137</ele>
        <time>2026-09-10T10:50:25Z</time>
        <extensions>
          <gpxtpx:TrackPointExtension>
            <gpxtpx:hr>141</gpxtpx:hr>
          </gpxtpx:TrackPointExtension>
        </extensions>
      </trkpt>
      <trkpt lat="31.240122162051062" lon="121.34769547853939">
        <ele>5.0</ele>
        <time>2026-09-10T10:50:29Z</time>
        <extensions>
          <gpxtpx:TrackPointExtension>
            <gpxtpx:hr>141</gpxtpx:hr>
          </gpxtpx:TrackPointExtension>
        </extensions>
      </trkpt>
      <trkpt lat="31.2401653364589" lon="121.34758070394503">
        <ele>4.800000190734863</ele>
        <time>2026-09-10T10:50:33Z</time>
        <extensions>
          <gpxtpx:TrackPointExtension>
            <gpxtpx:hr>141</gpxtpx:hr>
          </gpxtpx:TrackPointExtension>
        </extensions>
      </trkpt>
      <trkpt lat="31.240208516184932" lon="121.34746293563892">
        <ele>5.0</ele>
        <time>2026-09-10T10:50:37Z</time>
        <extensions>
          <gpxtpx:TrackPointExtension>
            <gpxtpx:hr>139</gpxtpx:hr>
          </gpxtpx:TrackPointExtension>
        </extensions>
      </trkpt>
      <trkpt lat="31.240251692787158" lon="121.34734716364835">
        <ele>4.800000190734863</ele>
        <time>2026-09-10T10:50:41Z</time>
        <extensions>
          <gpxtpx:TrackPointExtension>
            <gpxtpx:hr>139</gpxtpx:hr>
          </gpxtpx:TrackPointExtension>
        </extensions>
      </trkpt>
      <trkpt lat="31.240287852493363" lon="121.34724336854804">
        <ele>5.199999809265137</ele>
        <time>2026-09-10T10:50:45Z</time>
        <extensions>
          <gpxtpx:TrackPointExtension>
            <gpxtpx:hr>140</gpxtpx:hr>
          </gpxtpx:TrackPointExtension>
        </extensions>
      </trkpt>
      <trkpt lat="31.240322031965093" lon="121.34712859590373">
        <ele>4.800000190734863</ele>
        <time>2026-09-10T10:50:49Z</time>
        <extensions>
          <gpxtpx:TrackPointExtension>
            <gpxtpx:hr>140</gpxtpx:hr>
          </gpxtpx:TrackPointExtension>
        </extensions>
      </trkpt>
      <trkpt lat="31.24035021270966" lon="121.34701482206636">
        <ele>4.800000190734863</ele>
        <time>2026-09-10T10:50:53Z</time>
        <extensions>
          <gpxtpx:TrackPointExtension>
            <gpxtpx:hr>141</gpxtpx:hr>
          </gpxtpx:TrackPointExtension>
        </extensions>
      </trkpt>
      <trkpt lat="31.24038639855701" lon="121.34689605786897">
        <ele>5.0</ele>
        <time>2026-09-10T10:50:57Z</time>
        <extensions>
          <gpxtpx:TrackPointExtension>
            <gpxtpx:hr>141</gpxtpx:hr>
          </gpxtpx:TrackPointExtension>
        </extensions>
      </trkpt>
      <trkpt lat="31.24041459510907" lon="121.34677330272277">
        <ele>4.800000190734863</ele>
        <time>2026-09-10T10:51:01Z</time>
        <extensions>
          <gpxtpx:TrackPointExtension>
            <gpxtpx:hr>142</gpxtpx:hr>
          </gpxtpx:TrackPointExtension>
        </extensions>
      </trkpt>
      <trkpt lat="31.24043778227464" lon="121.34665753424053">
        <ele>4.800000190734863</ele>
        <time>2026-09-10T10:51:05Z</time>
        <extensions>
          <gpxtpx:TrackPointExtension>
            <gpxtpx:hr>143</gpxtpx:hr>
          </gpxtpx:TrackPointExtension>
        </extensions>
      </trkpt>
      <trkpt lat="31.240454975823113" lon="121.34653977060483">
        <ele>5.0</ele>
        <time>2026-09-10T10:51:09Z</time>
        <extensions>
          <gpxtpx:TrackPointExtension>
            <gpxtpx:hr>144</gpxtpx:hr>
          </gpxtpx:TrackPointExtension>
        </extensions>
      </trkpt>
      <trkpt lat="31.240480165985122" lon="121.34642200657903">
        <ele>5.0</ele>
        <time>2026-09-10T10:51:13Z</time>
        <extensions>
          <gpxtpx:TrackPointExtension>
            <gpxtpx:hr>145</gpxtpx:hr>
          </gpxtpx:TrackPointExtension>
        </extensions>
      </trkpt>
      <trkpt lat="31.240510352412375" lon="121.3463052403995">
        <ele>4.800000190734863</ele>
        <time>2026-09-10T10:51:17Z</time>
        <extensions>
          <gpxtpx:TrackPointExtension>
            <gpxtpx:hr>145</gpxtpx:hr>
          </gpxtpx:TrackPointExtension>
        </extensions>
      </trkpt>
      <trkpt lat="31.24053055047948" lon="121.34618448347784">
        <ele>4.800000190734863</ele>
        <time>2026-09-10T10:51:21Z</time>
        <extensions>
          <gpxtpx:TrackPointExtension>
            <gpxtpx:hr>146</gpxtpx:hr>
          </gpxtpx:TrackPointExtension>
        </extensions>
      </trkpt>
      <trkpt lat="31.24054975440519" lon="121.34606073303749">
        <ele>4.800000190734863</ele>
        <time>2026-09-10T10:51:25Z</time>
        <extensions>
          <gpxtpx:TrackPointExtension>
            <gpxtpx:hr>149</gpxtpx:hr>
          </gpxtpx:TrackPointExtension>
        </extensions>
      </trkpt>
      <trkpt lat="31.24056595824657" lon="121.34593798115444">
        <ele>4.599999904632568</ele>
        <time>2026-09-10T10:51:29Z</time>
        <extensions>
          <gpxtpx:TrackPointExtension>
            <gpxtpx:hr>149</gpxtpx:hr>
          </gpxtpx:TrackPointExtension>
        </extensions>
      </trkpt>
      <trkpt lat="31.24058914713485" lon="121.34582221476006">
        <ele>4.800000190734863</ele>
        <time>2026-09-10T10:51:33Z</time>
        <extensions>
          <gpxtpx:TrackPointExtension>
            <gpxtpx:hr>148</gpxtpx:hr>
          </gpxtpx:TrackPointExtension>
        </extensions>
      </trkpt>
      <trkpt lat="31.24060633898328" lon="121.34570644916873">
        <ele>4.800000190734863</ele>
        <time>2026-09-10T10:51:37Z</time>
        <extensions>
          <gpxtpx:TrackPointExtension>
            <gpxtpx:hr>148</gpxtpx:hr>
          </gpxtpx:TrackPointExtension>
        </extensions>
      </trkpt>
      <trkpt lat="31.240628537410128" lon="121.34558569361285">
        <ele>4.599999904632568</ele>
        <time>2026-09-10T10:51:41Z</time>
        <extensions>
          <gpxtpx:TrackPointExtension>
            <gpxtpx:hr>148</gpxtpx:hr>
          </gpxtpx:TrackPointExtension>
        </extensions>
      </trkpt>
      <trkpt lat="31.2406527317291" lon="121.34546693411026">
        <ele>4.599999904632568</ele>
        <time>2026-09-10T10:51:45Z</time>
        <extensions>
          <gpxtpx:TrackPointExtension>
            <gpxtpx:hr>148</gpxtpx:hr>
          </gpxtpx:TrackPointExtension>
        </extensions>
      </trkpt>
      <trkpt lat="31.240662925740516" lon="121.34535216794494">
        <ele>4.599999904632568</ele>
        <time>2026-09-10T10:51:49Z</time>
        <extensions>
          <gpxtpx:TrackPointExtension>
            <gpxtpx:hr>148</gpxtpx:hr>
          </gpxtpx:TrackPointExtension>
        </extensions>
      </trkpt>
      <trkpt lat="31.240684121897765" lon="121.34523340927916">
        <ele>4.800000190734863</ele>
        <time>2026-09-10T10:51:53Z</time>
        <extensions>
          <gpxtpx:TrackPointExtension>
            <gpxtpx:hr>148</gpxtpx:hr>
          </gpxtpx:TrackPointExtension>
        </extensions>
      </trkpt>
      <trkpt lat="31.24070431355459" lon="121.34511764485049">
        <ele>4.800000190734863</ele>
        <time>2026-09-10T10:51:57Z</time>
        <extensions>
          <gpxtpx:TrackPointExtension>
            <gpxtpx:hr>149</gpxtpx:hr>
          </gpxtpx:TrackPointExtension>
        </extensions>
      </trkpt>
      <trkpt lat="31.240727516210107" lon="121.34499489478308">
        <ele>4.599999904632568</ele>
        <time>2026-09-10T10:52:01Z</time>
        <extensions>
          <gpxtpx:TrackPointExtension>
            <gpxtpx:hr>151</gpxtpx:hr>
          </gpxtpx:TrackPointExtension>
        </extensions>
      </trkpt>
      <trkpt lat="31.240737716346352" lon="121.34487713588928">
        <ele>4.800000190734863</ele>
        <time>2026-09-10T10:52:05Z</time>
        <extensions>
          <gpxtpx:TrackPointExtension>
            <gpxtpx:hr>151</gpxtpx:hr>
          </gpxtpx:TrackPointExtension>
        </extensions>
      </trkpt>
      <trkpt lat="31.240761906880376" lon="121.344761371958">
        <ele>4.400000095367432</ele>
        <time>2026-09-10T10:52:09Z</time>
        <extensions>
          <gpxtpx:TrackPointExtension>
            <gpxtpx:hr>152</gpxtpx:hr>
          </gpxtpx:TrackPointExtension>
        </extensions>
      </trkpt>
      <trkpt lat="31.240789085839133" lon="121.34465159569999">
        <ele>4.599999904632568</ele>
        <time>2026-09-10T10:52:13Z</time>
        <extensions>
          <gpxtpx:TrackPointExtension>
            <gpxtpx:hr>151</gpxtpx:hr>
          </gpxtpx:TrackPointExtension>
        </extensions>
      </trkpt>
      <trkpt lat="31.240814264165174" lon="121.34454281779925">
        <ele>4.400000095367432</ele>
        <time>2026-09-10T10:52:17Z</time>
        <extensions>
          <gpxtpx:TrackPointExtension>
            <gpxtpx:hr>151</gpxtpx:hr>
          </gpxtpx:TrackPointExtension>
        </extensions>
      </trkpt>
      <trkpt lat="31.24084045443289" lon="121.34442705447476">
        <ele>4.400000095367432</ele>
        <time>2026-09-10T10:52:21Z</time>
        <extensions>
          <gpxtpx:TrackPointExtension>
            <gpxtpx:hr>150</gpxtpx:hr>
          </gpxtpx:TrackPointExtension>
        </extensions>
      </trkpt>
      <trkpt lat="31.240828681372324" lon="121.34430031740065">
        <ele>4.599999904632568</ele>
        <time>2026-09-10T10:52:25Z</time>
        <extensions>
          <gpxtpx:TrackPointExtension>
            <gpxtpx:hr>150</gpxtpx:hr>
          </gpxtpx:TrackPointExtension>
        </extensions>
      </trkpt>
      <trkpt lat="31.240757863753256" lon="121.3442145010647">
        <ele>4.400000095367432</ele>
        <time>2026-09-10T10:52:29Z</time>
        <extensions>
          <gpxtpx:TrackPointExtension>
            <gpxtpx:hr>150</gpxtpx:hr>
          </gpxtpx:TrackPointExtension>
        </extensions>
      </trkpt>
      <trkpt lat="31.24066598764569" lon="121.3441676061023">
        <ele>4.400000095367432</ele>
        <time>2026-09-10T10:52:33Z</time>
        <extensions>
          <gpxtpx:TrackPointExtension>
            <gpxtpx:hr>149</gpxtpx:hr>
          </gpxtpx:TrackPointExtension>
        </extensions>
      </trkpt>
      <trkpt lat="31.240570088929438" lon="121.34413468259439">
        <ele>4.199999809265137</ele>
        <time>2026-09-10T10:52:37Z</time>
        <extensions>
          <gpxtpx:TrackPointExtension>
            <gpxtpx:hr>147</gpxtpx:hr>
          </gpxtpx:TrackPointExtension>
        </extensions>
      </trkpt>
      <trkpt lat="31.24046417031017" lon="121.34411573103277">
        <ele>4.199999809265137</ele>
        <time>2026-09-10T10:52:41Z</time>
        <extensions>
          <gpxtpx:TrackPointExtension>
            <gpxtpx:hr>145</gpxtpx:hr>
          </gpxtpx:TrackPointExtension>
        </extensions>
      </trkpt>
      <trkpt lat="31.240364245482983" lon="121.34409877482443">
        <ele>4.599999904632568</ele>
        <time>2026-09-10T10:52:45Z</time>
        <extensions>
          <gpxtpx:TrackPointExtension>
            <gpxtpx:hr>145</gpxtpx:hr>
          </gpxtpx:TrackPointExtension>
        </extensions>
      </trkpt>
      <trkpt lat="31.240261322033778" lon="121.34408181888112">
        <ele>4.800000190734863</ele>
        <time>2026-09-10T10:52:49Z</time>
        <extensions>
          <gpxtpx:TrackPointExtension>
            <gpxtpx:hr>145</gpxtpx:hr>
          </gpxtpx:TrackPointExtension>
        </extensions>
      </trkpt>
      <trkpt lat="31.240162400277708" lon="121.34406286673338">
        <ele>5.0</ele>
        <time>2026-09-10T10:52:53Z</time>
        <extensions>
          <gpxtpx:TrackPointExtension>
            <gpxtpx:hr>145</gpxtpx:hr>
          </gpxtpx:TrackPointExtension>
        </extensions>
      </trkpt>
      <trkpt lat="31.240070480600128" lon="121.34404092019237">
        <ele>4.800000190734863</ele>
        <time>2026-09-10T10:52:57Z</time>
        <extensions>
          <gpxtpx:TrackPointExtension>
            <gpxtpx:hr>144</gpxtpx:hr>
          </gpxtpx:TrackPointExtension>
        </extensions>
      </trkpt>
      <trkpt lat="31.23996556510295" lon="121.34401997271625">
        <ele>4.800000190734863</ele>
        <time>2026-09-10T10:53:01Z</time>
        <extensions>
          <gpxtpx:TrackPointExtension>
            <gpxtpx:hr>144</gpxtpx:hr>
          </gpxtpx:TrackPointExtension>
        </extensions>
      </trkpt>
      <trkpt lat="31.23986165441781" lon="121.34399603137">
        <ele>4.800000190734863</ele>
        <time>2026-09-10T10:53:05Z</time>
        <extensions>
          <gpxtpx:TrackPointExtension>
            <gpxtpx:hr>141</gpxtpx:hr>
          </gpxtpx:TrackPointExtension>
        </extensions>
      </trkpt>
      <trkpt lat="31.23976374452174" lon="121.34397009365546">
        <ele>4.800000190734863</ele>
        <time>2026-09-10T10:53:09Z</time>
        <extensions>
          <gpxtpx:TrackPointExtension>
            <gpxtpx:hr>141</gpxtpx:hr>
          </gpxtpx:TrackPointExtension>
        </extensions>
      </trkpt>
      <trkpt lat="31.23966583639617" lon="121.34394315802427">
        <ele>4.800000190734863</ele>
        <time>2026-09-10T10:53:13Z</time>
        <extensions>
          <gpxtpx:TrackPointExtension>
            <gpxtpx:hr>142</gpxtpx:hr>
          </gpxtpx:TrackPointExtension>
        </extensions>
      </trkpt>
      <trkpt lat="31.239568915577596" lon="121.34392320782497">
        <ele>4.800000190734863</ele>
        <time>2026-09-10T10:53:17Z</time>
        <extensions>
          <gpxtpx:TrackPointExtension>
            <gpxtpx:hr>142</gpxtpx:hr>
          </gpxtpx:TrackPointExtension>
        </extensions>
      </trkpt>
      <trkpt lat="31.239463000624358" lon="121.34390226048286">
        <ele>4.599999904632568</ele>
        <time>2026-09-10T10:53:21Z</time>
        <extensions>
          <gpxtpx:TrackPointExtension>
            <gpxtpx:hr>142</gpxtpx:hr>
          </gpxtpx:TrackPointExtension>
        </extensions>
      </trkpt>
      <trkpt lat="31.239362076403943" lon="121.34388530443069">
        <ele>4.800000190734863</ele>
        <time>2026-09-10T10:53:25Z</time>
        <extensions>
          <gpxtpx:TrackPointExtension>
            <gpxtpx:hr>142</gpxtpx:hr>
          </gpxtpx:TrackPointExtension>
        </extensions>
      </trkpt>
      <trkpt lat="31.23925316985895" lon="121.34386036565093">
        <ele>4.599999904632568</ele>
        <time>2026-09-10T10:53:29Z</time>
        <extensions>
          <gpxtpx:TrackPointExtension>
            <gpxtpx:hr>141</gpxtpx:hr>
          </gpxtpx:TrackPointExtension>
        </extensions>
      </trkpt>
      <trkpt lat="31.23915626137139" lon="121.34383342999013">
        <ele>4.800000190734863</ele>
        <time>2026-09-10T10:53:33Z</time>
        <extensions>
          <gpxtpx:TrackPointExtension>
            <gpxtpx:hr>141</gpxtpx:hr>
          </gpxtpx:TrackPointExtension>
        </extensions>
      </trkpt>
      <trkpt lat="31.239058355112903" lon="121.34380549650277">
        <ele>5.0</ele>
        <time>2026-09-10T10:53:37Z</time>
        <extensions>
          <gpxtpx:TrackPointExtension>
            <gpxtpx:hr>141</gpxtpx:hr>
          </gpxtpx:TrackPointExtension>
        </extensions>
      </trkpt>
      <trkpt lat="31.23895043590113" lon="121.34378754316074">
        <ele>5.0</ele>
        <time>2026-09-10T10:53:41Z</time>
        <extensions>
          <gpxtpx:TrackPointExtension>
            <gpxtpx:hr>141</gpxtpx:hr>
          </gpxtpx:TrackPointExtension>
        </extensions>
      </trkpt>
      <trkpt lat="31.238842497417085" lon="121.3437805670153">
        <ele>5.0</ele>
        <time>2026-09-10T10:53:45Z</time>
        <extensions>
          <gpxtpx:TrackPointExtension>
            <gpxtpx:hr>142</gpxtpx:hr>
          </gpxtpx:TrackPointExtension>
        </extensions>
      </trkpt>
      <trkpt lat="31.23872953843101" lon="121.34378656434772">
        <ele>5.0</ele>
        <time>2026-09-10T10:53:49Z</time>
        <extensions>
          <gpxtpx:TrackPointExtension>
            <gpxtpx:hr>142</gpxtpx:hr>
          </gpxtpx:TrackPointExtension>
        </extensions>
      </trkpt>
      <trkpt lat="31.238629617361546" lon="121.34376761239382">
        <ele>5.0</ele>
        <time>2026-09-10T10:53:53Z</time>
        <extensions>
          <gpxtpx:TrackPointExtension>
            <gpxtpx:hr>142</gpxtpx:hr>
          </gpxtpx:TrackPointExtension>
        </extensions>
      </trkpt>
      <trkpt lat="31.23852567182561" lon="121.34376362968341">
        <ele>5.199999809265137</ele>
        <time>2026-09-10T10:53:57Z</time>
        <extensions>
          <gpxtpx:TrackPointExtension>
            <gpxtpx:hr>142</gpxtpx:hr>
          </gpxtpx:TrackPointExtension>
        </extensions>
      </trkpt>
      <trkpt lat="31.2384297156341" lon="121.343763637986">
        <ele>5.199999809265137</ele>
        <time>2026-09-10T10:54:01Z</time>
        <extensions>
          <gpxtpx:TrackPointExtension>
            <gpxtpx:hr>143</gpxtpx:hr>
          </gpxtpx:TrackPointExtension>
        </extensions>
      </trkpt>
      <trkpt lat="31.2383237885686" lon="121.34374967618854">
        <ele>5.400000095367432</ele>
        <time>2026-09-10T10:54:05Z</time>
        <extensions>
          <gpxtpx:TrackPointExtension>
            <gpxtpx:hr>143</gpxtpx:hr>
          </gpxtpx:TrackPointExtension>
        </extensions>
      </trkpt>
      <trkpt lat="31.23823089066625" lon="121.34371575476115">
        <ele>5.400000095367432</ele>
        <time>2026-09-10T10:54:09Z</time>
        <extensions>
          <gpxtpx:TrackPointExtension>
            <gpxtpx:hr>143</gpxtpx:hr>
          </gpxtpx:TrackPointExtension>
        </extensions>
      </trkpt>
      <trkpt lat="31.238127964015522" lon="121.34370079479193">
        <ele>5.599999904632568</ele>
        <time>2026-09-10T10:54:13Z</time>
        <extensions>
          <gpxtpx:TrackPointExtension>
            <gpxtpx:hr>143</gpxtpx:hr>
          </gpxtpx:TrackPointExtension>
        </extensions>
      </trkpt>
      <trkpt lat="31.23803004211404" lon="121.34368184269589">
        <ele>5.800000190734863</ele>
        <time>2026-09-10T10:54:17Z</time>
        <extensions>
          <gpxtpx:TrackPointExtension>
            <gpxtpx:hr>144</gpxtpx:hr>
          </gpxtpx:TrackPointExtension>
        </extensions>
      </trkpt>
      <trkpt lat="31.23792410633021" lon="121.34367287054206">
        <ele>6.199999809265137</ele>
        <time>2026-09-10T10:54:21Z</time>
        <extensions>
          <gpxtpx:TrackPointExtension>
            <gpxtpx:hr>144</gpxtpx:hr>
          </gpxtpx:TrackPointExtension>
        </extensions>
      </trkpt>
      <trkpt lat="31.237826161636853" lon="121.34366689147083">
        <ele>6.400000095367432</ele>
        <time>2026-09-10T10:54:25Z</time>
        <extensions>
          <gpxtpx:TrackPointExtension>
            <gpxtpx:hr>145</gpxtpx:hr>
          </gpxtpx:TrackPointExtension>
        </extensions>
      </trkpt>
      <trkpt lat="31.237727208633775" lon="121.34366590210809">
        <ele>6.800000190734863</ele>
        <time>2026-09-10T10:54:29Z</time>
        <extensions>
          <gpxtpx:TrackPointExtension>
            <gpxtpx:hr>145</gpxtpx:hr>
          </gpxtpx:TrackPointExtension>
        </extensions>
      </trkpt>
      <trkpt lat="31.237621274637238" lon="121.34365593203269">
        <ele>7.0</ele>
        <time>2026-09-10T10:54:33Z</time>
        <extensions>
          <gpxtpx:TrackPointExtension>
            <gpxtpx:hr>145</gpxtpx:hr>
          </gpxtpx:TrackPointExtension>
        </extensions>
      </trkpt>
      <trkpt lat="31.237513350344873" lon="121.34364097251262">
        <ele>7.199999809265137</ele>
        <time>2026-09-10T10:54:37Z</time>
        <extensions>
          <gpxtpx:TrackPointExtension>
            <gpxtpx:hr>146</gpxtpx:hr>
          </gpxtpx:TrackPointExtension>
        </extensions>
      </trkpt>
      <trkpt lat="31.237408421183197" lon="121.34362800858445">
        <ele>7.599999904632568</ele>
        <time>2026-09-10T10:54:41Z</time>
        <extensions>
          <gpxtpx:TrackPointExtension>
            <gpxtpx:hr>146</gpxtpx:hr>
          </gpxtpx:TrackPointExtension>
        </extensions>
      </trkpt>
      <trkpt lat="31.23730347623098" lon="121.34362402597043">
        <ele>7.599999904632568</ele>
        <time>2026-09-10T10:54:45Z</time>
        <extensions>
          <gpxtpx:TrackPointExtension>
            <gpxtpx:hr>147</gpxtpx:hr>
          </gpxtpx:TrackPointExtension>
        </extensions>
      </trkpt>
      <trkpt lat="31.237187539833847" lon="121.34361804846102">
        <ele>7.400000095367432</ele>
        <time>2026-09-10T10:54:49Z</time>
        <extensions>
          <gpxtpx:TrackPointExtension>
            <gpxtpx:hr>148</gpxtpx:hr>
          </gpxtpx:TrackPointExtension>
        </extensions>
      </trkpt>
      <trkpt lat="31.237076601161515" lon="121.34361207051987">
        <ele>7.0</ele>
        <time>2026-09-10T10:54:53Z</time>
        <extensions>
          <gpxtpx:TrackPointExtension>
            <gpxtpx:hr>148</gpxtpx:hr>
          </gpxtpx:TrackPointExtension>
        </extensions>
      </trkpt>
      <trkpt lat="31.236961645015448" lon="121.34361707008148">
        <ele>6.800000190734863</ele>
        <time>2026-09-10T10:54:57Z</time>
        <extensions>
          <gpxtpx:TrackPointExtension>
            <gpxtpx:hr>150</gpxtpx:hr>
          </gpxtpx:TrackPointExtension>
        </extensions>
      </trkpt>
      <trkpt lat="31.23684770071574" lon="121.34361508409306">
        <ele>6.599999904632568</ele>
        <time>2026-09-10T10:55:01Z</time>
        <extensions>
          <gpxtpx:TrackPointExtension>
            <gpxtpx:hr>152</gpxtpx:hr>
          </gpxtpx:TrackPointExtension>
        </extensions>
      </trkpt>
      <trkpt lat="31.2367407409306" lon="121.34362008296313">
        <ele>6.400000095367432</ele>
        <time>2026-09-10T10:55:05Z</time>
        <extensions>
          <gpxtpx:TrackPointExtension>
            <gpxtpx:hr>152</gpxtpx:hr>
          </gpxtpx:TrackPointExtension>
        </extensions>
      </trkpt>
      <trkpt lat="31.236627792684086" lon="121.34362009273492">
        <ele>6.400000095367432</ele>
        <time>2026-09-10T10:55:09Z</time>
        <extensions>
          <gpxtpx:TrackPointExtension>
            <gpxtpx:hr>152</gpxtpx:hr>
          </gpxtpx:TrackPointExtension>
        </extensions>
      </trkpt>
      <trkpt lat="31.236522849563958" lon="121.34361511219777">
        <ele>6.199999809265137</ele>
        <time>2026-09-10T10:55:13Z</time>
        <extensions>
          <gpxtpx:TrackPointExtension>
            <gpxtpx:hr>153</gpxtpx:hr>
          </gpxtpx:TrackPointExtension>
        </extensions>
      </trkpt>
      <trkpt lat="31.236409910120322" lon="121.34361013235284">
        <ele>6.199999809265137</ele>
        <time>2026-09-10T10:55:17Z</time>
        <extensions>
          <gpxtpx:TrackPointExtension>
            <gpxtpx:hr>153</gpxtpx:hr>
          </gpxtpx:TrackPointExtension>
        </extensions>
      </trkpt>
      <trkpt lat="31.23629596061053" lon="121.34361114013426">
        <ele>6.199999809265137</ele>
        <time>2026-09-10T10:55:21Z</time>
        <extensions>
          <gpxtpx:TrackPointExtension>
            <gpxtpx:hr>153</gpxtpx:hr>
          </gpxtpx:TrackPointExtension>
        </extensions>
      </trkpt>
      <trkpt lat="31.236191987212603" lon="121.34362312420866">
        <ele>6.199999809265137</ele>
        <time>2026-09-10T10:55:25Z</time>
        <extensions>
          <gpxtpx:TrackPointExtension>
            <gpxtpx:hr>152</gpxtpx:hr>
          </gpxtpx:TrackPointExtension>
        </extensions>
      </trkpt>
      <trkpt lat="31.236081045129712" lon="121.34361914211333">
        <ele>6.199999809265137</ele>
        <time>2026-09-10T10:55:29Z</time>
        <extensions>
          <gpxtpx:TrackPointExtension>
            <gpxtpx:hr>152</gpxtpx:hr>
          </gpxtpx:TrackPointExtension>
        </extensions>
      </trkpt>
      <trkpt lat="31.235966106649027" lon="121.34361416244074">
        <ele>6.0</ele>
        <time>2026-09-10T10:55:33Z</time>
        <extensions>
          <gpxtpx:TrackPointExtension>
            <gpxtpx:hr>152</gpxtpx:hr>
          </gpxtpx:TrackPointExtension>
        </extensions>
      </trkpt>
      <trkpt lat="31.23586313984791" lon="121.34362215473509">
        <ele>6.199999809265137</ele>
        <time>2026-09-10T10:55:37Z</time>
        <extensions>
          <gpxtpx:TrackPointExtension>
            <gpxtpx:hr>149</gpxtpx:hr>
          </gpxtpx:TrackPointExtension>
        </extensions>
      </trkpt>
      <trkpt lat="31.235753186804363" lon="121.34362416009425">
        <ele>6.199999809265137</ele>
        <time>2026-09-10T10:55:41Z</time>
        <extensions>
          <gpxtpx:TrackPointExtension>
            <gpxtpx:hr>148</gpxtpx:hr>
          </gpxtpx:TrackPointExtension>
        </extensions>
      </trkpt>
      <trkpt lat="31.23564422980142" lon="121.34362816121423">
        <ele>6.0</ele>
        <time>2026-09-10T10:55:45Z</time>
        <extensions>
          <gpxtpx:TrackPointExtension>
            <gpxtpx:hr>145</gpxtpx:hr>
          </gpxtpx:TrackPointExtension>
        </extensions>
      </trkpt>
      <trkpt lat="31.23553126586739" lon="121.34363715229925">
        <ele>6.199999809265137</ele>
        <time>2026-09-10T10:55:49Z</time>
        <extensions>
          <gpxtpx:TrackPointExtension>
            <gpxtpx:hr>140</gpxtpx:hr>
          </gpxtpx:TrackPointExtension>
        </extensions>
      </trkpt>
      <trkpt lat="31.235414298516535" lon="121.34364913750379">
        <ele>6.0</ele>
        <time>2026-09-10T10:55:53Z</time>
        <extensions>
          <gpxtpx:TrackPointExtension>
            <gpxtpx:hr>140</gpxtpx:hr>
          </gpxtpx:TrackPointExtension>
        </extensions>
      </trkpt>
      <trkpt lat="31.235306348111564" lon="121.34364914684282">
        <ele>6.199999809265137</ele>
        <time>2026-09-10T10:55:57Z</time>
        <extensions>
          <gpxtpx:TrackPointExtension>
            <gpxtpx:hr>141</gpxtpx:hr>
          </gpxtpx:TrackPointExtension>
        </extensions>
      </trkpt>
      <trkpt lat="31.235196395125126" lon="121.34365115220292">
        <ele>6.199999809265137</ele>
        <time>2026-09-10T10:56:01Z</time>
        <extensions>
          <gpxtpx:TrackPointExtension>
            <gpxtpx:hr>141</gpxtpx:hr>
          </gpxtpx:TrackPointExtension>
        </extensions>
      </trkpt>
      <trkpt lat="31.235084443068775" lon="121.343653157736">
        <ele>6.0</ele>
        <time>2026-09-10T10:56:05Z</time>
        <extensions>
          <gpxtpx:TrackPointExtension>
            <gpxtpx:hr>142</gpxtpx:hr>
          </gpxtpx:TrackPointExtension>
        </extensions>
      </trkpt>
      <trkpt lat="31.234985467496745" lon="121.34366514138772">
        <ele>6.199999809265137</ele>
        <time>2026-09-10T10:56:09Z</time>
        <extensions>
          <gpxtpx:TrackPointExtension>
            <gpxtpx:hr>142</gpxtpx:hr>
          </gpxtpx:TrackPointExtension>
        </extensions>
      </trkpt>
      <trkpt lat="31.23488049118385" lon="121.3436791214103">
        <ele>6.400000095367432</ele>
        <time>2026-09-10T10:56:13Z</time>
        <extensions>
          <gpxtpx:TrackPointExtension>
            <gpxtpx:hr>142</gpxtpx:hr>
          </gpxtpx:TrackPointExtension>
        </extensions>
      </trkpt>
      <trkpt lat="31.23476553176549" lon="121.34368611682748">
        <ele>6.400000095367432</ele>
        <time>2026-09-10T10:56:17Z</time>
        <extensions>
          <gpxtpx:TrackPointExtension>
            <gpxtpx:hr>142</gpxtpx:hr>
          </gpxtpx:TrackPointExtension>
        </extensions>
      </trkpt>
      <trkpt lat="31.234644576874" lon="121.34369211483953">
        <ele>6.199999809265137</ele>
        <time>2026-09-10T10:56:21Z</time>
        <extensions>
          <gpxtpx:TrackPointExtension>
            <gpxtpx:hr>137</gpxtpx:hr>
          </gpxtpx:TrackPointExtension>
        </extensions>
      </trkpt>
      <trkpt lat="31.23452961046335" lon="121.34370310195872">
        <ele>6.199999809265137</ele>
        <time>2026-09-10T10:56:25Z</time>
        <extensions>
          <gpxtpx:TrackPointExtension>
            <gpxtpx:hr>138</gpxtpx:hr>
          </gpxtpx:TrackPointExtension>
        </extensions>
      </trkpt>
      <trkpt lat="31.23442064481516" lon="121.34371209271083">
        <ele>6.199999809265137</ele>
        <time>2026-09-10T10:56:29Z</time>
        <extensions>
          <gpxtpx:TrackPointExtension>
            <gpxtpx:hr>138</gpxtpx:hr>
          </gpxtpx:TrackPointExtension>
        </extensions>
      </trkpt>
      <trkpt lat="31.234317674663775" lon="121.34372208087115">
        <ele>6.199999809265137</ele>
        <time>2026-09-10T10:56:33Z</time>
        <extensions>
          <gpxtpx:TrackPointExtension>
            <gpxtpx:hr>139</gpxtpx:hr>
          </gpxtpx:TrackPointExtension>
        </extensions>
      </trkpt>
      <trkpt lat="31.23419970090306" lon="121.34373805788485">
        <ele>5.800000190734863</ele>
        <time>2026-09-10T10:56:37Z</time>
        <extensions>
          <gpxtpx:TrackPointExtension>
            <gpxtpx:hr>139</gpxtpx:hr>
          </gpxtpx:TrackPointExtension>
        </extensions>
      </trkpt>
      <trkpt lat="31.234097705763105" lon="121.34376201692939">
        <ele>6.0</ele>
        <time>2026-09-10T10:56:41Z</time>
        <extensions>
          <gpxtpx:TrackPointExtension>
            <gpxtpx:hr>138</gpxtpx:hr>
          </gpxtpx:TrackPointExtension>
        </extensions>
      </trkpt>
      <trkpt lat="31.233984687656076" lon="121.34380194376628">
        <ele>6.0</ele>
        <time>2026-09-10T10:56:45Z</time>
        <extensions>
          <gpxtpx:TrackPointExtension>
            <gpxtpx:hr>138</gpxtpx:hr>
          </gpxtpx:TrackPointExtension>
        </extensions>
      </trkpt>
      <trkpt lat="31.233884688134033" lon="121.34382789852273">
        <ele>6.199999809265137</ele>
        <time>2026-09-10T10:56:49Z</time>
        <extensions>
          <gpxtpx:TrackPointExtension>
            <gpxtpx:hr>139</gpxtpx:hr>
          </gpxtpx:TrackPointExtension>
        </extensions>
      </trkpt>
      <trkpt lat="31.23378371713017" lon="121.3438378865327">
        <ele>6.199999809265137</ele>
        <time>2026-09-10T10:56:53Z</time>
        <extensions>
          <gpxtpx:TrackPointExtension>
            <gpxtpx:hr>139</gpxtpx:hr>
          </gpxtpx:TrackPointExtension>
        </extensions>
      </trkpt>
      <trkpt lat="31.23367973700582" lon="121.34385386237192">
        <ele>6.400000095367432</ele>
        <time>2026-09-10T10:56:57Z</time>
        <extensions>
          <gpxtpx:TrackPointExtension>
            <gpxtpx:hr>141</gpxtpx:hr>
          </gpxtpx:TrackPointExtension>
        </extensions>
      </trkpt>
      <trkpt lat="31.233574801160533" lon="121.34384489009983">
        <ele>6.199999809265137</ele>
        <time>2026-09-10T10:57:01Z</time>
        <extensions>
          <gpxtpx:TrackPointExtension>
            <gpxtpx:hr>143</gpxtpx:hr>
          </gpxtpx:TrackPointExtension>
        </extensions>
      </trkpt>
      <trkpt lat="31.233476872615373" lon="121.34382992965811">
        <ele>6.199999809265137</ele>
        <time>2026-09-10T10:57:05Z</time>
        <extensions>
          <gpxtpx:TrackPointExtension>
            <gpxtpx:hr>144</gpxtpx:hr>
          </gpxtpx:TrackPointExtension>
        </extensions>
      </trkpt>
      <trkpt lat="31.23336989565361" lon="121.34384490782637">
        <ele>6.199999809265137</ele>
        <time>2026-09-10T10:57:09Z</time>
        <extensions>
          <gpxtpx:TrackPointExtension>
            <gpxtpx:hr>143</gpxtpx:hr>
          </gpxtpx:TrackPointExtension>
        </extensions>
      </trkpt>
      <trkpt lat="31.233266918613477" lon="121.34385888772496">
        <ele>6.400000095367432</ele>
        <time>2026-09-10T10:57:13Z</time>
        <extensions>
          <gpxtpx:TrackPointExtension>
            <gpxtpx:hr>142</gpxtpx:hr>
          </gpxtpx:TrackPointExtension>
        </extensions>
      </trkpt>
      <trkpt lat="31.233160971002643" lon="121.34385690103458">
        <ele>6.599999904632568</ele>
        <time>2026-09-10T10:57:17Z</time>
        <extensions>
          <gpxtpx:TrackPointExtension>
            <gpxtpx:hr>141</gpxtpx:hr>
          </gpxtpx:TrackPointExtension>
        </extensions>
      </trkpt>
      <trkpt lat="31.233060985593163" lon="121.34387487239074">
        <ele>6.800000190734863</ele>
        <time>2026-09-10T10:57:21Z</time>
        <extensions>
          <gpxtpx:TrackPointExtension>
            <gpxtpx:hr>141</gpxtpx:hr>
          </gpxtpx:TrackPointExtension>
        </extensions>
      </trkpt>
      <trkpt lat="31.23295501873152" lon="121.34388386291353">
        <ele>6.599999904632568</ele>
        <time>2026-09-10T10:57:25Z</time>
        <extensions>
          <gpxtpx:TrackPointExtension>
            <gpxtpx:hr>142</gpxtpx:hr>
          </gpxtpx:TrackPointExtension>
        </extensions>
      </trkpt>
      <trkpt lat="31.232842067373642" lon="121.34388586854195">
        <ele>6.800000190734863</ele>
        <time>2026-09-10T10:57:29Z</time>
        <extensions>
          <gpxtpx:TrackPointExtension>
            <gpxtpx:hr>142</gpxtpx:hr>
          </gpxtpx:TrackPointExtension>
        </extensions>
      </trkpt>
      <trkpt lat="31.232731095836638" lon="121.34389885121459">
        <ele>6.800000190734863</ele>
        <time>2026-09-10T10:57:33Z</time>
        <extensions>
          <gpxtpx:TrackPointExtension>
            <gpxtpx:hr>143</gpxtpx:hr>
          </gpxtpx:TrackPointExtension>
        </extensions>
      </trkpt>
      <trkpt lat="31.232628132879345" lon="121.34390484769492">
        <ele>6.800000190734863</ele>
        <time>2026-09-10T10:57:37Z</time>
        <extensions>
          <gpxtpx:TrackPointExtension>
            <gpxtpx:hr>142</gpxtpx:hr>
          </gpxtpx:TrackPointExtension>
        </extensions>
      </trkpt>
      <trkpt lat="31.232518143394806" lon="121.34392780957994">
        <ele>6.800000190734863</ele>
        <time>2026-09-10T10:57:41Z</time>
        <extensions>
          <gpxtpx:TrackPointExtension>
            <gpxtpx:hr>142</gpxtpx:hr>
          </gpxtpx:TrackPointExtension>
        </extensions>
      </trkpt>
      <trkpt lat="31.232397157260124" lon="121.34395177035644">
        <ele>7.0</ele>
        <time>2026-09-10T10:57:45Z</time>
        <extensions>
          <gpxtpx:TrackPointExtension>
            <gpxtpx:hr>142</gpxtpx:hr>
          </gpxtpx:TrackPointExtension>
        </extensions>
      </trkpt>
      <trkpt lat="31.232299206034224" lon="121.34394978297057">
        <ele>7.0</ele>
        <time>2026-09-10T10:57:49Z</time>
        <extensions>
          <gpxtpx:TrackPointExtension>
            <gpxtpx:hr>142</gpxtpx:hr>
          </gpxtpx:TrackPointExtension>
        </extensions>
      </trkpt>
      <trkpt lat="31.23218426792523" lon="121.34394480326512">
        <ele>6.800000190734863</ele>
        <time>2026-09-10T10:57:53Z</time>
        <extensions>
          <gpxtpx:TrackPointExtension>
            <gpxtpx:hr>140</gpxtpx:hr>
          </gpxtpx:TrackPointExtension>
        </extensions>
      </trkpt>
      <trkpt lat="31.23206931057019" lon="121.34395080078843">
        <ele>6.800000190734863</ele>
        <time>2026-09-10T10:57:57Z</time>
        <extensions>
          <gpxtpx:TrackPointExtension>
            <gpxtpx:hr>141</gpxtpx:hr>
          </gpxtpx:TrackPointExtension>
        </extensions>
      </trkpt>
      <trkpt lat="31.23197432997724" lon="121.3439647800243">
        <ele>6.800000190734863</ele>
        <time>2026-09-10T10:58:01Z</time>
        <extensions>
          <gpxtpx:TrackPointExtension>
            <gpxtpx:hr>141</gpxtpx:hr>
          </gpxtpx:TrackPointExtension>
        </extensions>
      </trkpt>
      <trkpt lat="31.231873367922773" lon="121.34396977840905">
        <ele>7.0</ele>
        <time>2026-09-10T10:58:05Z</time>
        <extensions>
          <gpxtpx:TrackPointExtension>
            <gpxtpx:hr>142</gpxtpx:hr>
          </gpxtpx:TrackPointExtension>
        </extensions>
      </trkpt>
      <trkpt lat="31.23176737668763" lon="121.34399273997755">
        <ele>7.400000095367432</ele>
        <time>2026-09-10T10:58:09Z</time>
        <extensions>
          <gpxtpx:TrackPointExtension>
            <gpxtpx:hr>144</gpxtpx:hr>
          </gpxtpx:TrackPointExtension>
        </extensions>
      </trkpt>
      <trkpt lat="31.23166142396719" lon="121.34399374707402">
        <ele>7.599999904632568</ele>
        <time>2026-09-10T10:58:13Z</time>
        <extensions>
          <gpxtpx:TrackPointExtension>
            <gpxtpx:hr>145</gpxtpx:hr>
          </gpxtpx:TrackPointExtension>
        </extensions>
      </trkpt>
      <trkpt lat="31.231555481757137" lon="121.34398876658588">
        <ele>7.599999904632568</ele>
        <time>2026-09-10T10:58:17Z</time>
        <extensions>
          <gpxtpx:TrackPointExtension>
            <gpxtpx:hr>145</gpxtpx:hr>
          </gpxtpx:TrackPointExtension>
        </extensions>
      </trkpt>
      <trkpt lat="31.231455494781862" lon="121.3440077359197">
        <ele>7.800000190734863</ele>
        <time>2026-09-10T10:58:21Z</time>
        <extensions>
          <gpxtpx:TrackPointExtension>
            <gpxtpx:hr>145</gpxtpx:hr>
          </gpxtpx:TrackPointExtension>
        </extensions>
      </trkpt>
      <trkpt lat="31.231354543276872" lon="121.3440067467219">
        <ele>8.0</ele>
        <time>2026-09-10T10:58:25Z</time>
        <extensions>
          <gpxtpx:TrackPointExtension>
            <gpxtpx:hr>145</gpxtpx:hr>
          </gpxtpx:TrackPointExtension>
        </extensions>
      </trkpt>
      <trkpt lat="31.23125060366915" lon="121.34399977019754">
        <ele>7.800000190734863</ele>
        <time>2026-09-10T10:58:29Z</time>
        <extensions>
          <gpxtpx:TrackPointExtension>
            <gpxtpx:hr>145</gpxtpx:hr>
          </gpxtpx:TrackPointExtension>
        </extensions>
      </trkpt>
      <trkpt lat="31.231152610550073" lon="121.34402173315654">
        <ele>8.0</ele>
        <time>2026-09-10T10:58:33Z</time>
        <extensions>
          <gpxtpx:TrackPointExtension>
            <gpxtpx:hr>146</gpxtpx:hr>
          </gpxtpx:TrackPointExtension>
        </extensions>
      </trkpt>
      <trkpt lat="31.231034624961282" lon="121.34404469578622">
        <ele>8.0</ele>
        <time>2026-09-10T10:58:37Z</time>
        <extensions>
          <gpxtpx:TrackPointExtension>
            <gpxtpx:hr>145</gpxtpx:hr>
          </gpxtpx:TrackPointExtension>
        </extensions>
      </trkpt>
      <trkpt lat="31.230906675507498" lon="121.34404969651337">
        <ele>8.199999809265137</ele>
        <time>2026-09-10T10:58:41Z</time>
        <extensions>
          <gpxtpx:TrackPointExtension>
            <gpxtpx:hr>145</gpxtpx:hr>
          </gpxtpx:TrackPointExtension>
        </extensions>
      </trkpt>
      <trkpt lat="31.230801708415235" lon="121.34405868698046">
        <ele>8.199999809265137</ele>
        <time>2026-09-10T10:58:45Z</time>
        <extensions>
          <gpxtpx:TrackPointExtension>
            <gpxtpx:hr>146</gpxtpx:hr>
          </gpxtpx:TrackPointExtension>
        </extensions>
      </trkpt>
      <trkpt lat="31.230714739987384" lon="121.34406368416381">
        <ele>8.199999809265137</ele>
        <time>2026-09-10T10:58:49Z</time>
        <extensions>
          <gpxtpx:TrackPointExtension>
            <gpxtpx:hr>146</gpxtpx:hr>
          </gpxtpx:TrackPointExtension>
        </extensions>
      </trkpt>
      <trkpt lat="31.230608832845054" lon="121.34403874503056">
        <ele>8.399999618530273</ele>
        <time>2026-09-10T10:58:53Z</time>
        <extensions>
          <gpxtpx:TrackPointExtension>
            <gpxtpx:hr>145</gpxtpx:hr>
          </gpxtpx:TrackPointExtension>
        </extensions>
      </trkpt>
      <trkpt lat="31.230507867423277" lon="121.34404573928607">
        <ele>8.399999618530273</ele>
        <time>2026-09-10T10:58:57Z</time>
        <extensions>
          <gpxtpx:TrackPointExtension>
            <gpxtpx:hr>146</gpxtpx:hr>
          </gpxtpx:TrackPointExtension>
        </extensions>
      </trkpt>
      <trkpt lat="31.23039590886165" lon="121.34405173656167">
        <ele>8.399999618530273</ele>
        <time>2026-09-10T10:59:01Z</time>
        <extensions>
          <gpxtpx:TrackPointExtension>
            <gpxtpx:hr>146</gpxtpx:hr>
          </gpxtpx:TrackPointExtension>
        </extensions>
      </trkpt>
      <trkpt lat="31.230288970730737" lon="121.3440447602902">
        <ele>8.399999618530273</ele>
        <time>2026-09-10T10:59:05Z</time>
        <extensions>
          <gpxtpx:TrackPointExtension>
            <gpxtpx:hr>147</gpxtpx:hr>
          </gpxtpx:TrackPointExtension>
        </extensions>
      </trkpt>
      <trkpt lat="31.230193034505053" lon="121.34403379134189">
        <ele>8.399999618530273</ele>
        <time>2026-09-10T10:59:09Z</time>
        <extensions>
          <gpxtpx:TrackPointExtension>
            <gpxtpx:hr>148</gpxtpx:hr>
          </gpxtpx:TrackPointExtension>
        </extensions>
      </trkpt>
      <trkpt lat="31.230077060338495" lon="121.34404976828017">
        <ele>8.399999618530273</ele>
        <time>2026-09-10T10:59:13Z</time>
        <extensions>
          <gpxtpx:TrackPointExtension>
            <gpxtpx:hr>149</gpxtpx:hr>
          </gpxtpx:TrackPointExtension>
        </extensions>
      </trkpt>
      <trkpt lat="31.229967090398926" lon="121.34406175297589">
        <ele>8.399999618530273</ele>
        <time>2026-09-10T10:59:17Z</time>
        <extensions>
          <gpxtpx:TrackPointExtension>
            <gpxtpx:hr>149</gpxtpx:hr>
          </gpxtpx:TrackPointExtension>
        </extensions>
      </trkpt>
      <trkpt lat="31.229865148238275" lon="121.34405577420257">
        <ele>8.399999618530273</ele>
        <time>2026-09-10T10:59:21Z</time>
        <extensions>
          <gpxtpx:TrackPointExtension>
            <gpxtpx:hr>150</gpxtpx:hr>
          </gpxtpx:TrackPointExtension>
        </extensions>
      </trkpt>
      <trkpt lat="31.229759188705728" lon="121.34406077302829">
        <ele>8.399999618530273</ele>
        <time>2026-09-10T10:59:25Z</time>
        <extensions>
          <gpxtpx:TrackPointExtension>
            <gpxtpx:hr>150</gpxtpx:hr>
          </gpxtpx:TrackPointExtension>
        </extensions>
      </trkpt>
      <trkpt lat="31.2296542147291" lon="121.34407375522667">
        <ele>8.399999618530273</ele>
        <time>2026-09-10T10:59:29Z</time>
        <extensions>
          <gpxtpx:TrackPointExtension>
            <gpxtpx:hr>150</gpxtpx:hr>
          </gpxtpx:TrackPointExtension>
        </extensions>
      </trkpt>
      <trkpt lat="31.2295522306293" lon="121.34409172683257">
        <ele>8.199999809265137</ele>
        <time>2026-09-10T10:59:33Z</time>
        <extensions>
          <gpxtpx:TrackPointExtension>
            <gpxtpx:hr>150</gpxtpx:hr>
          </gpxtpx:TrackPointExtension>
        </extensions>
      </trkpt>
      <trkpt lat="31.229448284187676" lon="121.34408874202659">
        <ele>8.0</ele>
        <time>2026-09-10T10:59:37Z</time>
        <extensions>
          <gpxtpx:TrackPointExtension>
            <gpxtpx:hr>150</gpxtpx:hr>
          </gpxtpx:TrackPointExtension>
        </extensions>
      </trkpt>
      <trkpt lat="31.229339315601692" lon="121.3440997287121">
        <ele>8.199999809265137</ele>
        <time>2026-09-10T10:59:41Z</time>
        <extensions>
          <gpxtpx:TrackPointExtension>
            <gpxtpx:hr>150</gpxtpx:hr>
          </gpxtpx:TrackPointExtension>
        </extensions>
      </trkpt>
      <trkpt lat="31.22922633140715" lon="121.34412069507827">
        <ele>8.199999809265137</ele>
        <time>2026-09-10T10:59:45Z</time>
        <extensions>
          <gpxtpx:TrackPointExtension>
            <gpxtpx:hr>150</gpxtpx:hr>
          </gpxtpx:TrackPointExtension>
        </extensions>
      </trkpt>
      <trkpt lat="31.22911834840201" lon="121.34413966515335">
        <ele>8.399999618530273</ele>
        <time>2026-09-10T10:59:49Z</time>
        <extensions>
          <gpxtpx:TrackPointExtension>
            <gpxtpx:hr>150</gpxtpx:hr>
          </gpxtpx:TrackPointExtension>
        </extensions>
      </trkpt>
      <trkpt lat="31.229005383464937" lon="121.34414965426188">
        <ele>8.600000381469727</ele>
        <time>2026-09-10T10:59:53Z</time>
        <extensions>
          <gpxtpx:TrackPointExtension>
            <gpxtpx:hr>150</gpxtpx:hr>
          </gpxtpx:TrackPointExtension>
        </extensions>
      </trkpt>
      <trkpt lat="31.228892422035674" lon="121.3441576475042">
        <ele>8.600000381469727</ele>
        <time>2026-09-10T10:59:57Z</time>
        <extensions>
          <gpxtpx:TrackPointExtension>
            <gpxtpx:hr>150</gpxtpx:hr>
          </gpxtpx:TrackPointExtension>
        </extensions>
      </trkpt>
      <trkpt lat="31.22879345061182" lon="121.34416763540578">
        <ele>8.800000190734863</ele>
        <time>2026-09-10T11:00:01Z</time>
        <extensions>
          <gpxtpx:TrackPointExtension>
            <gpxtpx:hr>151</gpxtpx:hr>
          </gpxtpx:TrackPointExtension>
        </extensions>
      </trkpt>
      <trkpt lat="31.22869150505439" lon="121.34416365248808">
        <ele>8.800000190734863</ele>
        <time>2026-09-10T11:00:05Z</time>
        <extensions>
          <gpxtpx:TrackPointExtension>
            <gpxtpx:hr>151</gpxtpx:hr>
          </gpxtpx:TrackPointExtension>
        </extensions>
      </trkpt>
      <trkpt lat="31.228587544712" lon="121.34416865115143">
        <ele>8.800000190734863</ele>
        <time>2026-09-10T11:00:09Z</time>
        <extensions>
          <gpxtpx:TrackPointExtension>
            <gpxtpx:hr>151</gpxtpx:hr>
          </gpxtpx:TrackPointExtension>
        </extensions>
      </trkpt>
      <trkpt lat="31.22847957750628" lon="121.34417863983333">
        <ele>8.800000190734863</ele>
        <time>2026-09-10T11:00:13Z</time>
        <extensions>
          <gpxtpx:TrackPointExtension>
            <gpxtpx:hr>151</gpxtpx:hr>
          </gpxtpx:TrackPointExtension>
        </extensions>
      </trkpt>
      <trkpt lat="31.22836763488553" lon="121.34417565571371">
        <ele>9.0</ele>
        <time>2026-09-10T11:00:17Z</time>
        <extensions>
          <gpxtpx:TrackPointExtension>
            <gpxtpx:hr>151</gpxtpx:hr>
          </gpxtpx:TrackPointExtension>
        </extensions>
      </trkpt>
      <trkpt lat="31.22826068994787" lon="121.34417267116189">
        <ele>9.0</ele>
        <time>2026-09-10T11:00:21Z</time>
        <extensions>
          <gpxtpx:TrackPointExtension>
            <gpxtpx:hr>152</gpxtpx:hr>
          </gpxtpx:TrackPointExtension>
        </extensions>
      </trkpt>
      <trkpt lat="31.228158726967976" lon="121.34417866758761">
        <ele>9.199999809265137</ele>
        <time>2026-09-10T11:00:25Z</time>
        <extensions>
          <gpxtpx:TrackPointExtension>
            <gpxtpx:hr>151</gpxtpx:hr>
          </gpxtpx:TrackPointExtension>
        </extensions>
      </trkpt>
      <trkpt lat="31.22805376190174" lon="121.34418666014273">
        <ele>9.199999809265137</ele>
        <time>2026-09-10T11:00:29Z</time>
        <extensions>
          <gpxtpx:TrackPointExtension>
            <gpxtpx:hr>152</gpxtpx:hr>
          </gpxtpx:TrackPointExtension>
        </extensions>
      </trkpt>
      <trkpt lat="31.227958771226994" lon="121.34420662705372">
        <ele>9.399999618530273</ele>
        <time>2026-09-10T11:00:33Z</time>
        <extensions>
          <gpxtpx:TrackPointExtension>
            <gpxtpx:hr>151</gpxtpx:hr>
          </gpxtpx:TrackPointExtension>
        </extensions>
      </trkpt>
      <trkpt lat="31.227848766603408" lon="121.34423857049643">
        <ele>9.399999618530273</ele>
        <time>2026-09-10T11:00:37Z</time>
        <extensions>
          <gpxtpx:TrackPointExtension>
            <gpxtpx:hr>151</gpxtpx:hr>
          </gpxtpx:TrackPointExtension>
        </extensions>
      </trkpt>
      <trkpt lat="31.22773977376028" lon="121.34426352831917">
        <ele>9.399999618530273</ele>
        <time>2026-09-10T11:00:41Z</time>
        <extensions>
          <gpxtpx:TrackPointExtension>
            <gpxtpx:hr>151</gpxtpx:hr>
          </gpxtpx:TrackPointExtension>
        </extensions>
      </trkpt>
      <trkpt lat="31.227630807118455" lon="121.34427351710636">
        <ele>9.800000190734863</ele>
        <time>2026-09-10T11:00:45Z</time>
        <extensions>
          <gpxtpx:TrackPointExtension>
            <gpxtpx:hr>151</gpxtpx:hr>
          </gpxtpx:TrackPointExtension>
        </extensions>
      </trkpt>
      <trkpt lat="31.227516849802015" lon="121.34427951458167">
        <ele>10.0</ele>
        <time>2026-09-10T11:00:49Z</time>
        <extensions>
          <gpxtpx:TrackPointExtension>
            <gpxtpx:hr>151</gpxtpx:hr>
          </gpxtpx:TrackPointExtension>
        </extensions>
      </trkpt>
      <trkpt lat="31.22741291052371" lon="121.3442725380186">
        <ele>9.800000190734863</ele>
        <time>2026-09-10T11:00:53Z</time>
        <extensions>
          <gpxtpx:TrackPointExtension>
            <gpxtpx:hr>151</gpxtpx:hr>
          </gpxtpx:TrackPointExtension>
        </extensions>
      </trkpt>
      <trkpt lat="31.22728694835572" lon="121.34428452415057">
        <ele>10.0</ele>
        <time>2026-09-10T11:00:57Z</time>
        <extensions>
          <gpxtpx:TrackPointExtension>
            <gpxtpx:hr>152</gpxtpx:hr>
          </gpxtpx:TrackPointExtension>
        </extensions>
      </trkpt>
      <trkpt lat="31.227174004571108" lon="121.34428253804747">
        <ele>10.199999809265137</ele>
        <time>2026-09-10T11:01:01Z</time>
        <extensions>
          <gpxtpx:TrackPointExtension>
            <gpxtpx:hr>152</gpxtpx:hr>
          </gpxtpx:TrackPointExtension>
        </extensions>
      </trkpt>
      <trkpt lat="31.22706508685913" lon="121.34426458461652">
        <ele>10.0</ele>
        <time>2026-09-10T11:01:05Z</time>
        <extensions>
          <gpxtpx:TrackPointExtension>
            <gpxtpx:hr>152</gpxtpx:hr>
          </gpxtpx:TrackPointExtension>
        </extensions>
      </trkpt>
      <trkpt lat="31.226951195941787" lon="121.34423266052393">
        <ele>10.0</ele>
        <time>2026-09-10T11:01:09Z</time>
        <extensions>
          <gpxtpx:TrackPointExtension>
            <gpxtpx:hr>152</gpxtpx:hr>
          </gpxtpx:TrackPointExtension>
        </extensions>
      </trkpt>
      <trkpt lat="31.22684224159439" lon="121.34423566375479">
        <ele>10.0</ele>
        <time>2026-09-10T11:01:13Z</time>
        <extensions>
          <gpxtpx:TrackPointExtension>
            <gpxtpx:hr>153</gpxtpx:hr>
          </gpxtpx:TrackPointExtension>
        </extensions>
      </trkpt>
      <trkpt lat="31.226741295744297" lon="121.34423168074463">
        <ele>10.0</ele>
        <time>2026-09-10T11:01:17Z</time>
        <extensions>
          <gpxtpx:TrackPointExtension>
            <gpxtpx:hr>153</gpxtpx:hr>
          </gpxtpx:TrackPointExtension>
        </extensions>
      </trkpt>
      <trkpt lat="31.226656356400184" lon="121.34421971286804">
        <ele>10.199999809265137</ele>
        <time>2026-09-10T11:01:21Z</time>
        <extensions>
          <gpxtpx:TrackPointExtension>
            <gpxtpx:hr>153</gpxtpx:hr>
          </gpxtpx:TrackPointExtension>
        </extensions>
      </trkpt>
      <trkpt lat="31.226541425841095" lon="121.34421074139333">
        <ele>10.199999809265137</ele>
        <time>2026-09-10T11:01:25Z</time>
        <extensions>
          <gpxtpx:TrackPointExtension>
            <gpxtpx:hr>153</gpxtpx:hr>
          </gpxtpx:TrackPointExtension>
        </extensions>
      </trkpt>
      <trkpt lat="31.226427404023728" lon="121.3442536624799">
        <ele>10.399999618530273</ele>
        <time>2026-09-10T11:01:29Z</time>
        <extensions>
          <gpxtpx:TrackPointExtension>
            <gpxtpx:hr>152</gpxtpx:hr>
          </gpxtpx:TrackPointExtension>
        </extensions>
      </trkpt>
      <trkpt lat="31.2263333257876" lon="121.34432352617652">
        <ele>10.199999809265137</ele>
        <time>2026-09-10T11:01:33Z</time>
        <extensions>
          <gpxtpx:TrackPointExtension>
            <gpxtpx:hr>153</gpxtpx:hr>
          </gpxtpx:TrackPointExtension>
        </extensions>
      </trkpt>
      <trkpt lat="31.226234263925146" lon="121.34438540689288">
        <ele>10.0</ele>
        <time>2026-09-10T11:01:37Z</time>
        <extensions>
          <gpxtpx:TrackPointExtension>
            <gpxtpx:hr>153</gpxtpx:hr>
          </gpxtpx:TrackPointExtension>
        </extensions>
      </trkpt>
      <trkpt lat="31.22614519223044" lon="121.34445028064076">
        <ele>10.0</ele>
        <time>2026-09-10T11:01:41Z</time>
        <extensions>
          <gpxtpx:TrackPointExtension>
            <gpxtpx:hr>153</gpxtpx:hr>
          </gpxtpx:TrackPointExtension>
        </extensions>
      </trkpt>
      <trkpt lat="31.22605313594763" lon="121.34450717120312">
        <ele>9.800000190734863</ele>
        <time>2026-09-10T11:01:45Z</time>
        <extensions>
          <gpxtpx:TrackPointExtension>
            <gpxtpx:hr>152</gpxtpx:hr>
          </gpxtpx:TrackPointExtension>
        </extensions>
      </trkpt>
      <trkpt lat="31.225953085208154" lon="121.34456306457994">
        <ele>9.600000381469727</ele>
        <time>2026-09-10T11:01:49Z</time>
        <extensions>
          <gpxtpx:TrackPointExtension>
            <gpxtpx:hr>151</gpxtpx:hr>
          </gpxtpx:TrackPointExtension>
        </extensions>
      </trkpt>
      <trkpt lat="31.225852059356296" lon="121.34460498690187">
        <ele>9.800000190734863</ele>
        <time>2026-09-10T11:01:53Z</time>
        <extensions>
          <gpxtpx:TrackPointExtension>
            <gpxtpx:hr>149</gpxtpx:hr>
          </gpxtpx:TrackPointExtension>
        </extensions>
      </trkpt>
      <trkpt lat="31.22581225564271" lon="121.3445032002763">
        <ele>9.800000190734863</ele>
        <time>2026-09-10T11:01:57Z</time>
        <extensions>
          <gpxtpx:TrackPointExtension>
            <gpxtpx:hr>149</gpxtpx:hr>
          </gpxtpx:TrackPointExtension>
        </extensions>
      </trkpt>
      <trkpt lat="31.225800425053308" lon="121.34440939494925">
        <ele>9.600000381469727</ele>
        <time>2026-09-10T11:02:01Z</time>
        <extensions>
          <gpxtpx:TrackPointExtension>
            <gpxtpx:hr>149</gpxtpx:hr>
          </gpxtpx:TrackPointExtension>
        </extensions>
      </trkpt>
      <trkpt lat="31.225689461303542" lon="121.34441838599906">
        <ele>9.600000381469727</ele>
        <time>2026-09-10T11:02:05Z</time>
        <extensions>
          <gpxtpx:TrackPointExtension>
            <gpxtpx:hr>148</gpxtpx:hr>
          </gpxtpx:TrackPointExtension>
        </extensions>
      </trkpt>
      <trkpt lat="31.225562513770434" lon="121.34442238873669">
        <ele>10.0</ele>
        <time>2026-09-10T11:02:09Z</time>
        <extensions>
          <gpxtpx:TrackPointExtension>
            <gpxtpx:hr>148</gpxtpx:hr>
          </gpxtpx:TrackPointExtension>
        </extensions>
      </trkpt>
      <trkpt lat="31.225457538522672" lon="121.34443636896809">
        <ele>10.199999809265137</ele>
        <time>2026-09-10T11:02:13Z</time>
        <extensions>
          <gpxtpx:TrackPointExtension>
            <gpxtpx:hr>149</gpxtpx:hr>
          </gpxtpx:TrackPointExtension>
        </extensions>
      </trkpt>
      <trkpt lat="31.225334575202194" lon="121.34444835487984">
        <ele>10.199999809265137</ele>
        <time>2026-09-10T11:02:17Z</time>
        <extensions>
          <gpxtpx:TrackPointExtension>
            <gpxtpx:hr>149</gpxtpx:hr>
          </gpxtpx:TrackPointExtension>
        </extensions>
      </trkpt>
      <trkpt lat="31.225212599232425" lon="121.34446732628952">
        <ele>10.0</ele>
        <time>2026-09-10T11:02:21Z</time>
        <extensions>
          <gpxtpx:TrackPointExtension>
            <gpxtpx:hr>150</gpxtpx:hr>
          </gpxtpx:TrackPointExtension>
        </extensions>
      </trkpt>
      <trkpt lat="31.225143511371712" lon="121.344536190182">
        <ele>9.399999618530273</ele>
        <time>2026-09-10T11:02:25Z</time>
        <extensions>
          <gpxtpx:TrackPointExtension>
            <gpxtpx:hr>151</gpxtpx:hr>
          </gpxtpx:TrackPointExtension>
        </extensions>
      </trkpt>
      <trkpt lat="31.225131398629294" lon="121.34460405129836">
        <ele>10.0</ele>
        <time>2026-09-10T11:02:29Z</time>
        <extensions>
          <gpxtpx:TrackPointExtension>
            <gpxtpx:hr>151</gpxtpx:hr>
          </gpxtpx:TrackPointExtension>
        </extensions>
      </trkpt>
      <trkpt lat="31.225133189000363" lon="121.34472380443162">
        <ele>9.399999618530273</ele>
        <time>2026-09-10T11:02:33Z</time>
        <extensions>
          <gpxtpx:TrackPointExtension>
            <gpxtpx:hr>151</gpxtpx:hr>
          </gpxtpx:TrackPointExtension>
        </extensions>
      </trkpt>
      <trkpt lat="31.225127982888726" lon="121.34484355845983">
        <ele>9.600000381469727</ele>
        <time>2026-09-10T11:02:37Z</time>
        <extensions>
          <gpxtpx:TrackPointExtension>
            <gpxtpx:hr>149</gpxtpx:hr>
          </gpxtpx:TrackPointExtension>
        </extensions>
      </trkpt>
      <trkpt lat="31.22507881844082" lon="121.34495134118201">
        <ele>9.800000190734863</ele>
        <time>2026-09-10T11:02:41Z</time>
        <extensions>
          <gpxtpx:TrackPointExtension>
            <gpxtpx:hr>145</gpxtpx:hr>
          </gpxtpx:TrackPointExtension>
        </extensions>
      </trkpt>
      <trkpt lat="31.224984881563564" lon="121.34494037186093">
        <ele>9.800000190734863</ele>
        <time>2026-09-10T11:02:45Z</time>
        <extensions>
          <gpxtpx:TrackPointExtension>
            <gpxtpx:hr>144</gpxtpx:hr>
          </gpxtpx:TrackPointExtension>
        </extensions>
      </trkpt>
      <trkpt lat="31.224881985346503" lon="121.3449084463835">
        <ele>9.600000381469727</ele>
        <time>2026-09-10T11:02:49Z</time>
        <extensions>
          <gpxtpx:TrackPointExtension>
            <gpxtpx:hr>143</gpxtpx:hr>
          </gpxtpx:TrackPointExtension>
        </extensions>
      </trkpt>
      <trkpt lat="31.22477709009351" lon="121.3448765210996">
        <ele>9.600000381469727</ele>
        <time>2026-09-10T11:02:53Z</time>
        <extensions>
          <gpxtpx:TrackPointExtension>
            <gpxtpx:hr>144</gpxtpx:hr>
          </gpxtpx:TrackPointExtension>
        </extensions>
      </trkpt>
      <trkpt lat="31.224669194537906" lon="121.3448455940435">
        <ele>9.600000381469727</ele>
        <time>2026-09-10T11:02:57Z</time>
        <extensions>
          <gpxtpx:TrackPointExtension>
            <gpxtpx:hr>143</gpxtpx:hr>
          </gpxtpx:TrackPointExtension>
        </extensions>
      </trkpt>
      <trkpt lat="31.224554284926292" lon="121.34482464708562">
        <ele>9.800000190734863</ele>
        <time>2026-09-10T11:03:01Z</time>
        <extensions>
          <gpxtpx:TrackPointExtension>
            <gpxtpx:hr>144</gpxtpx:hr>
          </gpxtpx:TrackPointExtension>
        </extensions>
      </trkpt>
      <trkpt lat="31.22445033370508" lon="121.34482465607792">
        <ele>9.600000381469727</ele>
        <time>2026-09-10T11:03:05Z</time>
        <extensions>
          <gpxtpx:TrackPointExtension>
            <gpxtpx:hr>145</gpxtpx:hr>
          </gpxtpx:TrackPointExtension>
        </extensions>
      </trkpt>
      <trkpt lat="31.224347378551478" lon="121.34482666087872">
        <ele>9.399999618530273</ele>
        <time>2026-09-10T11:03:09Z</time>
        <extensions>
          <gpxtpx:TrackPointExtension>
            <gpxtpx:hr>145</gpxtpx:hr>
          </gpxtpx:TrackPointExtension>
        </extensions>
      </trkpt>
      <trkpt lat="31.22424640163362" lon="121.34484064087881">
        <ele>9.600000381469727</ele>
        <time>2026-09-10T11:03:13Z</time>
        <extensions>
          <gpxtpx:TrackPointExtension>
            <gpxtpx:hr>144</gpxtpx:hr>
          </gpxtpx:TrackPointExtension>
        </extensions>
      </trkpt>
      <trkpt lat="31.22414441304627" lon="121.34486160660649">
        <ele>9.800000190734863</ele>
        <time>2026-09-10T11:03:17Z</time>
        <extensions>
          <gpxtpx:TrackPointExtension>
            <gpxtpx:hr>145</gpxtpx:hr>
          </gpxtpx:TrackPointExtension>
        </extensions>
      </trkpt>
      <trkpt lat="31.224032423963564" lon="121.34488556705384">
        <ele>10.0</ele>
        <time>2026-09-10T11:03:21Z</time>
        <extensions>
          <gpxtpx:TrackPointExtension>
            <gpxtpx:hr>145</gpxtpx:hr>
          </gpxtpx:TrackPointExtension>
        </extensions>
      </trkpt>
      <trkpt lat="31.223932425797113" lon="121.34491152237383">
        <ele>9.800000190734863</ele>
        <time>2026-09-10T11:03:25Z</time>
        <extensions>
          <gpxtpx:TrackPointExtension>
            <gpxtpx:hr>146</gpxtpx:hr>
          </gpxtpx:TrackPointExtension>
        </extensions>
      </trkpt>
      <trkpt lat="31.223844425484554" lon="121.34493548077053">
        <ele>9.800000190734863</ele>
        <time>2026-09-10T11:03:29Z</time>
        <extensions>
          <gpxtpx:TrackPointExtension>
            <gpxtpx:hr>147</gpxtpx:hr>
          </gpxtpx:TrackPointExtension>
        </extensions>
      </trkpt>
      <trkpt lat="31.223749430210525" lon="121.34495844183402">
        <ele>10.0</ele>
        <time>2026-09-10T11:03:33Z</time>
        <extensions>
          <gpxtpx:TrackPointExtension>
            <gpxtpx:hr>147</gpxtpx:hr>
          </gpxtpx:TrackPointExtension>
        </extensions>
      </trkpt>
      <trkpt lat="31.223723341867203" lon="121.34501632522829">
        <ele>10.0</ele>
        <time>2026-09-10T11:03:37Z</time>
        <extensions>
          <gpxtpx:TrackPointExtension>
            <gpxtpx:hr>146</gpxtpx:hr>
          </gpxtpx:TrackPointExtension>
        </extensions>
      </trkpt>
      <trkpt lat="31.223733271319272" lon="121.34505424653103">
        <ele>10.199999809265137</ele>
        <time>2026-09-10T11:03:41Z</time>
        <extensions>
          <gpxtpx:TrackPointExtension>
            <gpxtpx:hr>146</gpxtpx:hr>
          </gpxtpx:TrackPointExtension>
        </extensions>
      </trkpt>
      <trkpt lat="31.22377815664748" lon="121.34510813208642">
        <ele>10.600000381469727</ele>
        <time>2026-09-10T11:03:46Z</time>
        <extensions>
          <gpxtpx:TrackPointExtension>
            <gpxtpx:hr>142</gpxtpx:hr>
          </gpxtpx:TrackPointExtension>
        </extensions>
      </trkpt>
    </trkseg>
  </trk>
</gpx>