<?xml version="1.0" encoding="UTF-8"?>
<gpx xmlns="http://www.topografix.com/GPX/1/1" xmlns:gpxtpx="http://www.garmin.com/xmlschemas/TrackPointExtension/v1" xmlns:xsi="http://www.w3.org/2001/XMLSchema-instance" xsi:schemaLocation="http://www.topografix.com/GPX/1/1 http://www.topografix.com/GPX/1/1/gpx.xsd" version="1.1" creator="gpx.py -- https://github.com/tkrajina/gpxpy">
  <trk>
    <name>gpx from keep</name>
    <type>Run</type>
    <trkseg>
      <trkpt lat="31.239326220698157" lon="121.34211800595232">
        <ele>8.0</ele>
        <time>2026-09-19T09:46:22Z</time>
        <extensions>
          <gpxtpx:TrackPointExtension>
            <gpxtpx:hr>154</gpxtpx:hr>
          </gpxtpx:TrackPointExtension>
        </extensions>
      </trkpt>
      <trkpt lat="31.23923333778629" lon="121.34207610239284">
        <ele>8.199999809265137</ele>
        <time>2026-09-19T09:46:26Z</time>
        <extensions>
          <gpxtpx:TrackPointExtension>
            <gpxtpx:hr>156</gpxtpx:hr>
          </gpxtpx:TrackPointExtension>
        </extensions>
      </trkpt>
      <trkpt lat="31.23911750989217" lon="121.34200925350572">
        <ele>8.199999809265137</ele>
        <time>2026-09-19T09:46:30Z</time>
        <extensions>
          <gpxtpx:TrackPointExtension>
            <gpxtpx:hr>156</gpxtpx:hr>
          </gpxtpx:TrackPointExtension>
        </extensions>
      </trkpt>
      <trkpt lat="31.239015663225302" lon="121.3419493887353">
        <ele>8.199999809265137</ele>
        <time>2026-09-19T09:46:34Z</time>
        <extensions>
          <gpxtpx:TrackPointExtension>
            <gpxtpx:hr>158</gpxtpx:hr>
          </gpxtpx:TrackPointExtension>
        </extensions>
      </trkpt>
      <trkpt lat="31.238945766393414" lon="121.34190947909639">
        <ele>8.199999809265137</ele>
        <time>2026-09-19T09:46:38Z</time>
        <extensions>
          <gpxtpx:TrackPointExtension>
            <gpxtpx:hr>160</gpxtpx:hr>
          </gpxtpx:TrackPointExtension>
        </extensions>
      </trkpt>
      <trkpt lat="31.2388508257447" lon="121.34190050628214">
        <ele>8.199999809265137</ele>
        <time>2026-09-19T09:46:42Z</time>
        <extensions>
          <gpxtpx:TrackPointExtension>
            <gpxtpx:hr>160</gpxtpx:hr>
          </gpxtpx:TrackPointExtension>
        </extensions>
      </trkpt>
      <trkpt lat="31.23874380149806" lon="121.34194142910789">
        <ele>8.0</ele>
        <time>2026-09-19T09:46:46Z</time>
        <extensions>
          <gpxtpx:TrackPointExtension>
            <gpxtpx:hr>161</gpxtpx:hr>
          </gpxtpx:TrackPointExtension>
        </extensions>
      </trkpt>
      <trkpt lat="31.238621833993356" lon="121.34195441225765">
        <ele>7.800000190734863</ele>
        <time>2026-09-19T09:46:50Z</time>
        <extensions>
          <gpxtpx:TrackPointExtension>
            <gpxtpx:hr>160</gpxtpx:hr>
          </gpxtpx:TrackPointExtension>
        </extensions>
      </trkpt>
      <trkpt lat="31.23850586910967" lon="121.34196440121302">
        <ele>7.599999904632568</ele>
        <time>2026-09-19T09:46:54Z</time>
        <extensions>
          <gpxtpx:TrackPointExtension>
            <gpxtpx:hr>161</gpxtpx:hr>
          </gpxtpx:TrackPointExtension>
        </extensions>
      </trkpt>
      <trkpt lat="31.23839391487997" lon="121.34196740457342">
        <ele>7.400000095367432</ele>
        <time>2026-09-19T09:46:58Z</time>
        <extensions>
          <gpxtpx:TrackPointExtension>
            <gpxtpx:hr>160</gpxtpx:hr>
          </gpxtpx:TrackPointExtension>
        </extensions>
      </trkpt>
      <trkpt lat="31.23827902080687" lon="121.34193747773419">
        <ele>7.400000095367432</ele>
        <time>2026-09-19T09:47:02Z</time>
        <extensions>
          <gpxtpx:TrackPointExtension>
            <gpxtpx:hr>161</gpxtpx:hr>
          </gpxtpx:TrackPointExtension>
        </extensions>
      </trkpt>
      <trkpt lat="31.2381751591558" lon="121.34188659423418">
        <ele>7.599999904632568</ele>
        <time>2026-09-19T09:47:06Z</time>
        <extensions>
          <gpxtpx:TrackPointExtension>
            <gpxtpx:hr>160</gpxtpx:hr>
          </gpxtpx:TrackPointExtension>
        </extensions>
      </trkpt>
      <trkpt lat="31.238078330013458" lon="121.3418157523658">
        <ele>7.599999904632568</ele>
        <time>2026-09-19T09:47:10Z</time>
        <extensions>
          <gpxtpx:TrackPointExtension>
            <gpxtpx:hr>160</gpxtpx:hr>
          </gpxtpx:TrackPointExtension>
        </extensions>
      </trkpt>
      <trkpt lat="31.237957529756923" lon="121.3417349337706">
        <ele>7.599999904632568</ele>
        <time>2026-09-19T09:47:14Z</time>
        <extensions>
          <gpxtpx:TrackPointExtension>
            <gpxtpx:hr>160</gpxtpx:hr>
          </gpxtpx:TrackPointExtension>
        </extensions>
      </trkpt>
      <trkpt lat="31.23785768252242" lon="121.34167506911449">
        <ele>7.400000095367432</ele>
        <time>2026-09-19T09:47:18Z</time>
        <extensions>
          <gpxtpx:TrackPointExtension>
            <gpxtpx:hr>160</gpxtpx:hr>
          </gpxtpx:TrackPointExtension>
        </extensions>
      </trkpt>
      <trkpt lat="31.237759793361832" lon="121.34163815574807">
        <ele>7.599999904632568</ele>
        <time>2026-09-19T09:47:22Z</time>
        <extensions>
          <gpxtpx:TrackPointExtension>
            <gpxtpx:hr>159</gpxtpx:hr>
          </gpxtpx:TrackPointExtension>
        </extensions>
      </trkpt>
      <trkpt lat="31.23768985571163" lon="121.3416211977191">
        <ele>7.599999904632568</ele>
        <time>2026-09-19T09:47:26Z</time>
        <extensions>
          <gpxtpx:TrackPointExtension>
            <gpxtpx:hr>159</gpxtpx:hr>
          </gpxtpx:TrackPointExtension>
        </extensions>
      </trkpt>
      <trkpt lat="31.237590947402605" lon="121.34159526122313">
        <ele>7.599999904632568</ele>
        <time>2026-09-19T09:47:30Z</time>
        <extensions>
          <gpxtpx:TrackPointExtension>
            <gpxtpx:hr>158</gpxtpx:hr>
          </gpxtpx:TrackPointExtension>
        </extensions>
      </trkpt>
      <trkpt lat="31.23746902640498" lon="121.34158229924577">
        <ele>7.599999904632568</ele>
        <time>2026-09-19T09:47:34Z</time>
        <extensions>
          <gpxtpx:TrackPointExtension>
            <gpxtpx:hr>157</gpxtpx:hr>
          </gpxtpx:TrackPointExtension>
        </extensions>
      </trkpt>
      <trkpt lat="31.237355099977858" lon="121.34157033446576">
        <ele>7.599999904632568</ele>
        <time>2026-09-19T09:47:38Z</time>
        <extensions>
          <gpxtpx:TrackPointExtension>
            <gpxtpx:hr>156</gpxtpx:hr>
          </gpxtpx:TrackPointExtension>
        </extensions>
      </trkpt>
      <trkpt lat="31.237246164130546" lon="121.34156236079927">
        <ele>7.599999904632568</ele>
        <time>2026-09-19T09:47:42Z</time>
        <extensions>
          <gpxtpx:TrackPointExtension>
            <gpxtpx:hr>155</gpxtpx:hr>
          </gpxtpx:TrackPointExtension>
        </extensions>
      </trkpt>
      <trkpt lat="31.237138211757028" lon="121.34156336801959">
        <ele>7.800000190734863</ele>
        <time>2026-09-19T09:47:46Z</time>
        <extensions>
          <gpxtpx:TrackPointExtension>
            <gpxtpx:hr>155</gpxtpx:hr>
          </gpxtpx:TrackPointExtension>
        </extensions>
      </trkpt>
      <trkpt lat="31.237021270660115" lon="121.3415603844743">
        <ele>8.0</ele>
        <time>2026-09-19T09:47:50Z</time>
        <extensions>
          <gpxtpx:TrackPointExtension>
            <gpxtpx:hr>155</gpxtpx:hr>
          </gpxtpx:TrackPointExtension>
        </extensions>
      </trkpt>
      <trkpt lat="31.23689828051313" lon="121.34158634014258">
        <ele>8.0</ele>
        <time>2026-09-19T09:47:54Z</time>
        <extensions>
          <gpxtpx:TrackPointExtension>
            <gpxtpx:hr>155</gpxtpx:hr>
          </gpxtpx:TrackPointExtension>
        </extensions>
      </trkpt>
      <trkpt lat="31.236804162837842" lon="121.34167615810286">
        <ele>8.399999618530273</ele>
        <time>2026-09-19T09:47:58Z</time>
        <extensions>
          <gpxtpx:TrackPointExtension>
            <gpxtpx:hr>155</gpxtpx:hr>
          </gpxtpx:TrackPointExtension>
        </extensions>
      </trkpt>
      <trkpt lat="31.236711989079755" lon="121.34179691061219">
        <ele>8.800000190734863</ele>
        <time>2026-09-19T09:48:02Z</time>
        <extensions>
          <gpxtpx:TrackPointExtension>
            <gpxtpx:hr>155</gpxtpx:hr>
          </gpxtpx:TrackPointExtension>
        </extensions>
      </trkpt>
      <trkpt lat="31.236629946401127" lon="121.34184182276601">
        <ele>9.199999809265137</ele>
        <time>2026-09-19T09:48:06Z</time>
        <extensions>
          <gpxtpx:TrackPointExtension>
            <gpxtpx:hr>156</gpxtpx:hr>
          </gpxtpx:TrackPointExtension>
        </extensions>
      </trkpt>
      <trkpt lat="31.236503911442103" lon="121.341893724">
        <ele>9.399999618530273</ele>
        <time>2026-09-19T09:48:10Z</time>
        <extensions>
          <gpxtpx:TrackPointExtension>
            <gpxtpx:hr>156</gpxtpx:hr>
          </gpxtpx:TrackPointExtension>
        </extensions>
      </trkpt>
      <trkpt lat="31.23638488401606" lon="121.34193963732157">
        <ele>9.0</ele>
        <time>2026-09-19T09:48:14Z</time>
        <extensions>
          <gpxtpx:TrackPointExtension>
            <gpxtpx:hr>157</gpxtpx:hr>
          </gpxtpx:TrackPointExtension>
        </extensions>
      </trkpt>
      <trkpt lat="31.23626394481772" lon="121.34193665410294">
        <ele>8.399999618530273</ele>
        <time>2026-09-19T09:48:18Z</time>
        <extensions>
          <gpxtpx:TrackPointExtension>
            <gpxtpx:hr>158</gpxtpx:hr>
          </gpxtpx:TrackPointExtension>
        </extensions>
      </trkpt>
      <trkpt lat="31.236161129240525" lon="121.34185982534024">
        <ele>8.199999809265137</ele>
        <time>2026-09-19T09:48:22Z</time>
        <extensions>
          <gpxtpx:TrackPointExtension>
            <gpxtpx:hr>159</gpxtpx:hr>
          </gpxtpx:TrackPointExtension>
        </extensions>
      </trkpt>
      <trkpt lat="31.23606835198136" lon="121.34175904646847">
        <ele>7.800000190734863</ele>
        <time>2026-09-19T09:48:26Z</time>
        <extensions>
          <gpxtpx:TrackPointExtension>
            <gpxtpx:hr>159</gpxtpx:hr>
          </gpxtpx:TrackPointExtension>
        </extensions>
      </trkpt>
      <trkpt lat="31.23596150811112" lon="121.34169918238902">
        <ele>7.400000095367432</ele>
        <time>2026-09-19T09:48:30Z</time>
        <extensions>
          <gpxtpx:TrackPointExtension>
            <gpxtpx:hr>160</gpxtpx:hr>
          </gpxtpx:TrackPointExtension>
        </extensions>
      </trkpt>
      <trkpt lat="31.23584958090489" lon="121.34168721741109">
        <ele>7.400000095367432</ele>
        <time>2026-09-19T09:48:34Z</time>
        <extensions>
          <gpxtpx:TrackPointExtension>
            <gpxtpx:hr>160</gpxtpx:hr>
          </gpxtpx:TrackPointExtension>
        </extensions>
      </trkpt>
      <trkpt lat="31.23573563499506" lon="121.34168622937588">
        <ele>7.599999904632568</ele>
        <time>2026-09-19T09:48:38Z</time>
        <extensions>
          <gpxtpx:TrackPointExtension>
            <gpxtpx:hr>160</gpxtpx:hr>
          </gpxtpx:TrackPointExtension>
        </extensions>
      </trkpt>
      <trkpt lat="31.235596673799527" lon="121.34170021182379">
        <ele>8.0</ele>
        <time>2026-09-19T09:48:42Z</time>
        <extensions>
          <gpxtpx:TrackPointExtension>
            <gpxtpx:hr>158</gpxtpx:hr>
          </gpxtpx:TrackPointExtension>
        </extensions>
      </trkpt>
      <trkpt lat="31.235512707004528" lon="121.34170321274871">
        <ele>7.599999904632568</ele>
        <time>2026-09-19T09:48:46Z</time>
        <extensions>
          <gpxtpx:TrackPointExtension>
            <gpxtpx:hr>157</gpxtpx:hr>
          </gpxtpx:TrackPointExtension>
        </extensions>
      </trkpt>
      <trkpt lat="31.235410678891327" lon="121.3417451328905">
        <ele>7.599999904632568</ele>
        <time>2026-09-19T09:48:50Z</time>
        <extensions>
          <gpxtpx:TrackPointExtension>
            <gpxtpx:hr>157</gpxtpx:hr>
          </gpxtpx:TrackPointExtension>
        </extensions>
      </trkpt>
      <trkpt lat="31.235297695104663" lon="121.34176510044215">
        <ele>7.800000190734863</ele>
        <time>2026-09-19T09:48:54Z</time>
        <extensions>
          <gpxtpx:TrackPointExtension>
            <gpxtpx:hr>156</gpxtpx:hr>
          </gpxtpx:TrackPointExtension>
        </extensions>
      </trkpt>
      <trkpt lat="31.2351927397658" lon="121.34176710529606">
        <ele>7.599999904632568</ele>
        <time>2026-09-19T09:48:58Z</time>
        <extensions>
          <gpxtpx:TrackPointExtension>
            <gpxtpx:hr>153</gpxtpx:hr>
          </gpxtpx:TrackPointExtension>
        </extensions>
      </trkpt>
      <trkpt lat="31.23508580319406" lon="121.34175913142862">
        <ele>7.800000190734863</ele>
        <time>2026-09-19T09:49:02Z</time>
        <extensions>
          <gpxtpx:TrackPointExtension>
            <gpxtpx:hr>153</gpxtpx:hr>
          </gpxtpx:TrackPointExtension>
        </extensions>
      </trkpt>
      <trkpt lat="31.234973868931565" lon="121.34175115799437">
        <ele>7.800000190734863</ele>
        <time>2026-09-19T09:49:06Z</time>
        <extensions>
          <gpxtpx:TrackPointExtension>
            <gpxtpx:hr>153</gpxtpx:hr>
          </gpxtpx:TrackPointExtension>
        </extensions>
      </trkpt>
      <trkpt lat="31.234862944926675" lon="121.34173719714066">
        <ele>7.800000190734863</ele>
        <time>2026-09-19T09:49:10Z</time>
        <extensions>
          <gpxtpx:TrackPointExtension>
            <gpxtpx:hr>153</gpxtpx:hr>
          </gpxtpx:TrackPointExtension>
        </extensions>
      </trkpt>
      <trkpt lat="31.23471200542676" lon="121.34174219963607">
        <ele>8.0</ele>
        <time>2026-09-19T09:49:14Z</time>
        <extensions>
          <gpxtpx:TrackPointExtension>
            <gpxtpx:hr>154</gpxtpx:hr>
          </gpxtpx:TrackPointExtension>
        </extensions>
      </trkpt>
      <trkpt lat="31.234625045433685" lon="121.34174220715515">
        <ele>8.199999809265137</ele>
        <time>2026-09-19T09:49:18Z</time>
        <extensions>
          <gpxtpx:TrackPointExtension>
            <gpxtpx:hr>155</gpxtpx:hr>
          </gpxtpx:TrackPointExtension>
        </extensions>
      </trkpt>
      <trkpt lat="31.2344930454954" lon="121.34177614680128">
        <ele>8.0</ele>
        <time>2026-09-19T09:49:22Z</time>
        <extensions>
          <gpxtpx:TrackPointExtension>
            <gpxtpx:hr>154</gpxtpx:hr>
          </gpxtpx:TrackPointExtension>
        </extensions>
      </trkpt>
      <trkpt lat="31.23441703587255" lon="121.3418011006164">
        <ele>7.800000190734863</ele>
        <time>2026-09-19T09:49:26Z</time>
        <extensions>
          <gpxtpx:TrackPointExtension>
            <gpxtpx:hr>154</gpxtpx:hr>
          </gpxtpx:TrackPointExtension>
        </extensions>
      </trkpt>
      <trkpt lat="31.234310991935367" lon="121.34185300008602">
        <ele>7.800000190734863</ele>
        <time>2026-09-19T09:49:30Z</time>
        <extensions>
          <gpxtpx:TrackPointExtension>
            <gpxtpx:hr>154</gpxtpx:hr>
          </gpxtpx:TrackPointExtension>
        </extensions>
      </trkpt>
      <trkpt lat="31.234191948685634" lon="121.34190789440281">
        <ele>7.800000190734863</ele>
        <time>2026-09-19T09:49:34Z</time>
        <extensions>
          <gpxtpx:TrackPointExtension>
            <gpxtpx:hr>154</gpxtpx:hr>
          </gpxtpx:TrackPointExtension>
        </extensions>
      </trkpt>
      <trkpt lat="31.23406389004647" lon="121.34197376637454">
        <ele>7.599999904632568</ele>
        <time>2026-09-19T09:49:38Z</time>
        <extensions>
          <gpxtpx:TrackPointExtension>
            <gpxtpx:hr>154</gpxtpx:hr>
          </gpxtpx:TrackPointExtension>
        </extensions>
      </trkpt>
      <trkpt lat="31.233913907480513" lon="121.34200271824758">
        <ele>7.599999904632568</ele>
        <time>2026-09-19T09:49:42Z</time>
        <extensions>
          <gpxtpx:TrackPointExtension>
            <gpxtpx:hr>154</gpxtpx:hr>
          </gpxtpx:TrackPointExtension>
        </extensions>
      </trkpt>
      <trkpt lat="31.233830979538062" lon="121.3419837654449">
        <ele>7.800000190734863</ele>
        <time>2026-09-19T09:49:46Z</time>
        <extensions>
          <gpxtpx:TrackPointExtension>
            <gpxtpx:hr>154</gpxtpx:hr>
          </gpxtpx:TrackPointExtension>
        </extensions>
      </trkpt>
      <trkpt lat="31.233721072950885" lon="121.34195982551732">
        <ele>7.800000190734863</ele>
        <time>2026-09-19T09:49:50Z</time>
        <extensions>
          <gpxtpx:TrackPointExtension>
            <gpxtpx:hr>154</gpxtpx:hr>
          </gpxtpx:TrackPointExtension>
        </extensions>
      </trkpt>
      <trkpt lat="31.233607150413736" lon="121.34194586487118">
        <ele>8.0</ele>
        <time>2026-09-19T09:49:54Z</time>
        <extensions>
          <gpxtpx:TrackPointExtension>
            <gpxtpx:hr>154</gpxtpx:hr>
          </gpxtpx:TrackPointExtension>
        </extensions>
      </trkpt>
      <trkpt lat="31.233477253080814" lon="121.34192192668795">
        <ele>8.199999809265137</ele>
        <time>2026-09-19T09:49:58Z</time>
        <extensions>
          <gpxtpx:TrackPointExtension>
            <gpxtpx:hr>155</gpxtpx:hr>
          </gpxtpx:TrackPointExtension>
        </extensions>
      </trkpt>
      <trkpt lat="31.233395292662443" lon="121.34192093588267">
        <ele>8.199999809265137</ele>
        <time>2026-09-19T09:50:02Z</time>
        <extensions>
          <gpxtpx:TrackPointExtension>
            <gpxtpx:hr>155</gpxtpx:hr>
          </gpxtpx:TrackPointExtension>
        </extensions>
      </trkpt>
      <trkpt lat="31.2332903196964" lon="121.34193291966537">
        <ele>8.399999618530273</ele>
        <time>2026-09-19T09:50:06Z</time>
        <extensions>
          <gpxtpx:TrackPointExtension>
            <gpxtpx:hr>155</gpxtpx:hr>
          </gpxtpx:TrackPointExtension>
        </extensions>
      </trkpt>
      <trkpt lat="31.233185309340406" lon="121.34196585920016">
        <ele>8.600000381469727</ele>
        <time>2026-09-19T09:50:10Z</time>
        <extensions>
          <gpxtpx:TrackPointExtension>
            <gpxtpx:hr>155</gpxtpx:hr>
          </gpxtpx:TrackPointExtension>
        </extensions>
      </trkpt>
      <trkpt lat="31.233096241783294" lon="121.34202673839944">
        <ele>8.800000190734863</ele>
        <time>2026-09-19T09:50:14Z</time>
        <extensions>
          <gpxtpx:TrackPointExtension>
            <gpxtpx:hr>155</gpxtpx:hr>
          </gpxtpx:TrackPointExtension>
        </extensions>
      </trkpt>
      <trkpt lat="31.233002148129877" lon="121.34210358442235">
        <ele>8.600000381469727</ele>
        <time>2026-09-19T09:50:18Z</time>
        <extensions>
          <gpxtpx:TrackPointExtension>
            <gpxtpx:hr>154</gpxtpx:hr>
          </gpxtpx:TrackPointExtension>
        </extensions>
      </trkpt>
      <trkpt lat="31.232897048980423" lon="121.34218641888323">
        <ele>8.399999618530273</ele>
        <time>2026-09-19T09:50:22Z</time>
        <extensions>
          <gpxtpx:TrackPointExtension>
            <gpxtpx:hr>153</gpxtpx:hr>
          </gpxtpx:TrackPointExtension>
        </extensions>
      </trkpt>
      <trkpt lat="31.232790971721972" lon="121.34225727877399">
        <ele>8.199999809265137</ele>
        <time>2026-09-19T09:50:26Z</time>
        <extensions>
          <gpxtpx:TrackPointExtension>
            <gpxtpx:hr>152</gpxtpx:hr>
          </gpxtpx:TrackPointExtension>
        </extensions>
      </trkpt>
      <trkpt lat="31.2326789044202" lon="121.3423241476762">
        <ele>8.199999809265137</ele>
        <time>2026-09-19T09:50:30Z</time>
        <extensions>
          <gpxtpx:TrackPointExtension>
            <gpxtpx:hr>152</gpxtpx:hr>
          </gpxtpx:TrackPointExtension>
        </extensions>
      </trkpt>
      <trkpt lat="31.23256986420738" lon="121.34237504999217">
        <ele>7.800000190734863</ele>
        <time>2026-09-19T09:50:34Z</time>
        <extensions>
          <gpxtpx:TrackPointExtension>
            <gpxtpx:hr>152</gpxtpx:hr>
          </gpxtpx:TrackPointExtension>
        </extensions>
      </trkpt>
      <trkpt lat="31.232450828662444" lon="121.34242595321962">
        <ele>7.800000190734863</ele>
        <time>2026-09-19T09:50:38Z</time>
        <extensions>
          <gpxtpx:TrackPointExtension>
            <gpxtpx:hr>152</gpxtpx:hr>
          </gpxtpx:TrackPointExtension>
        </extensions>
      </trkpt>
      <trkpt lat="31.23232184035482" lon="121.34245290771096">
        <ele>7.800000190734863</ele>
        <time>2026-09-19T09:50:42Z</time>
        <extensions>
          <gpxtpx:TrackPointExtension>
            <gpxtpx:hr>151</gpxtpx:hr>
          </gpxtpx:TrackPointExtension>
        </extensions>
      </trkpt>
      <trkpt lat="31.232217930981534" lon="121.34242896706282">
        <ele>7.800000190734863</ele>
        <time>2026-09-19T09:50:46Z</time>
        <extensions>
          <gpxtpx:TrackPointExtension>
            <gpxtpx:hr>152</gpxtpx:hr>
          </gpxtpx:TrackPointExtension>
        </extensions>
      </trkpt>
      <trkpt lat="31.23210201652626" lon="121.34241101486792">
        <ele>7.800000190734863</ele>
        <time>2026-09-19T09:50:50Z</time>
        <extensions>
          <gpxtpx:TrackPointExtension>
            <gpxtpx:hr>152</gpxtpx:hr>
          </gpxtpx:TrackPointExtension>
        </extensions>
      </trkpt>
      <trkpt lat="31.231942058552104" lon="121.34242899091853">
        <ele>8.0</ele>
        <time>2026-09-19T09:50:54Z</time>
        <extensions>
          <gpxtpx:TrackPointExtension>
            <gpxtpx:hr>152</gpxtpx:hr>
          </gpxtpx:TrackPointExtension>
        </extensions>
      </trkpt>
      <trkpt lat="31.23182110030913" lon="121.34243698458832">
        <ele>8.0</ele>
        <time>2026-09-19T09:50:58Z</time>
        <extensions>
          <gpxtpx:TrackPointExtension>
            <gpxtpx:hr>151</gpxtpx:hr>
          </gpxtpx:TrackPointExtension>
        </extensions>
      </trkpt>
      <trkpt lat="31.23173214856669" lon="121.34243300067503">
        <ele>8.0</ele>
        <time>2026-09-19T09:51:02Z</time>
        <extensions>
          <gpxtpx:TrackPointExtension>
            <gpxtpx:hr>151</gpxtpx:hr>
          </gpxtpx:TrackPointExtension>
        </extensions>
      </trkpt>
      <trkpt lat="31.231619218579546" lon="121.34242303142854">
        <ele>8.0</ele>
        <time>2026-09-19T09:51:06Z</time>
        <extensions>
          <gpxtpx:TrackPointExtension>
            <gpxtpx:hr>152</gpxtpx:hr>
          </gpxtpx:TrackPointExtension>
        </extensions>
      </trkpt>
      <trkpt lat="31.231503293542414" lon="121.34241106664098">
        <ele>8.199999809265137</ele>
        <time>2026-09-19T09:51:10Z</time>
        <extensions>
          <gpxtpx:TrackPointExtension>
            <gpxtpx:hr>152</gpxtpx:hr>
          </gpxtpx:TrackPointExtension>
        </extensions>
      </trkpt>
      <trkpt lat="31.23140038202384" lon="121.34238812382439">
        <ele>8.0</ele>
        <time>2026-09-19T09:51:14Z</time>
        <extensions>
          <gpxtpx:TrackPointExtension>
            <gpxtpx:hr>152</gpxtpx:hr>
          </gpxtpx:TrackPointExtension>
        </extensions>
      </trkpt>
      <trkpt lat="31.2312774851066" lon="121.34236218904528">
        <ele>8.199999809265137</ele>
        <time>2026-09-19T09:51:18Z</time>
        <extensions>
          <gpxtpx:TrackPointExtension>
            <gpxtpx:hr>152</gpxtpx:hr>
          </gpxtpx:TrackPointExtension>
        </extensions>
      </trkpt>
      <trkpt lat="31.231132646344044" lon="121.3423093128946">
        <ele>8.199999809265137</ele>
        <time>2026-09-19T09:51:22Z</time>
        <extensions>
          <gpxtpx:TrackPointExtension>
            <gpxtpx:hr>152</gpxtpx:hr>
          </gpxtpx:TrackPointExtension>
        </extensions>
      </trkpt>
      <trkpt lat="31.231028744239147" lon="121.34228138071242">
        <ele>8.199999809265137</ele>
        <time>2026-09-19T09:51:26Z</time>
        <extensions>
          <gpxtpx:TrackPointExtension>
            <gpxtpx:hr>152</gpxtpx:hr>
          </gpxtpx:TrackPointExtension>
        </extensions>
      </trkpt>
      <trkpt lat="31.230941827173524" lon="121.34225743866784">
        <ele>8.399999618530273</ele>
        <time>2026-09-19T09:51:30Z</time>
        <extensions>
          <gpxtpx:TrackPointExtension>
            <gpxtpx:hr>152</gpxtpx:hr>
          </gpxtpx:TrackPointExtension>
        </extensions>
      </trkpt>
      <trkpt lat="31.23080695902052" lon="121.34221853231624">
        <ele>8.399999618530273</ele>
        <time>2026-09-19T09:51:34Z</time>
        <extensions>
          <gpxtpx:TrackPointExtension>
            <gpxtpx:hr>153</gpxtpx:hr>
          </gpxtpx:TrackPointExtension>
        </extensions>
      </trkpt>
      <trkpt lat="31.230725032567133" lon="121.34219858145508">
        <ele>8.399999618530273</ele>
        <time>2026-09-19T09:51:38Z</time>
        <extensions>
          <gpxtpx:TrackPointExtension>
            <gpxtpx:hr>154</gpxtpx:hr>
          </gpxtpx:TrackPointExtension>
        </extensions>
      </trkpt>
      <trkpt lat="31.230608125904958" lon="121.3421766378321">
        <ele>8.399999618530273</ele>
        <time>2026-09-19T09:51:42Z</time>
        <extensions>
          <gpxtpx:TrackPointExtension>
            <gpxtpx:hr>155</gpxtpx:hr>
          </gpxtpx:TrackPointExtension>
        </extensions>
      </trkpt>
      <trkpt lat="31.230450224048035" lon="121.34216268093299">
        <ele>8.600000381469727</ele>
        <time>2026-09-19T09:51:46Z</time>
        <extensions>
          <gpxtpx:TrackPointExtension>
            <gpxtpx:hr>154</gpxtpx:hr>
          </gpxtpx:TrackPointExtension>
        </extensions>
      </trkpt>
      <trkpt lat="31.230357260063204" lon="121.34216668055674">
        <ele>8.800000190734863</ele>
        <time>2026-09-19T09:51:50Z</time>
        <extensions>
          <gpxtpx:TrackPointExtension>
            <gpxtpx:hr>155</gpxtpx:hr>
          </gpxtpx:TrackPointExtension>
        </extensions>
      </trkpt>
      <trkpt lat="31.23024728086041" lon="121.34218365430895">
        <ele>9.0</ele>
        <time>2026-09-19T09:51:54Z</time>
        <extensions>
          <gpxtpx:TrackPointExtension>
            <gpxtpx:hr>154</gpxtpx:hr>
          </gpxtpx:TrackPointExtension>
        </extensions>
      </trkpt>
      <trkpt lat="31.230128291629182" lon="121.34220861202292">
        <ele>9.399999618530273</ele>
        <time>2026-09-19T09:51:58Z</time>
        <extensions>
          <gpxtpx:TrackPointExtension>
            <gpxtpx:hr>154</gpxtpx:hr>
          </gpxtpx:TrackPointExtension>
        </extensions>
      </trkpt>
      <trkpt lat="31.230012317021234" lon="121.34222458840883">
        <ele>9.600000381469727</ele>
        <time>2026-09-19T09:52:02Z</time>
        <extensions>
          <gpxtpx:TrackPointExtension>
            <gpxtpx:hr>154</gpxtpx:hr>
          </gpxtpx:TrackPointExtension>
        </extensions>
      </trkpt>
      <trkpt lat="31.22990131878651" lon="121.34225253914445">
        <ele>9.0</ele>
        <time>2026-09-19T09:52:06Z</time>
        <extensions>
          <gpxtpx:TrackPointExtension>
            <gpxtpx:hr>155</gpxtpx:hr>
          </gpxtpx:TrackPointExtension>
        </extensions>
      </trkpt>
      <trkpt lat="31.229809249591128" lon="121.3423154147181">
        <ele>8.600000381469727</ele>
        <time>2026-09-19T09:52:10Z</time>
        <extensions>
          <gpxtpx:TrackPointExtension>
            <gpxtpx:hr>157</gpxtpx:hr>
          </gpxtpx:TrackPointExtension>
        </extensions>
      </trkpt>
      <trkpt lat="31.229732152199148" lon="121.34239026387401">
        <ele>8.399999618530273</ele>
        <time>2026-09-19T09:52:14Z</time>
        <extensions>
          <gpxtpx:TrackPointExtension>
            <gpxtpx:hr>158</gpxtpx:hr>
          </gpxtpx:TrackPointExtension>
        </extensions>
      </trkpt>
      <trkpt lat="31.229645018751164" lon="121.34248806574797">
        <ele>8.199999809265137</ele>
        <time>2026-09-19T09:52:18Z</time>
        <extensions>
          <gpxtpx:TrackPointExtension>
            <gpxtpx:hr>158</gpxtpx:hr>
          </gpxtpx:TrackPointExtension>
        </extensions>
      </trkpt>
      <trkpt lat="31.229545977861957" lon="121.34253697154713">
        <ele>8.199999809265137</ele>
        <time>2026-09-19T09:52:22Z</time>
        <extensions>
          <gpxtpx:TrackPointExtension>
            <gpxtpx:hr>158</gpxtpx:hr>
          </gpxtpx:TrackPointExtension>
        </extensions>
      </trkpt>
      <trkpt lat="31.229420039942262" lon="121.34253498663037">
        <ele>8.0</ele>
        <time>2026-09-19T09:52:26Z</time>
        <extensions>
          <gpxtpx:TrackPointExtension>
            <gpxtpx:hr>158</gpxtpx:hr>
          </gpxtpx:TrackPointExtension>
        </extensions>
      </trkpt>
      <trkpt lat="31.229300095703433" lon="121.34253499700166">
        <ele>8.0</ele>
        <time>2026-09-19T09:52:30Z</time>
        <extensions>
          <gpxtpx:TrackPointExtension>
            <gpxtpx:hr>157</gpxtpx:hr>
          </gpxtpx:TrackPointExtension>
        </extensions>
      </trkpt>
      <trkpt lat="31.22918716594994" lon="121.3425250277355">
        <ele>8.0</ele>
        <time>2026-09-19T09:52:34Z</time>
        <extensions>
          <gpxtpx:TrackPointExtension>
            <gpxtpx:hr>156</gpxtpx:hr>
          </gpxtpx:TrackPointExtension>
        </extensions>
      </trkpt>
      <trkpt lat="31.2290722655067" lon="121.3424990921987">
        <ele>7.800000190734863</ele>
        <time>2026-09-19T09:52:38Z</time>
        <extensions>
          <gpxtpx:TrackPointExtension>
            <gpxtpx:hr>157</gpxtpx:hr>
          </gpxtpx:TrackPointExtension>
        </extensions>
      </trkpt>
      <trkpt lat="31.22895943510583" lon="121.34243324042711">
        <ele>8.0</ele>
        <time>2026-09-19T09:52:42Z</time>
        <extensions>
          <gpxtpx:TrackPointExtension>
            <gpxtpx:hr>156</gpxtpx:hr>
          </gpxtpx:TrackPointExtension>
        </extensions>
      </trkpt>
      <trkpt lat="31.228856626756688" lon="121.34235241936727">
        <ele>8.199999809265137</ele>
        <time>2026-09-19T09:52:46Z</time>
        <extensions>
          <gpxtpx:TrackPointExtension>
            <gpxtpx:hr>156</gpxtpx:hr>
          </gpxtpx:TrackPointExtension>
        </extensions>
      </trkpt>
      <trkpt lat="31.228755711023048" lon="121.34233147219916">
        <ele>8.399999618530273</ele>
        <time>2026-09-19T09:52:50Z</time>
        <extensions>
          <gpxtpx:TrackPointExtension>
            <gpxtpx:hr>156</gpxtpx:hr>
          </gpxtpx:TrackPointExtension>
        </extensions>
      </trkpt>
      <trkpt lat="31.228651746982376" lon="121.34233846648495">
        <ele>8.199999809265137</ele>
        <time>2026-09-19T09:52:54Z</time>
        <extensions>
          <gpxtpx:TrackPointExtension>
            <gpxtpx:hr>157</gpxtpx:hr>
          </gpxtpx:TrackPointExtension>
        </extensions>
      </trkpt>
      <trkpt lat="31.228554774368316" lon="121.34234845386646">
        <ele>8.399999618530273</ele>
        <time>2026-09-19T09:52:58Z</time>
        <extensions>
          <gpxtpx:TrackPointExtension>
            <gpxtpx:hr>156</gpxtpx:hr>
          </gpxtpx:TrackPointExtension>
        </extensions>
      </trkpt>
      <trkpt lat="31.228450797922104" lon="121.34236243345546">
        <ele>8.600000381469727</ele>
        <time>2026-09-19T09:53:02Z</time>
        <extensions>
          <gpxtpx:TrackPointExtension>
            <gpxtpx:hr>156</gpxtpx:hr>
          </gpxtpx:TrackPointExtension>
        </extensions>
      </trkpt>
      <trkpt lat="31.22833281913254" lon="121.34238140376051">
        <ele>8.399999618530273</ele>
        <time>2026-09-19T09:53:06Z</time>
        <extensions>
          <gpxtpx:TrackPointExtension>
            <gpxtpx:hr>156</gpxtpx:hr>
          </gpxtpx:TrackPointExtension>
        </extensions>
      </trkpt>
      <trkpt lat="31.22821780170151" lon="121.34242132973594">
        <ele>8.399999618530273</ele>
        <time>2026-09-19T09:53:10Z</time>
        <extensions>
          <gpxtpx:TrackPointExtension>
            <gpxtpx:hr>140</gpxtpx:hr>
          </gpxtpx:TrackPointExtension>
        </extensions>
      </trkpt>
      <trkpt lat="31.22811273353826" lon="121.34248720033476">
        <ele>8.399999618530273</ele>
        <time>2026-09-19T09:53:14Z</time>
        <extensions>
          <gpxtpx:TrackPointExtension>
            <gpxtpx:hr>140</gpxtpx:hr>
          </gpxtpx:TrackPointExtension>
        </extensions>
      </trkpt>
      <trkpt lat="31.227991718988203" lon="121.34252712690592">
        <ele>8.399999618530273</ele>
        <time>2026-09-19T09:53:18Z</time>
        <extensions>
          <gpxtpx:TrackPointExtension>
            <gpxtpx:hr>140</gpxtpx:hr>
          </gpxtpx:TrackPointExtension>
        </extensions>
      </trkpt>
      <trkpt lat="31.227859713145502" lon="121.34256505864914">
        <ele>8.600000381469727</ele>
        <time>2026-09-19T09:53:22Z</time>
        <extensions>
          <gpxtpx:TrackPointExtension>
            <gpxtpx:hr>140</gpxtpx:hr>
          </gpxtpx:TrackPointExtension>
        </extensions>
      </trkpt>
      <trkpt lat="31.22776372599291" lon="121.34258302921913">
        <ele>9.0</ele>
        <time>2026-09-19T09:53:26Z</time>
        <extensions>
          <gpxtpx:TrackPointExtension>
            <gpxtpx:hr>139</gpxtpx:hr>
          </gpxtpx:TrackPointExtension>
        </extensions>
      </trkpt>
      <trkpt lat="31.227647737548498" lon="121.3426069889513">
        <ele>9.199999809265137</ele>
        <time>2026-09-19T09:53:30Z</time>
        <extensions>
          <gpxtpx:TrackPointExtension>
            <gpxtpx:hr>138</gpxtpx:hr>
          </gpxtpx:TrackPointExtension>
        </extensions>
      </trkpt>
      <trkpt lat="31.227546738587844" lon="121.34263294320797">
        <ele>9.600000381469727</ele>
        <time>2026-09-19T09:53:34Z</time>
        <extensions>
          <gpxtpx:TrackPointExtension>
            <gpxtpx:hr>139</gpxtpx:hr>
          </gpxtpx:TrackPointExtension>
        </extensions>
      </trkpt>
      <trkpt lat="31.227432754563367" lon="121.34265390907265">
        <ele>10.0</ele>
        <time>2026-09-19T09:53:38Z</time>
        <extensions>
          <gpxtpx:TrackPointExtension>
            <gpxtpx:hr>139</gpxtpx:hr>
          </gpxtpx:TrackPointExtension>
        </extensions>
      </trkpt>
      <trkpt lat="31.227326756202608" lon="121.34268086169">
        <ele>10.399999618530273</ele>
        <time>2026-09-19T09:53:42Z</time>
        <extensions>
          <gpxtpx:TrackPointExtension>
            <gpxtpx:hr>139</gpxtpx:hr>
          </gpxtpx:TrackPointExtension>
        </extensions>
      </trkpt>
      <trkpt lat="31.227210790850194" lon="121.34269184868276">
        <ele>10.600000381469727</ele>
        <time>2026-09-19T09:53:46Z</time>
        <extensions>
          <gpxtpx:TrackPointExtension>
            <gpxtpx:hr>140</gpxtpx:hr>
          </gpxtpx:TrackPointExtension>
        </extensions>
      </trkpt>
      <trkpt lat="31.22710680221155" lon="121.34271281370607">
        <ele>10.800000190734863</ele>
        <time>2026-09-19T09:53:50Z</time>
        <extensions>
          <gpxtpx:TrackPointExtension>
            <gpxtpx:hr>141</gpxtpx:hr>
          </gpxtpx:TrackPointExtension>
        </extensions>
      </trkpt>
      <trkpt lat="31.227005813958414" lon="121.34273278057127">
        <ele>11.0</ele>
        <time>2026-09-19T09:53:54Z</time>
        <extensions>
          <gpxtpx:TrackPointExtension>
            <gpxtpx:hr>141</gpxtpx:hr>
          </gpxtpx:TrackPointExtension>
        </extensions>
      </trkpt>
      <trkpt lat="31.226877771104665" lon="121.34279067027067">
        <ele>11.399999618530273</ele>
        <time>2026-09-19T09:53:58Z</time>
        <extensions>
          <gpxtpx:TrackPointExtension>
            <gpxtpx:hr>141</gpxtpx:hr>
          </gpxtpx:TrackPointExtension>
        </extensions>
      </trkpt>
      <trkpt lat="31.22679175290277" lon="121.34282360867965">
        <ele>11.600000381469727</ele>
        <time>2026-09-19T09:54:02Z</time>
        <extensions>
          <gpxtpx:TrackPointExtension>
            <gpxtpx:hr>141</gpxtpx:hr>
          </gpxtpx:TrackPointExtension>
        </extensions>
      </trkpt>
      <trkpt lat="31.22668774843441" lon="121.34285355493668">
        <ele>12.0</ele>
        <time>2026-09-19T09:54:06Z</time>
        <extensions>
          <gpxtpx:TrackPointExtension>
            <gpxtpx:hr>142</gpxtpx:hr>
          </gpxtpx:TrackPointExtension>
        </extensions>
      </trkpt>
      <trkpt lat="31.226586781472268" lon="121.34286154694023">
        <ele>12.399999618530273</ele>
        <time>2026-09-19T09:54:10Z</time>
        <extensions>
          <gpxtpx:TrackPointExtension>
            <gpxtpx:hr>142</gpxtpx:hr>
          </gpxtpx:TrackPointExtension>
        </extensions>
      </trkpt>
      <trkpt lat="31.22649477143315" lon="121.34289149218135">
        <ele>12.800000190734863</ele>
        <time>2026-09-19T09:54:14Z</time>
        <extensions>
          <gpxtpx:TrackPointExtension>
            <gpxtpx:hr>142</gpxtpx:hr>
          </gpxtpx:TrackPointExtension>
        </extensions>
      </trkpt>
      <trkpt lat="31.226365755740936" lon="121.34293441347512">
        <ele>13.199999809265137</ele>
        <time>2026-09-19T09:54:18Z</time>
        <extensions>
          <gpxtpx:TrackPointExtension>
            <gpxtpx:hr>142</gpxtpx:hr>
          </gpxtpx:TrackPointExtension>
        </extensions>
      </trkpt>
      <trkpt lat="31.22625576653035" lon="121.34295737493409">
        <ele>13.600000381469727</ele>
        <time>2026-09-19T09:54:22Z</time>
        <extensions>
          <gpxtpx:TrackPointExtension>
            <gpxtpx:hr>142</gpxtpx:hr>
          </gpxtpx:TrackPointExtension>
        </extensions>
      </trkpt>
      <trkpt lat="31.22616878424403" lon="121.34297035530005">
        <ele>14.0</ele>
        <time>2026-09-19T09:54:26Z</time>
        <extensions>
          <gpxtpx:TrackPointExtension>
            <gpxtpx:hr>139</gpxtpx:hr>
          </gpxtpx:TrackPointExtension>
        </extensions>
      </trkpt>
      <trkpt lat="31.226067799685055" lon="121.34298832643769">
        <ele>14.399999618530273</ele>
        <time>2026-09-19T09:54:30Z</time>
        <extensions>
          <gpxtpx:TrackPointExtension>
            <gpxtpx:hr>140</gpxtpx:hr>
          </gpxtpx:TrackPointExtension>
        </extensions>
      </trkpt>
      <trkpt lat="31.22594279282511" lon="121.3430252599887">
        <ele>15.0</ele>
        <time>2026-09-19T09:54:34Z</time>
        <extensions>
          <gpxtpx:TrackPointExtension>
            <gpxtpx:hr>140</gpxtpx:hr>
          </gpxtpx:TrackPointExtension>
        </extensions>
      </trkpt>
      <trkpt lat="31.225860802942687" lon="121.34304123367725">
        <ele>15.399999618530273</ele>
        <time>2026-09-19T09:54:38Z</time>
        <extensions>
          <gpxtpx:TrackPointExtension>
            <gpxtpx:hr>141</gpxtpx:hr>
          </gpxtpx:TrackPointExtension>
        </extensions>
      </trkpt>
      <trkpt lat="31.22574982487473" lon="121.34305820779008">
        <ele>15.800000190734863</ele>
        <time>2026-09-19T09:54:42Z</time>
        <extensions>
          <gpxtpx:TrackPointExtension>
            <gpxtpx:hr>141</gpxtpx:hr>
          </gpxtpx:TrackPointExtension>
        </extensions>
      </trkpt>
      <trkpt lat="31.225613842643984" lon="121.34308416529021">
        <ele>16.0</ele>
        <time>2026-09-19T09:54:46Z</time>
        <extensions>
          <gpxtpx:TrackPointExtension>
            <gpxtpx:hr>141</gpxtpx:hr>
          </gpxtpx:TrackPointExtension>
        </extensions>
      </trkpt>
      <trkpt lat="31.225535842107792" lon="121.34310512822029">
        <ele>16.200000762939453</ele>
        <time>2026-09-19T09:54:50Z</time>
        <extensions>
          <gpxtpx:TrackPointExtension>
            <gpxtpx:hr>141</gpxtpx:hr>
          </gpxtpx:TrackPointExtension>
        </extensions>
      </trkpt>
      <trkpt lat="31.225446836152408" lon="121.34313207959573">
        <ele>16.600000381469727</ele>
        <time>2026-09-19T09:54:54Z</time>
        <extensions>
          <gpxtpx:TrackPointExtension>
            <gpxtpx:hr>141</gpxtpx:hr>
          </gpxtpx:TrackPointExtension>
        </extensions>
      </trkpt>
      <trkpt lat="31.225343838534187" lon="121.34315803427997">
        <ele>16.600000381469727</ele>
        <time>2026-09-19T09:54:58Z</time>
        <extensions>
          <gpxtpx:TrackPointExtension>
            <gpxtpx:hr>139</gpxtpx:hr>
          </gpxtpx:TrackPointExtension>
        </extensions>
      </trkpt>
      <trkpt lat="31.225221849835002" lon="121.3431839906191">
        <ele>16.799999237060547</ele>
        <time>2026-09-19T09:55:02Z</time>
        <extensions>
          <gpxtpx:TrackPointExtension>
            <gpxtpx:hr>139</gpxtpx:hr>
          </gpxtpx:TrackPointExtension>
        </extensions>
      </trkpt>
      <trkpt lat="31.225102849180363" lon="121.34321593420758">
        <ele>16.0</ele>
        <time>2026-09-19T09:55:06Z</time>
        <extensions>
          <gpxtpx:TrackPointExtension>
            <gpxtpx:hr>140</gpxtpx:hr>
          </gpxtpx:TrackPointExtension>
        </extensions>
      </trkpt>
      <trkpt lat="31.224976880024" lon="121.34323191175666">
        <ele>15.600000381469727</ele>
        <time>2026-09-19T09:55:10Z</time>
        <extensions>
          <gpxtpx:TrackPointExtension>
            <gpxtpx:hr>145</gpxtpx:hr>
          </gpxtpx:TrackPointExtension>
        </extensions>
      </trkpt>
      <trkpt lat="31.22485893884967" lon="121.34322992612266">
        <ele>15.199999809265137</ele>
        <time>2026-09-19T09:55:14Z</time>
        <extensions>
          <gpxtpx:TrackPointExtension>
            <gpxtpx:hr>147</gpxtpx:hr>
          </gpxtpx:TrackPointExtension>
        </extensions>
      </trkpt>
      <trkpt lat="31.224744005091754" lon="121.34322295064831">
        <ele>14.600000381469727</ele>
        <time>2026-09-19T09:55:18Z</time>
        <extensions>
          <gpxtpx:TrackPointExtension>
            <gpxtpx:hr>146</gpxtpx:hr>
          </gpxtpx:TrackPointExtension>
        </extensions>
      </trkpt>
      <trkpt lat="31.22462910835646" lon="121.34319501894203">
        <ele>14.199999809265137</ele>
        <time>2026-09-19T09:55:22Z</time>
        <extensions>
          <gpxtpx:TrackPointExtension>
            <gpxtpx:hr>146</gpxtpx:hr>
          </gpxtpx:TrackPointExtension>
        </extensions>
      </trkpt>
      <trkpt lat="31.22452224315549" lon="121.34314712826007">
        <ele>13.800000190734863</ele>
        <time>2026-09-19T09:55:26Z</time>
        <extensions>
          <gpxtpx:TrackPointExtension>
            <gpxtpx:hr>145</gpxtpx:hr>
          </gpxtpx:TrackPointExtension>
        </extensions>
      </trkpt>
      <trkpt lat="31.22437742934582" lon="121.34308028054518">
        <ele>13.199999809265137</ele>
        <time>2026-09-19T09:55:30Z</time>
        <extensions>
          <gpxtpx:TrackPointExtension>
            <gpxtpx:hr>146</gpxtpx:hr>
          </gpxtpx:TrackPointExtension>
        </extensions>
      </trkpt>
      <trkpt lat="31.224269543543137" lon="121.34304436500484">
        <ele>12.399999618530273</ele>
        <time>2026-09-19T09:55:34Z</time>
        <extensions>
          <gpxtpx:TrackPointExtension>
            <gpxtpx:hr>146</gpxtpx:hr>
          </gpxtpx:TrackPointExtension>
        </extensions>
      </trkpt>
      <trkpt lat="31.224181639557283" lon="121.34301343732108">
        <ele>12.199999809265137</ele>
        <time>2026-09-19T09:55:38Z</time>
        <extensions>
          <gpxtpx:TrackPointExtension>
            <gpxtpx:hr>145</gpxtpx:hr>
          </gpxtpx:TrackPointExtension>
        </extensions>
      </trkpt>
      <trkpt lat="31.224052763667963" lon="121.34297752364009">
        <ele>11.800000190734863</ele>
        <time>2026-09-19T09:55:42Z</time>
        <extensions>
          <gpxtpx:TrackPointExtension>
            <gpxtpx:hr>144</gpxtpx:hr>
          </gpxtpx:TrackPointExtension>
        </extensions>
      </trkpt>
      <trkpt lat="31.22389784526958" lon="121.3429725474775">
        <ele>11.399999618530273</ele>
        <time>2026-09-19T09:55:46Z</time>
        <extensions>
          <gpxtpx:TrackPointExtension>
            <gpxtpx:hr>144</gpxtpx:hr>
          </gpxtpx:TrackPointExtension>
        </extensions>
      </trkpt>
      <trkpt lat="31.223809883062916" lon="121.3429745509055">
        <ele>11.199999809265137</ele>
        <time>2026-09-19T09:55:50Z</time>
        <extensions>
          <gpxtpx:TrackPointExtension>
            <gpxtpx:hr>144</gpxtpx:hr>
          </gpxtpx:TrackPointExtension>
        </extensions>
      </trkpt>
      <trkpt lat="31.223687896222675" lon="121.34299950924311">
        <ele>10.399999618530273</ele>
        <time>2026-09-19T09:55:54Z</time>
        <extensions>
          <gpxtpx:TrackPointExtension>
            <gpxtpx:hr>144</gpxtpx:hr>
          </gpxtpx:TrackPointExtension>
        </extensions>
      </trkpt>
      <trkpt lat="31.223549916923023" lon="121.34302446897519">
        <ele>10.0</ele>
        <time>2026-09-19T09:55:58Z</time>
        <extensions>
          <gpxtpx:TrackPointExtension>
            <gpxtpx:hr>144</gpxtpx:hr>
          </gpxtpx:TrackPointExtension>
        </extensions>
      </trkpt>
      <trkpt lat="31.22346790427235" lon="121.34305341553137">
        <ele>9.600000381469727</ele>
        <time>2026-09-19T09:56:02Z</time>
        <extensions>
          <gpxtpx:TrackPointExtension>
            <gpxtpx:hr>143</gpxtpx:hr>
          </gpxtpx:TrackPointExtension>
        </extensions>
      </trkpt>
      <trkpt lat="31.223346894094032" lon="121.34309134669658">
        <ele>9.199999809265137</ele>
        <time>2026-09-19T09:56:06Z</time>
        <extensions>
          <gpxtpx:TrackPointExtension>
            <gpxtpx:hr>143</gpxtpx:hr>
          </gpxtpx:TrackPointExtension>
        </extensions>
      </trkpt>
      <trkpt lat="31.22322891075921" lon="121.34311331100092">
        <ele>9.0</ele>
        <time>2026-09-19T09:56:10Z</time>
        <extensions>
          <gpxtpx:TrackPointExtension>
            <gpxtpx:hr>142</gpxtpx:hr>
          </gpxtpx:TrackPointExtension>
        </extensions>
      </trkpt>
      <trkpt lat="31.223110941552367" lon="121.3431272919985">
        <ele>8.399999618530273</ele>
        <time>2026-09-19T09:56:14Z</time>
        <extensions>
          <gpxtpx:TrackPointExtension>
            <gpxtpx:hr>143</gpxtpx:hr>
          </gpxtpx:TrackPointExtension>
        </extensions>
      </trkpt>
      <trkpt lat="31.222989952612558" lon="121.34315324823649">
        <ele>8.0</ele>
        <time>2026-09-19T09:56:18Z</time>
        <extensions>
          <gpxtpx:TrackPointExtension>
            <gpxtpx:hr>143</gpxtpx:hr>
          </gpxtpx:TrackPointExtension>
        </extensions>
      </trkpt>
      <trkpt lat="31.222872967102628" lon="121.34317621039547">
        <ele>7.599999904632568</ele>
        <time>2026-09-19T09:56:22Z</time>
        <extensions>
          <gpxtpx:TrackPointExtension>
            <gpxtpx:hr>143</gpxtpx:hr>
          </gpxtpx:TrackPointExtension>
        </extensions>
      </trkpt>
      <trkpt lat="31.222761950591693" lon="121.3432151387006">
        <ele>7.800000190734863</ele>
        <time>2026-09-19T09:56:26Z</time>
        <extensions>
          <gpxtpx:TrackPointExtension>
            <gpxtpx:hr>144</gpxtpx:hr>
          </gpxtpx:TrackPointExtension>
        </extensions>
      </trkpt>
      <trkpt lat="31.222659906979075" lon="121.34326703917668">
        <ele>7.599999904632568</ele>
        <time>2026-09-19T09:56:30Z</time>
        <extensions>
          <gpxtpx:TrackPointExtension>
            <gpxtpx:hr>143</gpxtpx:hr>
          </gpxtpx:TrackPointExtension>
        </extensions>
      </trkpt>
      <trkpt lat="31.222535852647656" lon="121.34333091662295">
        <ele>7.599999904632568</ele>
        <time>2026-09-19T09:56:34Z</time>
        <extensions>
          <gpxtpx:TrackPointExtension>
            <gpxtpx:hr>142</gpxtpx:hr>
          </gpxtpx:TrackPointExtension>
        </extensions>
      </trkpt>
      <trkpt lat="31.222458827293515" lon="121.34336585042826">
        <ele>7.599999904632568</ele>
        <time>2026-09-19T09:56:38Z</time>
        <extensions>
          <gpxtpx:TrackPointExtension>
            <gpxtpx:hr>143</gpxtpx:hr>
          </gpxtpx:TrackPointExtension>
        </extensions>
      </trkpt>
      <trkpt lat="31.222354767181308" lon="121.34342773042604">
        <ele>7.599999904632568</ele>
        <time>2026-09-19T09:56:42Z</time>
        <extensions>
          <gpxtpx:TrackPointExtension>
            <gpxtpx:hr>142</gpxtpx:hr>
          </gpxtpx:TrackPointExtension>
        </extensions>
      </trkpt>
      <trkpt lat="31.22223667154587" lon="121.34351356182316">
        <ele>7.400000095367432</ele>
        <time>2026-09-19T09:56:46Z</time>
        <extensions>
          <gpxtpx:TrackPointExtension>
            <gpxtpx:hr>141</gpxtpx:hr>
          </gpxtpx:TrackPointExtension>
        </extensions>
      </trkpt>
      <trkpt lat="31.222157631441068" lon="121.3435574772258">
        <ele>7.199999809265137</ele>
        <time>2026-09-19T09:56:50Z</time>
        <extensions>
          <gpxtpx:TrackPointExtension>
            <gpxtpx:hr>139</gpxtpx:hr>
          </gpxtpx:TrackPointExtension>
        </extensions>
      </trkpt>
      <trkpt lat="31.222052561478026" lon="121.34362534508024">
        <ele>6.800000190734863</ele>
        <time>2026-09-19T09:56:54Z</time>
        <extensions>
          <gpxtpx:TrackPointExtension>
            <gpxtpx:hr>139</gpxtpx:hr>
          </gpxtpx:TrackPointExtension>
        </extensions>
      </trkpt>
      <trkpt lat="31.22192349413486" lon="121.34369820472402">
        <ele>6.400000095367432</ele>
        <time>2026-09-19T09:56:58Z</time>
        <extensions>
          <gpxtpx:TrackPointExtension>
            <gpxtpx:hr>138</gpxtpx:hr>
          </gpxtpx:TrackPointExtension>
        </extensions>
      </trkpt>
      <trkpt lat="31.22184046658957" lon="121.34373613307238">
        <ele>6.0</ele>
        <time>2026-09-19T09:57:02Z</time>
        <extensions>
          <gpxtpx:TrackPointExtension>
            <gpxtpx:hr>138</gpxtpx:hr>
          </gpxtpx:TrackPointExtension>
        </extensions>
      </trkpt>
      <trkpt lat="31.22173042374886" lon="121.34379003061277">
        <ele>5.599999904632568</ele>
        <time>2026-09-19T09:57:06Z</time>
        <extensions>
          <gpxtpx:TrackPointExtension>
            <gpxtpx:hr>140</gpxtpx:hr>
          </gpxtpx:TrackPointExtension>
        </extensions>
      </trkpt>
      <trkpt lat="31.22161735784775" lon="121.34385789946428">
        <ele>5.199999809265137</ele>
        <time>2026-09-19T09:57:10Z</time>
        <extensions>
          <gpxtpx:TrackPointExtension>
            <gpxtpx:hr>142</gpxtpx:hr>
          </gpxtpx:TrackPointExtension>
        </extensions>
      </trkpt>
      <trkpt lat="31.221509284419717" lon="121.34392876176258">
        <ele>4.599999904632568</ele>
        <time>2026-09-19T09:57:14Z</time>
        <extensions>
          <gpxtpx:TrackPointExtension>
            <gpxtpx:hr>141</gpxtpx:hr>
          </gpxtpx:TrackPointExtension>
        </extensions>
      </trkpt>
      <trkpt lat="31.221419223590555" lon="121.343987647431">
        <ele>4.0</ele>
        <time>2026-09-19T09:57:18Z</time>
        <extensions>
          <gpxtpx:TrackPointExtension>
            <gpxtpx:hr>141</gpxtpx:hr>
          </gpxtpx:TrackPointExtension>
        </extensions>
      </trkpt>
      <trkpt lat="31.221345311013227" lon="121.34395771590887">
        <ele>3.4000000953674316</ele>
        <time>2026-09-19T09:57:22Z</time>
        <extensions>
          <gpxtpx:TrackPointExtension>
            <gpxtpx:hr>140</gpxtpx:hr>
          </gpxtpx:TrackPointExtension>
        </extensions>
      </trkpt>
      <trkpt lat="31.221076963853676" lon="121.3436583609327">
        <ele>3.200000047683716</ele>
        <time>2026-09-19T09:57:26Z</time>
        <extensions>
          <gpxtpx:TrackPointExtension>
            <gpxtpx:hr>140</gpxtpx:hr>
          </gpxtpx:TrackPointExtension>
        </extensions>
      </trkpt>
      <trkpt lat="31.220906480392337" lon="121.34341089101376">
        <ele>3.200000047683716</ele>
        <time>2026-09-19T09:57:30Z</time>
        <extensions>
          <gpxtpx:TrackPointExtension>
            <gpxtpx:hr>139</gpxtpx:hr>
          </gpxtpx:TrackPointExtension>
        </extensions>
      </trkpt>
      <trkpt lat="31.220929053037647" lon="121.34364739655506">
        <ele>3.0</ele>
        <time>2026-09-19T09:57:34Z</time>
        <extensions>
          <gpxtpx:TrackPointExtension>
            <gpxtpx:hr>138</gpxtpx:hr>
          </gpxtpx:TrackPointExtension>
        </extensions>
      </trkpt>
      <trkpt lat="31.22088352033645" lon="121.34396274549313">
        <ele>3.200000047683716</ele>
        <time>2026-09-19T09:57:38Z</time>
        <extensions>
          <gpxtpx:TrackPointExtension>
            <gpxtpx:hr>138</gpxtpx:hr>
          </gpxtpx:TrackPointExtension>
        </extensions>
      </trkpt>
      <trkpt lat="31.22073931021924" lon="121.34412142912434">
        <ele>3.0</ele>
        <time>2026-09-19T09:57:42Z</time>
        <extensions>
          <gpxtpx:TrackPointExtension>
            <gpxtpx:hr>141</gpxtpx:hr>
          </gpxtpx:TrackPointExtension>
        </extensions>
      </trkpt>
      <trkpt lat="31.220657501088077" lon="121.34403461606854">
        <ele>3.0</ele>
        <time>2026-09-19T09:57:46Z</time>
        <extensions>
          <gpxtpx:TrackPointExtension>
            <gpxtpx:hr>141</gpxtpx:hr>
          </gpxtpx:TrackPointExtension>
        </extensions>
      </trkpt>
      <trkpt lat="31.220581488019626" lon="121.34406256473659">
        <ele>3.200000047683716</ele>
        <time>2026-09-19T09:57:50Z</time>
        <extensions>
          <gpxtpx:TrackPointExtension>
            <gpxtpx:hr>141</gpxtpx:hr>
          </gpxtpx:TrackPointExtension>
        </extensions>
      </trkpt>
      <trkpt lat="31.220496423279684" lon="121.3441224480618">
        <ele>3.5999999046325684</ele>
        <time>2026-09-19T09:57:54Z</time>
        <extensions>
          <gpxtpx:TrackPointExtension>
            <gpxtpx:hr>140</gpxtpx:hr>
          </gpxtpx:TrackPointExtension>
        </extensions>
      </trkpt>
      <trkpt lat="31.220456398489745" lon="121.34414739986433">
        <ele>3.799999952316284</ele>
        <time>2026-09-19T09:57:58Z</time>
        <extensions>
          <gpxtpx:TrackPointExtension>
            <gpxtpx:hr>139</gpxtpx:hr>
          </gpxtpx:TrackPointExtension>
        </extensions>
      </trkpt>
      <trkpt lat="31.22037440055157" lon="121.34416836357146">
        <ele>4.199999809265137</ele>
        <time>2026-09-19T09:58:02Z</time>
        <extensions>
          <gpxtpx:TrackPointExtension>
            <gpxtpx:hr>138</gpxtpx:hr>
          </gpxtpx:TrackPointExtension>
        </extensions>
      </trkpt>
      <trkpt lat="31.220239382270435" lon="121.34421527818193">
        <ele>4.800000190734863</ele>
        <time>2026-09-19T09:58:06Z</time>
        <extensions>
          <gpxtpx:TrackPointExtension>
            <gpxtpx:hr>138</gpxtpx:hr>
          </gpxtpx:TrackPointExtension>
        </extensions>
      </trkpt>
      <trkpt lat="31.22006245898326" lon="121.3442192852229">
        <ele>5.199999809265137</ele>
        <time>2026-09-19T09:58:10Z</time>
        <extensions>
          <gpxtpx:TrackPointExtension>
            <gpxtpx:hr>137</gpxtpx:hr>
          </gpxtpx:TrackPointExtension>
        </extensions>
      </trkpt>
      <trkpt lat="31.21989345162587" lon="121.34426919662903">
        <ele>5.800000190734863</ele>
        <time>2026-09-19T09:58:14Z</time>
        <extensions>
          <gpxtpx:TrackPointExtension>
            <gpxtpx:hr>141</gpxtpx:hr>
          </gpxtpx:TrackPointExtension>
        </extensions>
      </trkpt>
      <trkpt lat="31.219768397342484" lon="121.34433407334545">
        <ele>6.199999809265137</ele>
        <time>2026-09-19T09:58:18Z</time>
        <extensions>
          <gpxtpx:TrackPointExtension>
            <gpxtpx:hr>146</gpxtpx:hr>
          </gpxtpx:TrackPointExtension>
        </extensions>
      </trkpt>
      <trkpt lat="31.219664366330505" lon="121.34437998749239">
        <ele>6.599999904632568</ele>
        <time>2026-09-19T09:58:22Z</time>
        <extensions>
          <gpxtpx:TrackPointExtension>
            <gpxtpx:hr>150</gpxtpx:hr>
          </gpxtpx:TrackPointExtension>
        </extensions>
      </trkpt>
      <trkpt lat="31.219566320321395" lon="121.3444328867403">
        <ele>7.199999809265137</ele>
        <time>2026-09-19T09:58:26Z</time>
        <extensions>
          <gpxtpx:TrackPointExtension>
            <gpxtpx:hr>152</gpxtpx:hr>
          </gpxtpx:TrackPointExtension>
        </extensions>
      </trkpt>
      <trkpt lat="31.219479295290764" lon="121.34447081598405">
        <ele>7.800000190734863</ele>
        <time>2026-09-19T09:58:30Z</time>
        <extensions>
          <gpxtpx:TrackPointExtension>
            <gpxtpx:hr>153</gpxtpx:hr>
          </gpxtpx:TrackPointExtension>
        </extensions>
      </trkpt>
      <trkpt lat="31.2193542760942" lon="121.34451573413051">
        <ele>8.0</ele>
        <time>2026-09-19T09:58:34Z</time>
        <extensions>
          <gpxtpx:TrackPointExtension>
            <gpxtpx:hr>154</gpxtpx:hr>
          </gpxtpx:TrackPointExtension>
        </extensions>
      </trkpt>
      <trkpt lat="31.219247232751773" lon="121.34456963224282">
        <ele>8.399999618530273</ele>
        <time>2026-09-19T09:58:38Z</time>
        <extensions>
          <gpxtpx:TrackPointExtension>
            <gpxtpx:hr>154</gpxtpx:hr>
          </gpxtpx:TrackPointExtension>
        </extensions>
      </trkpt>
      <trkpt lat="31.219174182059025" lon="121.34461853775716">
        <ele>8.800000190734863</ele>
        <time>2026-09-19T09:58:42Z</time>
        <extensions>
          <gpxtpx:TrackPointExtension>
            <gpxtpx:hr>154</gpxtpx:hr>
          </gpxtpx:TrackPointExtension>
        </extensions>
      </trkpt>
      <trkpt lat="31.21908510073618" lon="121.34468939948479">
        <ele>8.800000190734863</ele>
        <time>2026-09-19T09:58:46Z</time>
        <extensions>
          <gpxtpx:TrackPointExtension>
            <gpxtpx:hr>150</gpxtpx:hr>
          </gpxtpx:TrackPointExtension>
        </extensions>
      </trkpt>
      <trkpt lat="31.218986036405326" lon="121.34475327655487">
        <ele>8.399999618530273</ele>
        <time>2026-09-19T09:58:50Z</time>
        <extensions>
          <gpxtpx:TrackPointExtension>
            <gpxtpx:hr>149</gpxtpx:hr>
          </gpxtpx:TrackPointExtension>
        </extensions>
      </trkpt>
      <trkpt lat="31.218847955908714" lon="121.34483711603193">
        <ele>8.0</ele>
        <time>2026-09-19T09:58:54Z</time>
        <extensions>
          <gpxtpx:TrackPointExtension>
            <gpxtpx:hr>148</gpxtpx:hr>
          </gpxtpx:TrackPointExtension>
        </extensions>
      </trkpt>
      <trkpt lat="31.21873892773223" lon="121.34488303107693">
        <ele>7.599999904632568</ele>
        <time>2026-09-19T09:58:58Z</time>
        <extensions>
          <gpxtpx:TrackPointExtension>
            <gpxtpx:hr>148</gpxtpx:hr>
          </gpxtpx:TrackPointExtension>
        </extensions>
      </trkpt>
      <trkpt lat="31.218658891053995" lon="121.34492594980892">
        <ele>7.199999809265137</ele>
        <time>2026-09-19T09:59:02Z</time>
        <extensions>
          <gpxtpx:TrackPointExtension>
            <gpxtpx:hr>147</gpxtpx:hr>
          </gpxtpx:TrackPointExtension>
        </extensions>
      </trkpt>
      <trkpt lat="31.218531847226686" lon="121.34498583780356">
        <ele>7.400000095367432</ele>
        <time>2026-09-19T09:59:06Z</time>
        <extensions>
          <gpxtpx:TrackPointExtension>
            <gpxtpx:hr>146</gpxtpx:hr>
          </gpxtpx:TrackPointExtension>
        </extensions>
      </trkpt>
      <trkpt lat="31.218448822458463" lon="121.3450227691751">
        <ele>7.400000095367432</ele>
        <time>2026-09-19T09:59:10Z</time>
        <extensions>
          <gpxtpx:TrackPointExtension>
            <gpxtpx:hr>145</gpxtpx:hr>
          </gpxtpx:TrackPointExtension>
        </extensions>
      </trkpt>
      <trkpt lat="31.21832476520401" lon="121.34508964269985">
        <ele>7.400000095367432</ele>
        <time>2026-09-19T09:59:14Z</time>
        <extensions>
          <gpxtpx:TrackPointExtension>
            <gpxtpx:hr>144</gpxtpx:hr>
          </gpxtpx:TrackPointExtension>
        </extensions>
      </trkpt>
      <trkpt lat="31.218249754033717" lon="121.34511659392207">
        <ele>7.199999809265137</ele>
        <time>2026-09-19T09:59:18Z</time>
        <extensions>
          <gpxtpx:TrackPointExtension>
            <gpxtpx:hr>144</gpxtpx:hr>
          </gpxtpx:TrackPointExtension>
        </extensions>
      </trkpt>
      <trkpt lat="31.218108749972462" lon="121.34515752222457">
        <ele>7.0</ele>
        <time>2026-09-19T09:59:22Z</time>
        <extensions>
          <gpxtpx:TrackPointExtension>
            <gpxtpx:hr>143</gpxtpx:hr>
          </gpxtpx:TrackPointExtension>
        </extensions>
      </trkpt>
      <trkpt lat="31.21803673223191" lon="121.34518746709017">
        <ele>7.599999904632568</ele>
        <time>2026-09-19T09:59:26Z</time>
        <extensions>
          <gpxtpx:TrackPointExtension>
            <gpxtpx:hr>144</gpxtpx:hr>
          </gpxtpx:TrackPointExtension>
        </extensions>
      </trkpt>
      <trkpt lat="31.217939698705536" lon="121.34523338142832">
        <ele>7.599999904632568</ele>
        <time>2026-09-19T09:59:30Z</time>
        <extensions>
          <gpxtpx:TrackPointExtension>
            <gpxtpx:hr>146</gpxtpx:hr>
          </gpxtpx:TrackPointExtension>
        </extensions>
      </trkpt>
      <trkpt lat="31.217830702043035" lon="121.3452613336266">
        <ele>7.400000095367432</ele>
        <time>2026-09-19T09:59:34Z</time>
        <extensions>
          <gpxtpx:TrackPointExtension>
            <gpxtpx:hr>145</gpxtpx:hr>
          </gpxtpx:TrackPointExtension>
        </extensions>
      </trkpt>
      <trkpt lat="31.217726684015293" lon="121.34530026293835">
        <ele>7.199999809265137</ele>
        <time>2026-09-19T09:59:38Z</time>
        <extensions>
          <gpxtpx:TrackPointExtension>
            <gpxtpx:hr>145</gpxtpx:hr>
          </gpxtpx:TrackPointExtension>
        </extensions>
      </trkpt>
      <trkpt lat="31.21759062594557" lon="121.34537112971954">
        <ele>7.199999809265137</ele>
        <time>2026-09-19T09:59:42Z</time>
        <extensions>
          <gpxtpx:TrackPointExtension>
            <gpxtpx:hr>149</gpxtpx:hr>
          </gpxtpx:TrackPointExtension>
        </extensions>
      </trkpt>
      <trkpt lat="31.21749756480483" lon="121.34543201328596">
        <ele>7.199999809265137</ele>
        <time>2026-09-19T09:59:46Z</time>
        <extensions>
          <gpxtpx:TrackPointExtension>
            <gpxtpx:hr>149</gpxtpx:hr>
          </gpxtpx:TrackPointExtension>
        </extensions>
      </trkpt>
      <trkpt lat="31.21740954276741" lon="121.34546894543118">
        <ele>7.199999809265137</ele>
        <time>2026-09-19T09:59:50Z</time>
        <extensions>
          <gpxtpx:TrackPointExtension>
            <gpxtpx:hr>149</gpxtpx:hr>
          </gpxtpx:TrackPointExtension>
        </extensions>
      </trkpt>
      <trkpt lat="31.217309481621854" lon="121.3455318256515">
        <ele>7.199999809265137</ele>
        <time>2026-09-19T09:59:54Z</time>
        <extensions>
          <gpxtpx:TrackPointExtension>
            <gpxtpx:hr>152</gpxtpx:hr>
          </gpxtpx:TrackPointExtension>
        </extensions>
      </trkpt>
      <trkpt lat="31.217179426199845" lon="121.34559969836613">
        <ele>7.400000095367432</ele>
        <time>2026-09-19T09:59:58Z</time>
        <extensions>
          <gpxtpx:TrackPointExtension>
            <gpxtpx:hr>158</gpxtpx:hr>
          </gpxtpx:TrackPointExtension>
        </extensions>
      </trkpt>
      <trkpt lat="31.217105406249402" lon="121.34563163960935">
        <ele>7.599999904632568</ele>
        <time>2026-09-19T10:00:02Z</time>
        <extensions>
          <gpxtpx:TrackPointExtension>
            <gpxtpx:hr>158</gpxtpx:hr>
          </gpxtpx:TrackPointExtension>
        </extensions>
      </trkpt>
      <trkpt lat="31.216973336425024" lon="121.34570849433143">
        <ele>7.599999904632568</ele>
        <time>2026-09-19T10:00:06Z</time>
        <extensions>
          <gpxtpx:TrackPointExtension>
            <gpxtpx:hr>157</gpxtpx:hr>
          </gpxtpx:TrackPointExtension>
        </extensions>
      </trkpt>
      <trkpt lat="31.216888306293537" lon="121.34574941829875">
        <ele>7.800000190734863</ele>
        <time>2026-09-19T10:00:10Z</time>
        <extensions>
          <gpxtpx:TrackPointExtension>
            <gpxtpx:hr>157</gpxtpx:hr>
          </gpxtpx:TrackPointExtension>
        </extensions>
      </trkpt>
      <trkpt lat="31.216780271661406" lon="121.34579932599931">
        <ele>7.800000190734863</ele>
        <time>2026-09-19T10:00:14Z</time>
        <extensions>
          <gpxtpx:TrackPointExtension>
            <gpxtpx:hr>157</gpxtpx:hr>
          </gpxtpx:TrackPointExtension>
        </extensions>
      </trkpt>
      <trkpt lat="31.216650242396017" lon="121.3458522295615">
        <ele>7.599999904632568</ele>
        <time>2026-09-19T10:00:18Z</time>
        <extensions>
          <gpxtpx:TrackPointExtension>
            <gpxtpx:hr>157</gpxtpx:hr>
          </gpxtpx:TrackPointExtension>
        </extensions>
      </trkpt>
      <trkpt lat="31.216573260137636" lon="121.3458632138783">
        <ele>7.800000190734863</ele>
        <time>2026-09-19T10:00:22Z</time>
        <extensions>
          <gpxtpx:TrackPointExtension>
            <gpxtpx:hr>155</gpxtpx:hr>
          </gpxtpx:TrackPointExtension>
        </extensions>
      </trkpt>
      <trkpt lat="31.21645735661397" lon="121.34583927265466">
        <ele>8.0</ele>
        <time>2026-09-19T10:00:26Z</time>
        <extensions>
          <gpxtpx:TrackPointExtension>
            <gpxtpx:hr>155</gpxtpx:hr>
          </gpxtpx:TrackPointExtension>
        </extensions>
      </trkpt>
      <trkpt lat="31.21634343840342" lon="121.34582331501576">
        <ele>8.199999809265137</ele>
        <time>2026-09-19T10:00:30Z</time>
        <extensions>
          <gpxtpx:TrackPointExtension>
            <gpxtpx:hr>154</gpxtpx:hr>
          </gpxtpx:TrackPointExtension>
        </extensions>
      </trkpt>
      <trkpt lat="31.21620746535007" lon="121.34584528208211">
        <ele>8.199999809265137</ele>
        <time>2026-09-19T10:00:34Z</time>
        <extensions>
          <gpxtpx:TrackPointExtension>
            <gpxtpx:hr>155</gpxtpx:hr>
          </gpxtpx:TrackPointExtension>
        </extensions>
      </trkpt>
      <trkpt lat="31.21612246286839" lon="121.34587023865701">
        <ele>8.800000190734863</ele>
        <time>2026-09-19T10:00:38Z</time>
        <extensions>
          <gpxtpx:TrackPointExtension>
            <gpxtpx:hr>155</gpxtpx:hr>
          </gpxtpx:TrackPointExtension>
        </extensions>
      </trkpt>
      <trkpt lat="31.216014464489977" lon="121.34589918911327">
        <ele>9.199999809265137</ele>
        <time>2026-09-19T10:00:42Z</time>
        <extensions>
          <gpxtpx:TrackPointExtension>
            <gpxtpx:hr>154</gpxtpx:hr>
          </gpxtpx:TrackPointExtension>
        </extensions>
      </trkpt>
      <trkpt lat="31.21591444171352" lon="121.34594011454355">
        <ele>9.600000381469727</ele>
        <time>2026-09-19T10:00:46Z</time>
        <extensions>
          <gpxtpx:TrackPointExtension>
            <gpxtpx:hr>154</gpxtpx:hr>
          </gpxtpx:TrackPointExtension>
        </extensions>
      </trkpt>
      <trkpt lat="31.215805452451363" lon="121.34596407527275">
        <ele>9.800000190734863</ele>
        <time>2026-09-19T10:00:50Z</time>
        <extensions>
          <gpxtpx:TrackPointExtension>
            <gpxtpx:hr>155</gpxtpx:hr>
          </gpxtpx:TrackPointExtension>
        </extensions>
      </trkpt>
      <trkpt lat="31.21569242392376" lon="121.34601198768944">
        <ele>9.600000381469727</ele>
        <time>2026-09-19T10:00:54Z</time>
        <extensions>
          <gpxtpx:TrackPointExtension>
            <gpxtpx:hr>155</gpxtpx:hr>
          </gpxtpx:TrackPointExtension>
        </extensions>
      </trkpt>
      <trkpt lat="31.21554741928414" lon="121.34605491305567">
        <ele>9.199999809265137</ele>
        <time>2026-09-19T10:00:58Z</time>
        <extensions>
          <gpxtpx:TrackPointExtension>
            <gpxtpx:hr>155</gpxtpx:hr>
          </gpxtpx:TrackPointExtension>
        </extensions>
      </trkpt>
      <trkpt lat="31.215463413035852" lon="121.34608186560355">
        <ele>8.800000190734863</ele>
        <time>2026-09-19T10:01:02Z</time>
        <extensions>
          <gpxtpx:TrackPointExtension>
            <gpxtpx:hr>155</gpxtpx:hr>
          </gpxtpx:TrackPointExtension>
        </extensions>
      </trkpt>
      <trkpt lat="31.215349419403257" lon="121.34610981873536">
        <ele>8.199999809265137</ele>
        <time>2026-09-19T10:01:06Z</time>
        <extensions>
          <gpxtpx:TrackPointExtension>
            <gpxtpx:hr>156</gpxtpx:hr>
          </gpxtpx:TrackPointExtension>
        </extensions>
      </trkpt>
      <trkpt lat="31.21527128526018" lon="121.34620962302695">
        <ele>7.800000190734863</ele>
        <time>2026-09-19T10:01:10Z</time>
        <extensions>
          <gpxtpx:TrackPointExtension>
            <gpxtpx:hr>155</gpxtpx:hr>
          </gpxtpx:TrackPointExtension>
        </extensions>
      </trkpt>
      <trkpt lat="31.215189199408602" lon="121.34628248246203">
        <ele>7.599999904632568</ele>
        <time>2026-09-19T10:01:14Z</time>
        <extensions>
          <gpxtpx:TrackPointExtension>
            <gpxtpx:hr>156</gpxtpx:hr>
          </gpxtpx:TrackPointExtension>
        </extensions>
      </trkpt>
      <trkpt lat="31.215074218356225" lon="121.34630344995084">
        <ele>7.800000190734863</ele>
        <time>2026-09-19T10:01:18Z</time>
        <extensions>
          <gpxtpx:TrackPointExtension>
            <gpxtpx:hr>156</gpxtpx:hr>
          </gpxtpx:TrackPointExtension>
        </extensions>
      </trkpt>
      <trkpt lat="31.214964238357464" lon="121.34632242105889">
        <ele>7.400000095367432</ele>
        <time>2026-09-19T10:01:22Z</time>
        <extensions>
          <gpxtpx:TrackPointExtension>
            <gpxtpx:hr>153</gpxtpx:hr>
          </gpxtpx:TrackPointExtension>
        </extensions>
      </trkpt>
      <trkpt lat="31.214859242305973" lon="121.34634937557819">
        <ele>7.800000190734863</ele>
        <time>2026-09-19T10:01:26Z</time>
        <extensions>
          <gpxtpx:TrackPointExtension>
            <gpxtpx:hr>151</gpxtpx:hr>
          </gpxtpx:TrackPointExtension>
        </extensions>
      </trkpt>
      <trkpt lat="31.21474728381792" lon="121.34635637112">
        <ele>7.800000190734863</ele>
        <time>2026-09-19T10:01:30Z</time>
        <extensions>
          <gpxtpx:TrackPointExtension>
            <gpxtpx:hr>150</gpxtpx:hr>
          </gpxtpx:TrackPointExtension>
        </extensions>
      </trkpt>
      <trkpt lat="31.214632318225036" lon="121.34636835682184">
        <ele>7.599999904632568</ele>
        <time>2026-09-19T10:01:34Z</time>
        <extensions>
          <gpxtpx:TrackPointExtension>
            <gpxtpx:hr>150</gpxtpx:hr>
          </gpxtpx:TrackPointExtension>
        </extensions>
      </trkpt>
      <trkpt lat="31.21452636373377" lon="121.34637135992739">
        <ele>7.599999904632568</ele>
        <time>2026-09-19T10:01:38Z</time>
        <extensions>
          <gpxtpx:TrackPointExtension>
            <gpxtpx:hr>149</gpxtpx:hr>
          </gpxtpx:TrackPointExtension>
        </extensions>
      </trkpt>
      <trkpt lat="31.214414376218524" lon="121.34639532113891">
        <ele>7.599999904632568</ele>
        <time>2026-09-19T10:01:42Z</time>
        <extensions>
          <gpxtpx:TrackPointExtension>
            <gpxtpx:hr>150</gpxtpx:hr>
          </gpxtpx:TrackPointExtension>
        </extensions>
      </trkpt>
      <trkpt lat="31.214304382641632" lon="121.34642227613335">
        <ele>7.599999904632568</ele>
        <time>2026-09-19T10:01:46Z</time>
        <extensions>
          <gpxtpx:TrackPointExtension>
            <gpxtpx:hr>149</gpxtpx:hr>
          </gpxtpx:TrackPointExtension>
        </extensions>
      </trkpt>
      <trkpt lat="31.21419340665131" lon="121.34643925141386">
        <ele>7.800000190734863</ele>
        <time>2026-09-19T10:01:50Z</time>
        <extensions>
          <gpxtpx:TrackPointExtension>
            <gpxtpx:hr>150</gpxtpx:hr>
          </gpxtpx:TrackPointExtension>
        </extensions>
      </trkpt>
      <trkpt lat="31.214084433137085" lon="121.34645423056398">
        <ele>7.800000190734863</ele>
        <time>2026-09-19T10:01:54Z</time>
        <extensions>
          <gpxtpx:TrackPointExtension>
            <gpxtpx:hr>151</gpxtpx:hr>
          </gpxtpx:TrackPointExtension>
        </extensions>
      </trkpt>
      <trkpt lat="31.213973472550478" lon="121.3464622240173">
        <ele>7.599999904632568</ele>
        <time>2026-09-19T10:01:58Z</time>
        <extensions>
          <gpxtpx:TrackPointExtension>
            <gpxtpx:hr>153</gpxtpx:hr>
          </gpxtpx:TrackPointExtension>
        </extensions>
      </trkpt>
      <trkpt lat="31.213868495441794" lon="121.34647820081143">
        <ele>7.599999904632568</ele>
        <time>2026-09-19T10:02:02Z</time>
        <extensions>
          <gpxtpx:TrackPointExtension>
            <gpxtpx:hr>155</gpxtpx:hr>
          </gpxtpx:TrackPointExtension>
        </extensions>
      </trkpt>
      <trkpt lat="31.21375553754387" lon="121.34648519645933">
        <ele>7.800000190734863</ele>
        <time>2026-09-19T10:02:06Z</time>
        <extensions>
          <gpxtpx:TrackPointExtension>
            <gpxtpx:hr>155</gpxtpx:hr>
          </gpxtpx:TrackPointExtension>
        </extensions>
      </trkpt>
      <trkpt lat="31.213649538744054" lon="121.34651414712707">
        <ele>8.0</ele>
        <time>2026-09-19T10:02:10Z</time>
        <extensions>
          <gpxtpx:TrackPointExtension>
            <gpxtpx:hr>155</gpxtpx:hr>
          </gpxtpx:TrackPointExtension>
        </extensions>
      </trkpt>
      <trkpt lat="31.21354754829527" lon="121.34653710956498">
        <ele>7.800000190734863</ele>
        <time>2026-09-19T10:02:14Z</time>
        <extensions>
          <gpxtpx:TrackPointExtension>
            <gpxtpx:hr>155</gpxtpx:hr>
          </gpxtpx:TrackPointExtension>
        </extensions>
      </trkpt>
      <trkpt lat="31.213435572890848" lon="121.34655408497458">
        <ele>7.599999904632568</ele>
        <time>2026-09-19T10:02:18Z</time>
        <extensions>
          <gpxtpx:TrackPointExtension>
            <gpxtpx:hr>154</gpxtpx:hr>
          </gpxtpx:TrackPointExtension>
        </extensions>
      </trkpt>
      <trkpt lat="31.213328598520906" lon="121.34656906398943">
        <ele>7.599999904632568</ele>
        <time>2026-09-19T10:02:22Z</time>
        <extensions>
          <gpxtpx:TrackPointExtension>
            <gpxtpx:hr>154</gpxtpx:hr>
          </gpxtpx:TrackPointExtension>
        </extensions>
      </trkpt>
      <trkpt lat="31.213207637693518" lon="121.3465800522812">
        <ele>7.599999904632568</ele>
        <time>2026-09-19T10:02:26Z</time>
        <extensions>
          <gpxtpx:TrackPointExtension>
            <gpxtpx:hr>153</gpxtpx:hr>
          </gpxtpx:TrackPointExtension>
        </extensions>
      </trkpt>
      <trkpt lat="31.21308355895" lon="121.34666089982673">
        <ele>7.400000095367432</ele>
        <time>2026-09-19T10:02:30Z</time>
        <extensions>
          <gpxtpx:TrackPointExtension>
            <gpxtpx:hr>153</gpxtpx:hr>
          </gpxtpx:TrackPointExtension>
        </extensions>
      </trkpt>
      <trkpt lat="31.212989503438717" lon="121.34671978918804">
        <ele>7.199999809265137</ele>
        <time>2026-09-19T10:02:34Z</time>
        <extensions>
          <gpxtpx:TrackPointExtension>
            <gpxtpx:hr>150</gpxtpx:hr>
          </gpxtpx:TrackPointExtension>
        </extensions>
      </trkpt>
      <trkpt lat="31.212925445541057" lon="121.34677169010948">
        <ele>7.400000095367432</ele>
        <time>2026-09-19T10:02:38Z</time>
        <extensions>
          <gpxtpx:TrackPointExtension>
            <gpxtpx:hr>143</gpxtpx:hr>
          </gpxtpx:TrackPointExtension>
        </extensions>
      </trkpt>
      <trkpt lat="31.212827310423584" lon="121.34687848350966">
        <ele>7.400000095367432</ele>
        <time>2026-09-19T10:02:42Z</time>
        <extensions>
          <gpxtpx:TrackPointExtension>
            <gpxtpx:hr>139</gpxtpx:hr>
          </gpxtpx:TrackPointExtension>
        </extensions>
      </trkpt>
      <trkpt lat="31.212759162841884" lon="121.3469842765743">
        <ele>7.199999809265137</ele>
        <time>2026-09-19T10:02:46Z</time>
        <extensions>
          <gpxtpx:TrackPointExtension>
            <gpxtpx:hr>139</gpxtpx:hr>
          </gpxtpx:TrackPointExtension>
        </extensions>
      </trkpt>
      <trkpt lat="31.212715049785892" lon="121.3470631219328">
        <ele>7.199999809265137</ele>
        <time>2026-09-19T10:02:50Z</time>
        <extensions>
          <gpxtpx:TrackPointExtension>
            <gpxtpx:hr>139</gpxtpx:hr>
          </gpxtpx:TrackPointExtension>
        </extensions>
      </trkpt>
      <trkpt lat="31.212637847556003" lon="121.34720384613885">
        <ele>7.199999809265137</ele>
        <time>2026-09-19T10:02:54Z</time>
        <extensions>
          <gpxtpx:TrackPointExtension>
            <gpxtpx:hr>138</gpxtpx:hr>
          </gpxtpx:TrackPointExtension>
        </extensions>
      </trkpt>
      <trkpt lat="31.21259872565305" lon="121.34728668345205">
        <ele>7.199999809265137</ele>
        <time>2026-09-19T10:02:58Z</time>
        <extensions>
          <gpxtpx:TrackPointExtension>
            <gpxtpx:hr>139</gpxtpx:hr>
          </gpxtpx:TrackPointExtension>
        </extensions>
      </trkpt>
      <trkpt lat="31.212533574058487" lon="121.34739447322663">
        <ele>7.0</ele>
        <time>2026-09-19T10:03:02Z</time>
        <extensions>
          <gpxtpx:TrackPointExtension>
            <gpxtpx:hr>139</gpxtpx:hr>
          </gpxtpx:TrackPointExtension>
        </extensions>
      </trkpt>
      <trkpt lat="31.212468426062053" lon="121.34750026725311">
        <ele>7.199999809265137</ele>
        <time>2026-09-19T10:03:06Z</time>
        <extensions>
          <gpxtpx:TrackPointExtension>
            <gpxtpx:hr>139</gpxtpx:hr>
          </gpxtpx:TrackPointExtension>
        </extensions>
      </trkpt>
      <trkpt lat="31.212412273961977" lon="121.34760606075464">
        <ele>7.400000095367432</ele>
        <time>2026-09-19T10:03:10Z</time>
        <extensions>
          <gpxtpx:TrackPointExtension>
            <gpxtpx:hr>139</gpxtpx:hr>
          </gpxtpx:TrackPointExtension>
        </extensions>
      </trkpt>
      <trkpt lat="31.21236212930876" lon="121.34770586593318">
        <ele>7.199999809265137</ele>
        <time>2026-09-19T10:03:14Z</time>
        <extensions>
          <gpxtpx:TrackPointExtension>
            <gpxtpx:hr>139</gpxtpx:hr>
          </gpxtpx:TrackPointExtension>
        </extensions>
      </trkpt>
      <trkpt lat="31.212284994429535" lon="121.3478076696982">
        <ele>7.199999809265137</ele>
        <time>2026-09-19T10:03:18Z</time>
        <extensions>
          <gpxtpx:TrackPointExtension>
            <gpxtpx:hr>139</gpxtpx:hr>
          </gpxtpx:TrackPointExtension>
        </extensions>
      </trkpt>
      <trkpt lat="31.212185945995266" lon="121.3478645649819">
        <ele>7.400000095367432</ele>
        <time>2026-09-19T10:03:22Z</time>
        <extensions>
          <gpxtpx:TrackPointExtension>
            <gpxtpx:hr>140</gpxtpx:hr>
          </gpxtpx:TrackPointExtension>
        </extensions>
      </trkpt>
      <trkpt lat="31.21206995623681" lon="121.34789152138254">
        <ele>7.800000190734863</ele>
        <time>2026-09-19T10:03:26Z</time>
        <extensions>
          <gpxtpx:TrackPointExtension>
            <gpxtpx:hr>139</gpxtpx:hr>
          </gpxtpx:TrackPointExtension>
        </extensions>
      </trkpt>
      <trkpt lat="31.211951959056893" lon="121.3479234680459">
        <ele>7.800000190734863</ele>
        <time>2026-09-19T10:03:30Z</time>
        <extensions>
          <gpxtpx:TrackPointExtension>
            <gpxtpx:hr>140</gpxtpx:hr>
          </gpxtpx:TrackPointExtension>
        </extensions>
      </trkpt>
      <trkpt lat="31.211840988803154" lon="121.34793744985407">
        <ele>7.400000095367432</ele>
        <time>2026-09-19T10:03:34Z</time>
        <extensions>
          <gpxtpx:TrackPointExtension>
            <gpxtpx:hr>139</gpxtpx:hr>
          </gpxtpx:TrackPointExtension>
        </extensions>
      </trkpt>
      <trkpt lat="31.211729003917732" lon="121.34796041389188">
        <ele>7.599999904632568</ele>
        <time>2026-09-19T10:03:38Z</time>
        <extensions>
          <gpxtpx:TrackPointExtension>
            <gpxtpx:hr>140</gpxtpx:hr>
          </gpxtpx:TrackPointExtension>
        </extensions>
      </trkpt>
      <trkpt lat="31.211624044256617" lon="121.34796641106712">
        <ele>7.199999809265137</ele>
        <time>2026-09-19T10:03:42Z</time>
        <extensions>
          <gpxtpx:TrackPointExtension>
            <gpxtpx:hr>139</gpxtpx:hr>
          </gpxtpx:TrackPointExtension>
        </extensions>
      </trkpt>
      <trkpt lat="31.211490031336595" lon="121.34801233140135">
        <ele>7.0</ele>
        <time>2026-09-19T10:03:46Z</time>
        <extensions>
          <gpxtpx:TrackPointExtension>
            <gpxtpx:hr>140</gpxtpx:hr>
          </gpxtpx:TrackPointExtension>
        </extensions>
      </trkpt>
      <trkpt lat="31.211408064011508" lon="121.34801633056082">
        <ele>7.400000095367432</ele>
        <time>2026-09-19T10:03:50Z</time>
        <extensions>
          <gpxtpx:TrackPointExtension>
            <gpxtpx:hr>140</gpxtpx:hr>
          </gpxtpx:TrackPointExtension>
        </extensions>
      </trkpt>
      <trkpt lat="31.211298098391364" lon="121.34802731826129">
        <ele>7.400000095367432</ele>
        <time>2026-09-19T10:03:54Z</time>
        <extensions>
          <gpxtpx:TrackPointExtension>
            <gpxtpx:hr>140</gpxtpx:hr>
          </gpxtpx:TrackPointExtension>
        </extensions>
      </trkpt>
      <trkpt lat="31.21117608986521" lon="121.34806724951413">
        <ele>7.199999809265137</ele>
        <time>2026-09-19T10:03:58Z</time>
        <extensions>
          <gpxtpx:TrackPointExtension>
            <gpxtpx:hr>140</gpxtpx:hr>
          </gpxtpx:TrackPointExtension>
        </extensions>
      </trkpt>
      <trkpt lat="31.21105813819382" lon="121.34807224981057">
        <ele>7.199999809265137</ele>
        <time>2026-09-19T10:04:02Z</time>
        <extensions>
          <gpxtpx:TrackPointExtension>
            <gpxtpx:hr>140</gpxtpx:hr>
          </gpxtpx:TrackPointExtension>
        </extensions>
      </trkpt>
      <trkpt lat="31.210928303118674" lon="121.34801138199356">
        <ele>7.199999809265137</ele>
        <time>2026-09-19T10:04:06Z</time>
        <extensions>
          <gpxtpx:TrackPointExtension>
            <gpxtpx:hr>141</gpxtpx:hr>
          </gpxtpx:TrackPointExtension>
        </extensions>
      </trkpt>
      <trkpt lat="31.210870450310388" lon="121.3479405278825">
        <ele>7.199999809265137</ele>
        <time>2026-09-19T10:04:10Z</time>
        <extensions>
          <gpxtpx:TrackPointExtension>
            <gpxtpx:hr>141</gpxtpx:hr>
          </gpxtpx:TrackPointExtension>
        </extensions>
      </trkpt>
      <trkpt lat="31.210783586315678" lon="121.34788464659913">
        <ele>7.599999904632568</ele>
        <time>2026-09-19T10:04:14Z</time>
        <extensions>
          <gpxtpx:TrackPointExtension>
            <gpxtpx:hr>141</gpxtpx:hr>
          </gpxtpx:TrackPointExtension>
        </extensions>
      </trkpt>
      <trkpt lat="31.21072141779004" lon="121.34800241774795">
        <ele>8.0</ele>
        <time>2026-09-19T10:04:18Z</time>
        <extensions>
          <gpxtpx:TrackPointExtension>
            <gpxtpx:hr>141</gpxtpx:hr>
          </gpxtpx:TrackPointExtension>
        </extensions>
      </trkpt>
      <trkpt lat="31.210673249507177" lon="121.34811619592921">
        <ele>8.199999809265137</ele>
        <time>2026-09-19T10:04:22Z</time>
        <extensions>
          <gpxtpx:TrackPointExtension>
            <gpxtpx:hr>141</gpxtpx:hr>
          </gpxtpx:TrackPointExtension>
        </extensions>
      </trkpt>
      <trkpt lat="31.21063112215545" lon="121.34820402533366">
        <ele>8.399999618530273</ele>
        <time>2026-09-19T10:04:26Z</time>
        <extensions>
          <gpxtpx:TrackPointExtension>
            <gpxtpx:hr>145</gpxtpx:hr>
          </gpxtpx:TrackPointExtension>
        </extensions>
      </trkpt>
      <trkpt lat="31.21057195960845" lon="121.34831780499866">
        <ele>8.199999809265137</ele>
        <time>2026-09-19T10:04:30Z</time>
        <extensions>
          <gpxtpx:TrackPointExtension>
            <gpxtpx:hr>146</gpxtpx:hr>
          </gpxtpx:TrackPointExtension>
        </extensions>
      </trkpt>
      <trkpt lat="31.21051273380832" lon="121.34846950998775">
        <ele>7.599999904632568</ele>
        <time>2026-09-19T10:04:34Z</time>
        <extensions>
          <gpxtpx:TrackPointExtension>
            <gpxtpx:hr>146</gpxtpx:hr>
          </gpxtpx:TrackPointExtension>
        </extensions>
      </trkpt>
      <trkpt lat="31.210450556609718" lon="121.34859327092052">
        <ele>7.199999809265137</ele>
        <time>2026-09-19T10:04:38Z</time>
        <extensions>
          <gpxtpx:TrackPointExtension>
            <gpxtpx:hr>147</gpxtpx:hr>
          </gpxtpx:TrackPointExtension>
        </extensions>
      </trkpt>
      <trkpt lat="31.210386385673548" lon="121.34871403828804">
        <ele>6.800000190734863</ele>
        <time>2026-09-19T10:04:42Z</time>
        <extensions>
          <gpxtpx:TrackPointExtension>
            <gpxtpx:hr>147</gpxtpx:hr>
          </gpxtpx:TrackPointExtension>
        </extensions>
      </trkpt>
      <trkpt lat="31.21031133183427" lon="121.34876793859718">
        <ele>6.599999904632568</ele>
        <time>2026-09-19T10:04:46Z</time>
        <extensions>
          <gpxtpx:TrackPointExtension>
            <gpxtpx:hr>146</gpxtpx:hr>
          </gpxtpx:TrackPointExtension>
        </extensions>
      </trkpt>
      <trkpt lat="31.210192399114288" lon="121.34876196068564">
        <ele>6.800000190734863</ele>
        <time>2026-09-19T10:04:50Z</time>
        <extensions>
          <gpxtpx:TrackPointExtension>
            <gpxtpx:hr>146</gpxtpx:hr>
          </gpxtpx:TrackPointExtension>
        </extensions>
      </trkpt>
      <trkpt lat="31.210054562177106" lon="121.34870408667791">
        <ele>6.800000190734863</ele>
        <time>2026-09-19T10:04:54Z</time>
        <extensions>
          <gpxtpx:TrackPointExtension>
            <gpxtpx:hr>146</gpxtpx:hr>
          </gpxtpx:TrackPointExtension>
        </extensions>
      </trkpt>
      <trkpt lat="31.210015734339564" lon="121.34861227112802">
        <ele>7.0</ele>
        <time>2026-09-19T10:04:58Z</time>
        <extensions>
          <gpxtpx:TrackPointExtension>
            <gpxtpx:hr>146</gpxtpx:hr>
          </gpxtpx:TrackPointExtension>
        </extensions>
      </trkpt>
      <trkpt lat="31.209960959467274" lon="121.34849351039864">
        <ele>7.199999809265137</ele>
        <time>2026-09-19T10:05:02Z</time>
        <extensions>
          <gpxtpx:TrackPointExtension>
            <gpxtpx:hr>144</gpxtpx:hr>
          </gpxtpx:TrackPointExtension>
        </extensions>
      </trkpt>
      <trkpt lat="31.209869099027205" lon="121.34843663080358">
        <ele>7.400000095367432</ele>
        <time>2026-09-19T10:05:06Z</time>
        <extensions>
          <gpxtpx:TrackPointExtension>
            <gpxtpx:hr>140</gpxtpx:hr>
          </gpxtpx:TrackPointExtension>
        </extensions>
      </trkpt>
      <trkpt lat="31.20979626295765" lon="121.34835978914023">
        <ele>7.599999904632568</ele>
        <time>2026-09-19T10:05:10Z</time>
        <extensions>
          <gpxtpx:TrackPointExtension>
            <gpxtpx:hr>139</gpxtpx:hr>
          </gpxtpx:TrackPointExtension>
        </extensions>
      </trkpt>
      <trkpt lat="31.209725437764412" lon="121.34827596128115">
        <ele>7.400000095367432</ele>
        <time>2026-09-19T10:05:14Z</time>
        <extensions>
          <gpxtpx:TrackPointExtension>
            <gpxtpx:hr>139</gpxtpx:hr>
          </gpxtpx:TrackPointExtension>
        </extensions>
      </trkpt>
      <trkpt lat="31.209623555593165" lon="121.34823505118653">
        <ele>7.400000095367432</ele>
        <time>2026-09-19T10:05:18Z</time>
        <extensions>
          <gpxtpx:TrackPointExtension>
            <gpxtpx:hr>139</gpxtpx:hr>
          </gpxtpx:TrackPointExtension>
        </extensions>
      </trkpt>
      <trkpt lat="31.209494565846164" lon="121.34826600103386">
        <ele>7.199999809265137</ele>
        <time>2026-09-19T10:05:22Z</time>
        <extensions>
          <gpxtpx:TrackPointExtension>
            <gpxtpx:hr>138</gpxtpx:hr>
          </gpxtpx:TrackPointExtension>
        </extensions>
      </trkpt>
      <trkpt lat="31.20937457848894" lon="121.34829295803198">
        <ele>7.199999809265137</ele>
        <time>2026-09-19T10:05:26Z</time>
        <extensions>
          <gpxtpx:TrackPointExtension>
            <gpxtpx:hr>139</gpxtpx:hr>
          </gpxtpx:TrackPointExtension>
        </extensions>
      </trkpt>
      <trkpt lat="31.209228605371003" lon="121.34831891927209">
        <ele>7.0</ele>
        <time>2026-09-19T10:05:30Z</time>
        <extensions>
          <gpxtpx:TrackPointExtension>
            <gpxtpx:hr>141</gpxtpx:hr>
          </gpxtpx:TrackPointExtension>
        </extensions>
      </trkpt>
      <trkpt lat="31.20914264685139" lon="121.34831892671049">
        <ele>6.800000190734863</ele>
        <time>2026-09-19T10:05:34Z</time>
        <extensions>
          <gpxtpx:TrackPointExtension>
            <gpxtpx:hr>142</gpxtpx:hr>
          </gpxtpx:TrackPointExtension>
        </extensions>
      </trkpt>
      <trkpt lat="31.20903270661196" lon="121.34831494412946">
        <ele>7.0</ele>
        <time>2026-09-19T10:05:38Z</time>
        <extensions>
          <gpxtpx:TrackPointExtension>
            <gpxtpx:hr>142</gpxtpx:hr>
          </gpxtpx:TrackPointExtension>
        </extensions>
      </trkpt>
      <trkpt lat="31.208894728013362" lon="121.34834190271539">
        <ele>7.0</ele>
        <time>2026-09-19T10:05:42Z</time>
        <extensions>
          <gpxtpx:TrackPointExtension>
            <gpxtpx:hr>142</gpxtpx:hr>
          </gpxtpx:TrackPointExtension>
        </extensions>
      </trkpt>
      <trkpt lat="31.20881372193275" lon="121.34836885638829">
        <ele>7.0</ele>
        <time>2026-09-19T10:05:46Z</time>
        <extensions>
          <gpxtpx:TrackPointExtension>
            <gpxtpx:hr>141</gpxtpx:hr>
          </gpxtpx:TrackPointExtension>
        </extensions>
      </trkpt>
      <trkpt lat="31.208703716493297" lon="121.34840379679248">
        <ele>7.199999809265137</ele>
        <time>2026-09-19T10:05:50Z</time>
        <extensions>
          <gpxtpx:TrackPointExtension>
            <gpxtpx:hr>142</gpxtpx:hr>
          </gpxtpx:TrackPointExtension>
        </extensions>
      </trkpt>
      <trkpt lat="31.208597722528445" lon="121.34843075266687">
        <ele>7.199999809265137</ele>
        <time>2026-09-19T10:05:54Z</time>
        <extensions>
          <gpxtpx:TrackPointExtension>
            <gpxtpx:hr>141</gpxtpx:hr>
          </gpxtpx:TrackPointExtension>
        </extensions>
      </trkpt>
      <trkpt lat="31.208475682849745" lon="121.34848964682143">
        <ele>7.0</ele>
        <time>2026-09-19T10:05:58Z</time>
        <extensions>
          <gpxtpx:TrackPointExtension>
            <gpxtpx:hr>142</gpxtpx:hr>
          </gpxtpx:TrackPointExtension>
        </extensions>
      </trkpt>
      <trkpt lat="31.208367641496526" lon="121.34854554575911">
        <ele>6.800000190734863</ele>
        <time>2026-09-19T10:06:02Z</time>
        <extensions>
          <gpxtpx:TrackPointExtension>
            <gpxtpx:hr>141</gpxtpx:hr>
          </gpxtpx:TrackPointExtension>
        </extensions>
      </trkpt>
      <trkpt lat="31.208290628619572" lon="121.34857549330468">
        <ele>7.0</ele>
        <time>2026-09-19T10:06:06Z</time>
        <extensions>
          <gpxtpx:TrackPointExtension>
            <gpxtpx:hr>141</gpxtpx:hr>
          </gpxtpx:TrackPointExtension>
        </extensions>
      </trkpt>
      <trkpt lat="31.208180641719125" lon="121.34859945554277">
        <ele>7.0</ele>
        <time>2026-09-19T10:06:10Z</time>
        <extensions>
          <gpxtpx:TrackPointExtension>
            <gpxtpx:hr>141</gpxtpx:hr>
          </gpxtpx:TrackPointExtension>
        </extensions>
      </trkpt>
      <trkpt lat="31.208058673982844" lon="121.34861543458518">
        <ele>7.0</ele>
        <time>2026-09-19T10:06:14Z</time>
        <extensions>
          <gpxtpx:TrackPointExtension>
            <gpxtpx:hr>141</gpxtpx:hr>
          </gpxtpx:TrackPointExtension>
        </extensions>
      </trkpt>
      <trkpt lat="31.20794173053278" lon="121.34861544470517">
        <ele>7.199999809265137</ele>
        <time>2026-09-19T10:06:18Z</time>
        <extensions>
          <gpxtpx:TrackPointExtension>
            <gpxtpx:hr>141</gpxtpx:hr>
          </gpxtpx:TrackPointExtension>
        </extensions>
      </trkpt>
      <trkpt lat="31.20783077752153" lon="121.3486194464296">
        <ele>7.400000095367432</ele>
        <time>2026-09-19T10:06:22Z</time>
        <extensions>
          <gpxtpx:TrackPointExtension>
            <gpxtpx:hr>141</gpxtpx:hr>
          </gpxtpx:TrackPointExtension>
        </extensions>
      </trkpt>
      <trkpt lat="31.2077138607833" lon="121.34860348805793">
        <ele>7.400000095367432</ele>
        <time>2026-09-19T10:06:26Z</time>
        <extensions>
          <gpxtpx:TrackPointExtension>
            <gpxtpx:hr>142</gpxtpx:hr>
          </gpxtpx:TrackPointExtension>
        </extensions>
      </trkpt>
      <trkpt lat="31.207611890094817" lon="121.34861547324849">
        <ele>7.199999809265137</ele>
        <time>2026-09-19T10:06:30Z</time>
        <extensions>
          <gpxtpx:TrackPointExtension>
            <gpxtpx:hr>142</gpxtpx:hr>
          </gpxtpx:TrackPointExtension>
        </extensions>
      </trkpt>
      <trkpt lat="31.20750990941162" lon="121.34863344662948">
        <ele>7.199999809265137</ele>
        <time>2026-09-19T10:06:34Z</time>
        <extensions>
          <gpxtpx:TrackPointExtension>
            <gpxtpx:hr>143</gpxtpx:hr>
          </gpxtpx:TrackPointExtension>
        </extensions>
      </trkpt>
      <trkpt lat="31.207412874647215" lon="121.34868235857873">
        <ele>7.0</ele>
        <time>2026-09-19T10:06:38Z</time>
        <extensions>
          <gpxtpx:TrackPointExtension>
            <gpxtpx:hr>142</gpxtpx:hr>
          </gpxtpx:TrackPointExtension>
        </extensions>
      </trkpt>
      <trkpt lat="31.207316797815995" lon="121.34875622134443">
        <ele>7.199999809265137</ele>
        <time>2026-09-19T10:06:42Z</time>
        <extensions>
          <gpxtpx:TrackPointExtension>
            <gpxtpx:hr>143</gpxtpx:hr>
          </gpxtpx:TrackPointExtension>
        </extensions>
      </trkpt>
      <trkpt lat="31.20722573698264" lon="121.34881910541375">
        <ele>7.199999809265137</ele>
        <time>2026-09-19T10:06:46Z</time>
        <extensions>
          <gpxtpx:TrackPointExtension>
            <gpxtpx:hr>143</gpxtpx:hr>
          </gpxtpx:TrackPointExtension>
        </extensions>
      </trkpt>
      <trkpt lat="31.207104725679176" lon="121.34886103339765">
        <ele>7.199999809265137</ele>
        <time>2026-09-19T10:06:50Z</time>
        <extensions>
          <gpxtpx:TrackPointExtension>
            <gpxtpx:hr>142</gpxtpx:hr>
          </gpxtpx:TrackPointExtension>
        </extensions>
      </trkpt>
      <trkpt lat="31.206990745947643" lon="121.34888200203297">
        <ele>7.0</ele>
        <time>2026-09-19T10:06:54Z</time>
        <extensions>
          <gpxtpx:TrackPointExtension>
            <gpxtpx:hr>142</gpxtpx:hr>
          </gpxtpx:TrackPointExtension>
        </extensions>
      </trkpt>
      <trkpt lat="31.20687683108348" lon="121.34886404722914">
        <ele>7.199999809265137</ele>
        <time>2026-09-19T10:06:58Z</time>
        <extensions>
          <gpxtpx:TrackPointExtension>
            <gpxtpx:hr>141</gpxtpx:hr>
          </gpxtpx:TrackPointExtension>
        </extensions>
      </trkpt>
      <trkpt lat="31.20676788054867" lon="121.3488660527308">
        <ele>7.599999904632568</ele>
        <time>2026-09-19T10:07:02Z</time>
        <extensions>
          <gpxtpx:TrackPointExtension>
            <gpxtpx:hr>140</gpxtpx:hr>
          </gpxtpx:TrackPointExtension>
        </extensions>
      </trkpt>
      <trkpt lat="31.20667589185614" lon="121.34888602142848">
        <ele>8.0</ele>
        <time>2026-09-19T10:07:06Z</time>
        <extensions>
          <gpxtpx:TrackPointExtension>
            <gpxtpx:hr>140</gpxtpx:hr>
          </gpxtpx:TrackPointExtension>
        </extensions>
      </trkpt>
      <trkpt lat="31.206575882122184" lon="121.34892096139603">
        <ele>8.199999809265137</ele>
        <time>2026-09-19T10:07:10Z</time>
        <extensions>
          <gpxtpx:TrackPointExtension>
            <gpxtpx:hr>140</gpxtpx:hr>
          </gpxtpx:TrackPointExtension>
        </extensions>
      </trkpt>
      <trkpt lat="31.206455868823106" lon="121.34896388743472">
        <ele>8.199999809265137</ele>
        <time>2026-09-19T10:07:14Z</time>
        <extensions>
          <gpxtpx:TrackPointExtension>
            <gpxtpx:hr>141</gpxtpx:hr>
          </gpxtpx:TrackPointExtension>
        </extensions>
      </trkpt>
      <trkpt lat="31.206334897571775" lon="121.34898186260854">
        <ele>7.800000190734863</ele>
        <time>2026-09-19T10:07:18Z</time>
        <extensions>
          <gpxtpx:TrackPointExtension>
            <gpxtpx:hr>141</gpxtpx:hr>
          </gpxtpx:TrackPointExtension>
        </extensions>
      </trkpt>
      <trkpt lat="31.206215955261147" lon="121.3489818729018">
        <ele>7.800000190734863</ele>
        <time>2026-09-19T10:07:22Z</time>
        <extensions>
          <gpxtpx:TrackPointExtension>
            <gpxtpx:hr>142</gpxtpx:hr>
          </gpxtpx:TrackPointExtension>
        </extensions>
      </trkpt>
      <trkpt lat="31.206095062104545" lon="121.34895294023171">
        <ele>7.400000095367432</ele>
        <time>2026-09-19T10:07:26Z</time>
        <extensions>
          <gpxtpx:TrackPointExtension>
            <gpxtpx:hr>142</gpxtpx:hr>
          </gpxtpx:TrackPointExtension>
        </extensions>
      </trkpt>
      <trkpt lat="31.205977127640075" lon="121.3489479602444">
        <ele>7.0</ele>
        <time>2026-09-19T10:07:30Z</time>
        <extensions>
          <gpxtpx:TrackPointExtension>
            <gpxtpx:hr>142</gpxtpx:hr>
          </gpxtpx:TrackPointExtension>
        </extensions>
      </trkpt>
      <trkpt lat="31.205836134576437" lon="121.34898489988946">
        <ele>7.0</ele>
        <time>2026-09-19T10:07:34Z</time>
        <extensions>
          <gpxtpx:TrackPointExtension>
            <gpxtpx:hr>142</gpxtpx:hr>
          </gpxtpx:TrackPointExtension>
        </extensions>
      </trkpt>
      <trkpt lat="31.20574712628404" lon="121.3490158468269">
        <ele>7.0</ele>
        <time>2026-09-19T10:07:38Z</time>
        <extensions>
          <gpxtpx:TrackPointExtension>
            <gpxtpx:hr>142</gpxtpx:hr>
          </gpxtpx:TrackPointExtension>
        </extensions>
      </trkpt>
      <trkpt lat="31.20564013837011" lon="121.34903980905727">
        <ele>7.199999809265137</ele>
        <time>2026-09-19T10:07:42Z</time>
        <extensions>
          <gpxtpx:TrackPointExtension>
            <gpxtpx:hr>144</gpxtpx:hr>
          </gpxtpx:TrackPointExtension>
        </extensions>
      </trkpt>
      <trkpt lat="31.205537138580606" lon="121.34906975920488">
        <ele>6.800000190734863</ele>
        <time>2026-09-19T10:07:46Z</time>
        <extensions>
          <gpxtpx:TrackPointExtension>
            <gpxtpx:hr>144</gpxtpx:hr>
          </gpxtpx:TrackPointExtension>
        </extensions>
      </trkpt>
      <trkpt lat="31.205421160056492" lon="121.34909072811827">
        <ele>6.800000190734863</ele>
        <time>2026-09-19T10:07:50Z</time>
        <extensions>
          <gpxtpx:TrackPointExtension>
            <gpxtpx:hr>144</gpxtpx:hr>
          </gpxtpx:TrackPointExtension>
        </extensions>
      </trkpt>
      <trkpt lat="31.20532019085209" lon="121.34910171531953">
        <ele>7.0</ele>
        <time>2026-09-19T10:07:54Z</time>
        <extensions>
          <gpxtpx:TrackPointExtension>
            <gpxtpx:hr>143</gpxtpx:hr>
          </gpxtpx:TrackPointExtension>
        </extensions>
      </trkpt>
      <trkpt lat="31.205228164234025" lon="121.34914463912298">
        <ele>7.0</ele>
        <time>2026-09-19T10:07:58Z</time>
        <extensions>
          <gpxtpx:TrackPointExtension>
            <gpxtpx:hr>142</gpxtpx:hr>
          </gpxtpx:TrackPointExtension>
        </extensions>
      </trkpt>
      <trkpt lat="31.205175044182592" lon="121.34923247162271">
        <ele>7.0</ele>
        <time>2026-09-19T10:08:02Z</time>
        <extensions>
          <gpxtpx:TrackPointExtension>
            <gpxtpx:hr>142</gpxtpx:hr>
          </gpxtpx:TrackPointExtension>
        </extensions>
      </trkpt>
      <trkpt lat="31.205109883809207" lon="121.34934825069064">
        <ele>6.800000190734863</ele>
        <time>2026-09-19T10:08:06Z</time>
        <extensions>
          <gpxtpx:TrackPointExtension>
            <gpxtpx:hr>142</gpxtpx:hr>
          </gpxtpx:TrackPointExtension>
        </extensions>
      </trkpt>
      <trkpt lat="31.2050327658697" lon="121.34944207400204">
        <ele>7.0</ele>
        <time>2026-09-19T10:08:10Z</time>
        <extensions>
          <gpxtpx:TrackPointExtension>
            <gpxtpx:hr>143</gpxtpx:hr>
          </gpxtpx:TrackPointExtension>
        </extensions>
      </trkpt>
      <trkpt lat="31.204939631141894" lon="121.34955086970763">
        <ele>7.0</ele>
        <time>2026-09-19T10:08:14Z</time>
        <extensions>
          <gpxtpx:TrackPointExtension>
            <gpxtpx:hr>143</gpxtpx:hr>
          </gpxtpx:TrackPointExtension>
        </extensions>
      </trkpt>
      <trkpt lat="31.204830604958175" lon="121.3495987857211">
        <ele>7.0</ele>
        <time>2026-09-19T10:08:18Z</time>
        <extensions>
          <gpxtpx:TrackPointExtension>
            <gpxtpx:hr>144</gpxtpx:hr>
          </gpxtpx:TrackPointExtension>
        </extensions>
      </trkpt>
      <trkpt lat="31.204716637289643" lon="121.34961276834719">
        <ele>7.0</ele>
        <time>2026-09-19T10:08:22Z</time>
        <extensions>
          <gpxtpx:TrackPointExtension>
            <gpxtpx:hr>144</gpxtpx:hr>
          </gpxtpx:TrackPointExtension>
        </extensions>
      </trkpt>
      <trkpt lat="31.204608688143935" lon="121.34961377574469">
        <ele>7.0</ele>
        <time>2026-09-19T10:08:26Z</time>
        <extensions>
          <gpxtpx:TrackPointExtension>
            <gpxtpx:hr>144</gpxtpx:hr>
          </gpxtpx:TrackPointExtension>
        </extensions>
      </trkpt>
      <trkpt lat="31.20449670304987" lon="121.34963773875548">
        <ele>7.0</ele>
        <time>2026-09-19T10:08:30Z</time>
        <extensions>
          <gpxtpx:TrackPointExtension>
            <gpxtpx:hr>145</gpxtpx:hr>
          </gpxtpx:TrackPointExtension>
        </extensions>
      </trkpt>
      <trkpt lat="31.204387729697427" lon="121.3496537170739">
        <ele>6.800000190734863</ele>
        <time>2026-09-19T10:08:34Z</time>
        <extensions>
          <gpxtpx:TrackPointExtension>
            <gpxtpx:hr>144</gpxtpx:hr>
          </gpxtpx:TrackPointExtension>
        </extensions>
      </trkpt>
      <trkpt lat="31.2042807422111" lon="121.34967767967568">
        <ele>7.199999809265137</ele>
        <time>2026-09-19T10:08:38Z</time>
        <extensions>
          <gpxtpx:TrackPointExtension>
            <gpxtpx:hr>145</gpxtpx:hr>
          </gpxtpx:TrackPointExtension>
        </extensions>
      </trkpt>
      <trkpt lat="31.204142789587905" lon="121.34968966829167">
        <ele>7.599999904632568</ele>
        <time>2026-09-19T10:08:42Z</time>
        <extensions>
          <gpxtpx:TrackPointExtension>
            <gpxtpx:hr>145</gpxtpx:hr>
          </gpxtpx:TrackPointExtension>
        </extensions>
      </trkpt>
      <trkpt lat="31.204056808384255" lon="121.34970364852681">
        <ele>8.0</ele>
        <time>2026-09-19T10:08:46Z</time>
        <extensions>
          <gpxtpx:TrackPointExtension>
            <gpxtpx:hr>145</gpxtpx:hr>
          </gpxtpx:TrackPointExtension>
        </extensions>
      </trkpt>
      <trkpt lat="31.203934836482546" lon="121.349722622168">
        <ele>8.399999618530273</ele>
        <time>2026-09-19T10:08:50Z</time>
        <extensions>
          <gpxtpx:TrackPointExtension>
            <gpxtpx:hr>146</gpxtpx:hr>
          </gpxtpx:TrackPointExtension>
        </extensions>
      </trkpt>
      <trkpt lat="31.203815869722696" lon="121.34973760332703">
        <ele>8.199999809265137</ele>
        <time>2026-09-19T10:08:54Z</time>
        <extensions>
          <gpxtpx:TrackPointExtension>
            <gpxtpx:hr>147</gpxtpx:hr>
          </gpxtpx:TrackPointExtension>
        </extensions>
      </trkpt>
      <trkpt lat="31.203672899858113" lon="121.34976156909254">
        <ele>7.800000190734863</ele>
        <time>2026-09-19T10:08:58Z</time>
        <extensions>
          <gpxtpx:TrackPointExtension>
            <gpxtpx:hr>148</gpxtpx:hr>
          </gpxtpx:TrackPointExtension>
        </extensions>
      </trkpt>
      <trkpt lat="31.203588879906132" lon="121.34979850453757">
        <ele>7.199999809265137</ele>
        <time>2026-09-19T10:09:02Z</time>
        <extensions>
          <gpxtpx:TrackPointExtension>
            <gpxtpx:hr>148</gpxtpx:hr>
          </gpxtpx:TrackPointExtension>
        </extensions>
      </trkpt>
      <trkpt lat="31.20348884477132" lon="121.34984941424612">
        <ele>6.800000190734863</ele>
        <time>2026-09-19T10:09:06Z</time>
        <extensions>
          <gpxtpx:TrackPointExtension>
            <gpxtpx:hr>148</gpxtpx:hr>
          </gpxtpx:TrackPointExtension>
        </extensions>
      </trkpt>
      <trkpt lat="31.203379838720824" lon="121.34988535387247">
        <ele>6.400000095367432</ele>
        <time>2026-09-19T10:09:10Z</time>
        <extensions>
          <gpxtpx:TrackPointExtension>
            <gpxtpx:hr>148</gpxtpx:hr>
          </gpxtpx:TrackPointExtension>
        </extensions>
      </trkpt>
      <trkpt lat="31.203258848406374" lon="121.34991530619514">
        <ele>6.400000095367432</ele>
        <time>2026-09-19T10:09:14Z</time>
        <extensions>
          <gpxtpx:TrackPointExtension>
            <gpxtpx:hr>148</gpxtpx:hr>
          </gpxtpx:TrackPointExtension>
        </extensions>
      </trkpt>
      <trkpt lat="31.203148849478097" lon="121.34994725371443">
        <ele>6.199999809265137</ele>
        <time>2026-09-19T10:09:18Z</time>
        <extensions>
          <gpxtpx:TrackPointExtension>
            <gpxtpx:hr>147</gpxtpx:hr>
          </gpxtpx:TrackPointExtension>
        </extensions>
      </trkpt>
      <trkpt lat="31.203033869427138" lon="121.34996922105492">
        <ele>6.0</ele>
        <time>2026-09-19T10:09:22Z</time>
        <extensions>
          <gpxtpx:TrackPointExtension>
            <gpxtpx:hr>147</gpxtpx:hr>
          </gpxtpx:TrackPointExtension>
        </extensions>
      </trkpt>
      <trkpt lat="31.202917891525182" lon="121.34999019042982">
        <ele>6.0</ele>
        <time>2026-09-19T10:09:26Z</time>
        <extensions>
          <gpxtpx:TrackPointExtension>
            <gpxtpx:hr>146</gpxtpx:hr>
          </gpxtpx:TrackPointExtension>
        </extensions>
      </trkpt>
      <trkpt lat="31.20281990978575" lon="121.35000816406485">
        <ele>6.0</ele>
        <time>2026-09-19T10:09:30Z</time>
        <extensions>
          <gpxtpx:TrackPointExtension>
            <gpxtpx:hr>146</gpxtpx:hr>
          </gpxtpx:TrackPointExtension>
        </extensions>
      </trkpt>
      <trkpt lat="31.20271590803177" lon="121.35004011113875">
        <ele>6.400000095367432</ele>
        <time>2026-09-19T10:09:34Z</time>
        <extensions>
          <gpxtpx:TrackPointExtension>
            <gpxtpx:hr>146</gpxtpx:hr>
          </gpxtpx:TrackPointExtension>
        </extensions>
      </trkpt>
      <trkpt lat="31.20260691858064" lon="121.35006607027451">
        <ele>6.199999809265137</ele>
        <time>2026-09-19T10:09:38Z</time>
        <extensions>
          <gpxtpx:TrackPointExtension>
            <gpxtpx:hr>145</gpxtpx:hr>
          </gpxtpx:TrackPointExtension>
        </extensions>
      </trkpt>
      <trkpt lat="31.202517858784912" lon="121.35012895617763">
        <ele>6.199999809265137</ele>
        <time>2026-09-19T10:09:42Z</time>
        <extensions>
          <gpxtpx:TrackPointExtension>
            <gpxtpx:hr>144</gpxtpx:hr>
          </gpxtpx:TrackPointExtension>
        </extensions>
      </trkpt>
      <trkpt lat="31.202407758605876" lon="121.35022278414914">
        <ele>6.199999809265137</ele>
        <time>2026-09-19T10:09:46Z</time>
        <extensions>
          <gpxtpx:TrackPointExtension>
            <gpxtpx:hr>144</gpxtpx:hr>
          </gpxtpx:TrackPointExtension>
        </extensions>
      </trkpt>
      <trkpt lat="31.202324697734195" lon="121.35028467170767">
        <ele>6.400000095367432</ele>
        <time>2026-09-19T10:09:50Z</time>
        <extensions>
          <gpxtpx:TrackPointExtension>
            <gpxtpx:hr>144</gpxtpx:hr>
          </gpxtpx:TrackPointExtension>
        </extensions>
      </trkpt>
      <trkpt lat="31.20220472198937" lon="121.35030564159388">
        <ele>6.199999809265137</ele>
        <time>2026-09-19T10:09:54Z</time>
        <extensions>
          <gpxtpx:TrackPointExtension>
            <gpxtpx:hr>145</gpxtpx:hr>
          </gpxtpx:TrackPointExtension>
        </extensions>
      </trkpt>
      <trkpt lat="31.202114846023296" lon="121.35025674388628">
        <ele>6.0</ele>
        <time>2026-09-19T10:09:58Z</time>
        <extensions>
          <gpxtpx:TrackPointExtension>
            <gpxtpx:hr>145</gpxtpx:hr>
          </gpxtpx:TrackPointExtension>
        </extensions>
      </trkpt>
      <trkpt lat="31.202013975485055" lon="121.35020784718981">
        <ele>6.0</ele>
        <time>2026-09-19T10:10:02Z</time>
        <extensions>
          <gpxtpx:TrackPointExtension>
            <gpxtpx:hr>146</gpxtpx:hr>
          </gpxtpx:TrackPointExtension>
        </extensions>
      </trkpt>
      <trkpt lat="31.201905131833527" lon="121.35014497829154">
        <ele>6.199999809265137</ele>
        <time>2026-09-19T10:10:06Z</time>
        <extensions>
          <gpxtpx:TrackPointExtension>
            <gpxtpx:hr>147</gpxtpx:hr>
          </gpxtpx:TrackPointExtension>
        </extensions>
      </trkpt>
      <trkpt lat="31.201798267633542" lon="121.35009408611639">
        <ele>6.0</ele>
        <time>2026-09-19T10:10:10Z</time>
        <extensions>
          <gpxtpx:TrackPointExtension>
            <gpxtpx:hr>147</gpxtpx:hr>
          </gpxtpx:TrackPointExtension>
        </extensions>
      </trkpt>
      <trkpt lat="31.20169340415862" lon="121.35004219576689">
        <ele>6.199999809265137</ele>
        <time>2026-09-19T10:10:14Z</time>
        <extensions>
          <gpxtpx:TrackPointExtension>
            <gpxtpx:hr>146</gpxtpx:hr>
          </gpxtpx:TrackPointExtension>
        </extensions>
      </trkpt>
      <trkpt lat="31.20159550452007" lon="121.35001026616513">
        <ele>6.199999809265137</ele>
        <time>2026-09-19T10:10:18Z</time>
        <extensions>
          <gpxtpx:TrackPointExtension>
            <gpxtpx:hr>145</gpxtpx:hr>
          </gpxtpx:TrackPointExtension>
        </extensions>
      </trkpt>
      <trkpt lat="31.201487562223093" lon="121.35000728131403">
        <ele>6.199999809265137</ele>
        <time>2026-09-19T10:10:22Z</time>
        <extensions>
          <gpxtpx:TrackPointExtension>
            <gpxtpx:hr>144</gpxtpx:hr>
          </gpxtpx:TrackPointExtension>
        </extensions>
      </trkpt>
      <trkpt lat="31.201396514884433" lon="121.35006318083747">
        <ele>6.400000095367432</ele>
        <time>2026-09-19T10:10:26Z</time>
        <extensions>
          <gpxtpx:TrackPointExtension>
            <gpxtpx:hr>143</gpxtpx:hr>
          </gpxtpx:TrackPointExtension>
        </extensions>
      </trkpt>
      <trkpt lat="31.201300442219665" lon="121.35013604801856">
        <ele>6.400000095367432</ele>
        <time>2026-09-19T10:10:30Z</time>
        <extensions>
          <gpxtpx:TrackPointExtension>
            <gpxtpx:hr>144</gpxtpx:hr>
          </gpxtpx:TrackPointExtension>
        </extensions>
      </trkpt>
      <trkpt lat="31.201193399594473" lon="121.35019394524355">
        <ele>6.400000095367432</ele>
        <time>2026-09-19T10:10:34Z</time>
        <extensions>
          <gpxtpx:TrackPointExtension>
            <gpxtpx:hr>143</gpxtpx:hr>
          </gpxtpx:TrackPointExtension>
        </extensions>
      </trkpt>
      <trkpt lat="31.201097371291635" lon="121.35023986475538">
        <ele>6.599999904632568</ele>
        <time>2026-09-19T10:10:38Z</time>
        <extensions>
          <gpxtpx:TrackPointExtension>
            <gpxtpx:hr>143</gpxtpx:hr>
          </gpxtpx:TrackPointExtension>
        </extensions>
      </trkpt>
      <trkpt lat="31.200992375231888" lon="121.35026881788771">
        <ele>6.599999904632568</ele>
        <time>2026-09-19T10:10:42Z</time>
        <extensions>
          <gpxtpx:TrackPointExtension>
            <gpxtpx:hr>142</gpxtpx:hr>
          </gpxtpx:TrackPointExtension>
        </extensions>
      </trkpt>
      <trkpt lat="31.200874411709616" lon="121.35028180302105">
        <ele>6.199999809265137</ele>
        <time>2026-09-19T10:10:46Z</time>
        <extensions>
          <gpxtpx:TrackPointExtension>
            <gpxtpx:hr>143</gpxtpx:hr>
          </gpxtpx:TrackPointExtension>
        </extensions>
      </trkpt>
      <trkpt lat="31.200766487442333" lon="121.3502678393676">
        <ele>6.199999809265137</ele>
        <time>2026-09-19T10:10:50Z</time>
        <extensions>
          <gpxtpx:TrackPointExtension>
            <gpxtpx:hr>144</gpxtpx:hr>
          </gpxtpx:TrackPointExtension>
        </extensions>
      </trkpt>
      <trkpt lat="31.200659582322523" lon="121.35024189878642">
        <ele>6.400000095367432</ele>
        <time>2026-09-19T10:10:54Z</time>
        <extensions>
          <gpxtpx:TrackPointExtension>
            <gpxtpx:hr>143</gpxtpx:hr>
          </gpxtpx:TrackPointExtension>
        </extensions>
      </trkpt>
      <trkpt lat="31.20052370778347" lon="121.35020598003476">
        <ele>6.400000095367432</ele>
        <time>2026-09-19T10:10:58Z</time>
        <extensions>
          <gpxtpx:TrackPointExtension>
            <gpxtpx:hr>143</gpxtpx:hr>
          </gpxtpx:TrackPointExtension>
        </extensions>
      </trkpt>
      <trkpt lat="31.200429734174097" lon="121.3502179650016">
        <ele>6.400000095367432</ele>
        <time>2026-09-19T10:11:02Z</time>
        <extensions>
          <gpxtpx:TrackPointExtension>
            <gpxtpx:hr>143</gpxtpx:hr>
          </gpxtpx:TrackPointExtension>
        </extensions>
      </trkpt>
      <trkpt lat="31.200334728355923" lon="121.35024991146472">
        <ele>6.400000095367432</ele>
        <time>2026-09-19T10:11:06Z</time>
        <extensions>
          <gpxtpx:TrackPointExtension>
            <gpxtpx:hr>144</gpxtpx:hr>
          </gpxtpx:TrackPointExtension>
        </extensions>
      </trkpt>
      <trkpt lat="31.200239696415775" lon="121.35029782709825">
        <ele>6.400000095367432</ele>
        <time>2026-09-19T10:11:10Z</time>
        <extensions>
          <gpxtpx:TrackPointExtension>
            <gpxtpx:hr>144</gpxtpx:hr>
          </gpxtpx:TrackPointExtension>
        </extensions>
      </trkpt>
      <trkpt lat="31.200141688867774" lon="121.35033177002997">
        <ele>6.400000095367432</ele>
        <time>2026-09-19T10:11:14Z</time>
        <extensions>
          <gpxtpx:TrackPointExtension>
            <gpxtpx:hr>143</gpxtpx:hr>
          </gpxtpx:TrackPointExtension>
        </extensions>
      </trkpt>
      <trkpt lat="31.200037730018856" lon="121.35033776746279">
        <ele>6.400000095367432</ele>
        <time>2026-09-19T10:11:18Z</time>
        <extensions>
          <gpxtpx:TrackPointExtension>
            <gpxtpx:hr>143</gpxtpx:hr>
          </gpxtpx:TrackPointExtension>
        </extensions>
      </trkpt>
      <trkpt lat="31.199951693778818" lon="121.35038568242344">
        <ele>6.400000095367432</ele>
        <time>2026-09-19T10:11:22Z</time>
        <extensions>
          <gpxtpx:TrackPointExtension>
            <gpxtpx:hr>143</gpxtpx:hr>
          </gpxtpx:TrackPointExtension>
        </extensions>
      </trkpt>
      <trkpt lat="31.199884539021692" lon="121.35050046688977">
        <ele>6.199999809265137</ele>
        <time>2026-09-19T10:11:26Z</time>
        <extensions>
          <gpxtpx:TrackPointExtension>
            <gpxtpx:hr>143</gpxtpx:hr>
          </gpxtpx:TrackPointExtension>
        </extensions>
      </trkpt>
      <trkpt lat="31.199866389827964" lon="121.35059728201804">
        <ele>6.199999809265137</ele>
        <time>2026-09-19T10:11:30Z</time>
        <extensions>
          <gpxtpx:TrackPointExtension>
            <gpxtpx:hr>143</gpxtpx:hr>
          </gpxtpx:TrackPointExtension>
        </extensions>
      </trkpt>
      <trkpt lat="31.199972334625368" lon="121.35059926900632">
        <ele>6.400000095367432</ele>
        <time>2026-09-19T10:11:34Z</time>
        <extensions>
          <gpxtpx:TrackPointExtension>
            <gpxtpx:hr>143</gpxtpx:hr>
          </gpxtpx:TrackPointExtension>
        </extensions>
      </trkpt>
      <trkpt lat="31.200040288282867" lon="121.35060724775882">
        <ele>6.400000095367432</ele>
        <time>2026-09-19T10:11:38Z</time>
        <extensions>
          <gpxtpx:TrackPointExtension>
            <gpxtpx:hr>142</gpxtpx:hr>
          </gpxtpx:TrackPointExtension>
        </extensions>
      </trkpt>
      <trkpt lat="31.200134172253595" lon="121.35065015706913">
        <ele>6.599999904632568</ele>
        <time>2026-09-19T10:11:42Z</time>
        <extensions>
          <gpxtpx:TrackPointExtension>
            <gpxtpx:hr>142</gpxtpx:hr>
          </gpxtpx:TrackPointExtension>
        </extensions>
      </trkpt>
      <trkpt lat="31.200223052215406" lon="121.35069705918534">
        <ele>6.599999904632568</ele>
        <time>2026-09-19T10:11:46Z</time>
        <extensions>
          <gpxtpx:TrackPointExtension>
            <gpxtpx:hr>141</gpxtpx:hr>
          </gpxtpx:TrackPointExtension>
        </extensions>
      </trkpt>
      <trkpt lat="31.200317921167102" lon="121.3507489512532">
        <ele>6.599999904632568</ele>
        <time>2026-09-19T10:11:50Z</time>
        <extensions>
          <gpxtpx:TrackPointExtension>
            <gpxtpx:hr>140</gpxtpx:hr>
          </gpxtpx:TrackPointExtension>
        </extensions>
      </trkpt>
      <trkpt lat="31.20042274145295" lon="121.35082779081232">
        <ele>6.599999904632568</ele>
        <time>2026-09-19T10:11:54Z</time>
        <extensions>
          <gpxtpx:TrackPointExtension>
            <gpxtpx:hr>140</gpxtpx:hr>
          </gpxtpx:TrackPointExtension>
        </extensions>
      </trkpt>
      <trkpt lat="31.200530540953757" lon="121.35091860731674">
        <ele>6.400000095367432</ele>
        <time>2026-09-19T10:11:58Z</time>
        <extensions>
          <gpxtpx:TrackPointExtension>
            <gpxtpx:hr>140</gpxtpx:hr>
          </gpxtpx:TrackPointExtension>
        </extensions>
      </trkpt>
      <trkpt lat="31.200592442528308" lon="121.35096052164572">
        <ele>6.599999904632568</ele>
        <time>2026-09-19T10:12:02Z</time>
        <extensions>
          <gpxtpx:TrackPointExtension>
            <gpxtpx:hr>140</gpxtpx:hr>
          </gpxtpx:TrackPointExtension>
        </extensions>
      </trkpt>
      <trkpt lat="31.200670290974745" lon="121.35103038115226">
        <ele>6.400000095367432</ele>
        <time>2026-09-19T10:12:06Z</time>
        <extensions>
          <gpxtpx:TrackPointExtension>
            <gpxtpx:hr>139</gpxtpx:hr>
          </gpxtpx:TrackPointExtension>
        </extensions>
      </trkpt>
      <trkpt lat="31.200769090441405" lon="121.35112419318288">
        <ele>6.199999809265137</ele>
        <time>2026-09-19T10:12:10Z</time>
        <extensions>
          <gpxtpx:TrackPointExtension>
            <gpxtpx:hr>139</gpxtpx:hr>
          </gpxtpx:TrackPointExtension>
        </extensions>
      </trkpt>
      <trkpt lat="31.20088201251413" lon="121.35113815670505">
        <ele>6.400000095367432</ele>
        <time>2026-09-19T10:12:14Z</time>
        <extensions>
          <gpxtpx:TrackPointExtension>
            <gpxtpx:hr>138</gpxtpx:hr>
          </gpxtpx:TrackPointExtension>
        </extensions>
      </trkpt>
      <trkpt lat="31.201017971849424" lon="121.35112217545252">
        <ele>6.199999809265137</ele>
        <time>2026-09-19T10:12:18Z</time>
        <extensions>
          <gpxtpx:TrackPointExtension>
            <gpxtpx:hr>137</gpxtpx:hr>
          </gpxtpx:TrackPointExtension>
        </extensions>
      </trkpt>
      <trkpt lat="31.20112194847258" lon="121.35110519888326">
        <ele>6.199999809265137</ele>
        <time>2026-09-19T10:12:22Z</time>
        <extensions>
          <gpxtpx:TrackPointExtension>
            <gpxtpx:hr>139</gpxtpx:hr>
          </gpxtpx:TrackPointExtension>
        </extensions>
      </trkpt>
      <trkpt lat="31.201215926765403" lon="121.3510902193702">
        <ele>6.199999809265137</ele>
        <time>2026-09-19T10:12:26Z</time>
        <extensions>
          <gpxtpx:TrackPointExtension>
            <gpxtpx:hr>140</gpxtpx:hr>
          </gpxtpx:TrackPointExtension>
        </extensions>
      </trkpt>
      <trkpt lat="31.201325905337697" lon="121.35107024802188">
        <ele>6.0</ele>
        <time>2026-09-19T10:12:30Z</time>
        <extensions>
          <gpxtpx:TrackPointExtension>
            <gpxtpx:hr>140</gpxtpx:hr>
          </gpxtpx:TrackPointExtension>
        </extensions>
      </trkpt>
      <trkpt lat="31.201428880876453" lon="121.35105426965272">
        <ele>6.0</ele>
        <time>2026-09-19T10:12:34Z</time>
        <extensions>
          <gpxtpx:TrackPointExtension>
            <gpxtpx:hr>139</gpxtpx:hr>
          </gpxtpx:TrackPointExtension>
        </extensions>
      </trkpt>
      <trkpt lat="31.201536863698465" lon="121.35103230231533">
        <ele>6.0</ele>
        <time>2026-09-19T10:12:38Z</time>
        <extensions>
          <gpxtpx:TrackPointExtension>
            <gpxtpx:hr>138</gpxtpx:hr>
          </gpxtpx:TrackPointExtension>
        </extensions>
      </trkpt>
      <trkpt lat="31.201634853046137" lon="121.3510093377659">
        <ele>6.0</ele>
        <time>2026-09-19T10:12:42Z</time>
        <extensions>
          <gpxtpx:TrackPointExtension>
            <gpxtpx:hr>139</gpxtpx:hr>
          </gpxtpx:TrackPointExtension>
        </extensions>
      </trkpt>
      <trkpt lat="31.201763827267733" lon="121.35098637054772">
        <ele>5.800000190734863</ele>
        <time>2026-09-19T10:12:46Z</time>
        <extensions>
          <gpxtpx:TrackPointExtension>
            <gpxtpx:hr>139</gpxtpx:hr>
          </gpxtpx:TrackPointExtension>
        </extensions>
      </trkpt>
      <trkpt lat="31.201874808685943" lon="121.35096440298909">
        <ele>5.800000190734863</ele>
        <time>2026-09-19T10:12:50Z</time>
        <extensions>
          <gpxtpx:TrackPointExtension>
            <gpxtpx:hr>138</gpxtpx:hr>
          </gpxtpx:TrackPointExtension>
        </extensions>
      </trkpt>
      <trkpt lat="31.20199276563804" lon="121.3509554099831">
        <ele>5.800000190734863</ele>
        <time>2026-09-19T10:12:54Z</time>
        <extensions>
          <gpxtpx:TrackPointExtension>
            <gpxtpx:hr>138</gpxtpx:hr>
          </gpxtpx:TrackPointExtension>
        </extensions>
      </trkpt>
      <trkpt lat="31.202105739631545" lon="121.3509374346201">
        <ele>6.0</ele>
        <time>2026-09-19T10:12:58Z</time>
        <extensions>
          <gpxtpx:TrackPointExtension>
            <gpxtpx:hr>137</gpxtpx:hr>
          </gpxtpx:TrackPointExtension>
        </extensions>
      </trkpt>
      <trkpt lat="31.20221869256811" lon="121.35093243440365">
        <ele>6.0</ele>
        <time>2026-09-19T10:13:02Z</time>
        <extensions>
          <gpxtpx:TrackPointExtension>
            <gpxtpx:hr>138</gpxtpx:hr>
          </gpxtpx:TrackPointExtension>
        </extensions>
      </trkpt>
      <trkpt lat="31.202314666782364" lon="121.35091945095883">
        <ele>6.199999809265137</ele>
        <time>2026-09-19T10:13:06Z</time>
        <extensions>
          <gpxtpx:TrackPointExtension>
            <gpxtpx:hr>138</gpxtpx:hr>
          </gpxtpx:TrackPointExtension>
        </extensions>
      </trkpt>
      <trkpt lat="31.202414624463014" lon="121.35091544995677">
        <ele>6.400000095367432</ele>
        <time>2026-09-19T10:13:10Z</time>
        <extensions>
          <gpxtpx:TrackPointExtension>
            <gpxtpx:hr>139</gpxtpx:hr>
          </gpxtpx:TrackPointExtension>
        </extensions>
      </trkpt>
      <trkpt lat="31.202516584419307" lon="121.35090945260775">
        <ele>6.400000095367432</ele>
        <time>2026-09-19T10:13:14Z</time>
        <extensions>
          <gpxtpx:TrackPointExtension>
            <gpxtpx:hr>140</gpxtpx:hr>
          </gpxtpx:TrackPointExtension>
        </extensions>
      </trkpt>
      <trkpt lat="31.202613563040998" lon="121.35089347482375">
        <ele>6.400000095367432</ele>
        <time>2026-09-19T10:13:18Z</time>
        <extensions>
          <gpxtpx:TrackPointExtension>
            <gpxtpx:hr>140</gpxtpx:hr>
          </gpxtpx:TrackPointExtension>
        </extensions>
      </trkpt>
      <trkpt lat="31.20274952589825" lon="121.35087549749917">
        <ele>6.599999904632568</ele>
        <time>2026-09-19T10:13:22Z</time>
        <extensions>
          <gpxtpx:TrackPointExtension>
            <gpxtpx:hr>140</gpxtpx:hr>
          </gpxtpx:TrackPointExtension>
        </extensions>
      </trkpt>
      <trkpt lat="31.202834497422575" lon="121.35086750545506">
        <ele>6.599999904632568</ele>
        <time>2026-09-19T10:13:26Z</time>
        <extensions>
          <gpxtpx:TrackPointExtension>
            <gpxtpx:hr>141</gpxtpx:hr>
          </gpxtpx:TrackPointExtension>
        </extensions>
      </trkpt>
      <trkpt lat="31.20293647851426" lon="121.35084853299875">
        <ele>6.599999904632568</ele>
        <time>2026-09-19T10:13:30Z</time>
        <extensions>
          <gpxtpx:TrackPointExtension>
            <gpxtpx:hr>142</gpxtpx:hr>
          </gpxtpx:TrackPointExtension>
        </extensions>
      </trkpt>
      <trkpt lat="31.20303647520623" lon="121.35082057795994">
        <ele>6.800000190734863</ele>
        <time>2026-09-19T10:13:34Z</time>
        <extensions>
          <gpxtpx:TrackPointExtension>
            <gpxtpx:hr>142</gpxtpx:hr>
          </gpxtpx:TrackPointExtension>
        </extensions>
      </trkpt>
      <trkpt lat="31.203147456818474" lon="121.35079861049465">
        <ele>6.800000190734863</ele>
        <time>2026-09-19T10:13:38Z</time>
        <extensions>
          <gpxtpx:TrackPointExtension>
            <gpxtpx:hr>142</gpxtpx:hr>
          </gpxtpx:TrackPointExtension>
        </extensions>
      </trkpt>
      <trkpt lat="31.203254435527683" lon="121.35077963763912">
        <ele>6.599999904632568</ele>
        <time>2026-09-19T10:13:42Z</time>
        <extensions>
          <gpxtpx:TrackPointExtension>
            <gpxtpx:hr>143</gpxtpx:hr>
          </gpxtpx:TrackPointExtension>
        </extensions>
      </trkpt>
      <trkpt lat="31.203361419127834" lon="121.3507576705429">
        <ele>6.599999904632568</ele>
        <time>2026-09-19T10:13:46Z</time>
        <extensions>
          <gpxtpx:TrackPointExtension>
            <gpxtpx:hr>143</gpxtpx:hr>
          </gpxtpx:TrackPointExtension>
        </extensions>
      </trkpt>
      <trkpt lat="31.203470406648826" lon="121.35073270903794">
        <ele>7.0</ele>
        <time>2026-09-19T10:13:50Z</time>
        <extensions>
          <gpxtpx:TrackPointExtension>
            <gpxtpx:hr>143</gpxtpx:hr>
          </gpxtpx:TrackPointExtension>
        </extensions>
      </trkpt>
      <trkpt lat="31.203603395510413" lon="121.35069976081711">
        <ele>7.400000095367432</ele>
        <time>2026-09-19T10:13:54Z</time>
        <extensions>
          <gpxtpx:TrackPointExtension>
            <gpxtpx:hr>143</gpxtpx:hr>
          </gpxtpx:TrackPointExtension>
        </extensions>
      </trkpt>
      <trkpt lat="31.203687396883524" lon="121.35067380343096">
        <ele>7.400000095367432</ele>
        <time>2026-09-19T10:13:58Z</time>
        <extensions>
          <gpxtpx:TrackPointExtension>
            <gpxtpx:hr>143</gpxtpx:hr>
          </gpxtpx:TrackPointExtension>
        </extensions>
      </trkpt>
      <trkpt lat="31.2038083883978" lon="121.35064285245846">
        <ele>7.599999904632568</ele>
        <time>2026-09-19T10:14:02Z</time>
        <extensions>
          <gpxtpx:TrackPointExtension>
            <gpxtpx:hr>143</gpxtpx:hr>
          </gpxtpx:TrackPointExtension>
        </extensions>
      </trkpt>
      <trkpt lat="31.203918364140193" lon="121.3506248774985">
        <ele>7.800000190734863</ele>
        <time>2026-09-19T10:14:06Z</time>
        <extensions>
          <gpxtpx:TrackPointExtension>
            <gpxtpx:hr>143</gpxtpx:hr>
          </gpxtpx:TrackPointExtension>
        </extensions>
      </trkpt>
      <trkpt lat="31.20403336188561" lon="121.35059193092542">
        <ele>7.800000190734863</ele>
        <time>2026-09-19T10:14:10Z</time>
        <extensions>
          <gpxtpx:TrackPointExtension>
            <gpxtpx:hr>144</gpxtpx:hr>
          </gpxtpx:TrackPointExtension>
        </extensions>
      </trkpt>
      <trkpt lat="31.204141366328383" lon="121.35055698882914">
        <ele>8.0</ele>
        <time>2026-09-19T10:14:14Z</time>
        <extensions>
          <gpxtpx:TrackPointExtension>
            <gpxtpx:hr>143</gpxtpx:hr>
          </gpxtpx:TrackPointExtension>
        </extensions>
      </trkpt>
      <trkpt lat="31.20425038498699" lon="121.35051306398262">
        <ele>8.0</ele>
        <time>2026-09-19T10:14:18Z</time>
        <extensions>
          <gpxtpx:TrackPointExtension>
            <gpxtpx:hr>144</gpxtpx:hr>
          </gpxtpx:TrackPointExtension>
        </extensions>
      </trkpt>
      <trkpt lat="31.204353411506254" lon="121.3504661454762">
        <ele>7.199999809265137</ele>
        <time>2026-09-19T10:14:22Z</time>
        <extensions>
          <gpxtpx:TrackPointExtension>
            <gpxtpx:hr>144</gpxtpx:hr>
          </gpxtpx:TrackPointExtension>
        </extensions>
      </trkpt>
      <trkpt lat="31.204461443807585" lon="121.35041423621948">
        <ele>7.199999809265137</ele>
        <time>2026-09-19T10:14:26Z</time>
        <extensions>
          <gpxtpx:TrackPointExtension>
            <gpxtpx:hr>144</gpxtpx:hr>
          </gpxtpx:TrackPointExtension>
        </extensions>
      </trkpt>
      <trkpt lat="31.20455850275254" lon="121.35034935303176">
        <ele>7.199999809265137</ele>
        <time>2026-09-19T10:14:30Z</time>
        <extensions>
          <gpxtpx:TrackPointExtension>
            <gpxtpx:hr>144</gpxtpx:hr>
          </gpxtpx:TrackPointExtension>
        </extensions>
      </trkpt>
      <trkpt lat="31.20469155083046" lon="121.35028047454982">
        <ele>7.199999809265137</ele>
        <time>2026-09-19T10:14:34Z</time>
        <extensions>
          <gpxtpx:TrackPointExtension>
            <gpxtpx:hr>145</gpxtpx:hr>
          </gpxtpx:TrackPointExtension>
        </extensions>
      </trkpt>
      <trkpt lat="31.204780556617134" lon="121.35025052472368">
        <ele>7.199999809265137</ele>
        <time>2026-09-19T10:14:38Z</time>
        <extensions>
          <gpxtpx:TrackPointExtension>
            <gpxtpx:hr>144</gpxtpx:hr>
          </gpxtpx:TrackPointExtension>
        </extensions>
      </trkpt>
      <trkpt lat="31.204881551690097" lon="121.35022356809108">
        <ele>7.199999809265137</ele>
        <time>2026-09-19T10:14:42Z</time>
        <extensions>
          <gpxtpx:TrackPointExtension>
            <gpxtpx:hr>145</gpxtpx:hr>
          </gpxtpx:TrackPointExtension>
        </extensions>
      </trkpt>
      <trkpt lat="31.205002563253277" lon="121.35018064064323">
        <ele>7.0</ele>
        <time>2026-09-19T10:14:46Z</time>
        <extensions>
          <gpxtpx:TrackPointExtension>
            <gpxtpx:hr>144</gpxtpx:hr>
          </gpxtpx:TrackPointExtension>
        </extensions>
      </trkpt>
      <trkpt lat="31.205078557431246" lon="121.35016167076613">
        <ele>7.0</ele>
        <time>2026-09-19T10:14:50Z</time>
        <extensions>
          <gpxtpx:TrackPointExtension>
            <gpxtpx:hr>145</gpxtpx:hr>
          </gpxtpx:TrackPointExtension>
        </extensions>
      </trkpt>
      <trkpt lat="31.20517154336429" lon="121.35014269942718">
        <ele>7.0</ele>
        <time>2026-09-19T10:14:54Z</time>
        <extensions>
          <gpxtpx:TrackPointExtension>
            <gpxtpx:hr>145</gpxtpx:hr>
          </gpxtpx:TrackPointExtension>
        </extensions>
      </trkpt>
      <trkpt lat="31.205270531311783" lon="121.35012073337626">
        <ele>7.0</ele>
        <time>2026-09-19T10:14:58Z</time>
        <extensions>
          <gpxtpx:TrackPointExtension>
            <gpxtpx:hr>145</gpxtpx:hr>
          </gpxtpx:TrackPointExtension>
        </extensions>
      </trkpt>
      <trkpt lat="31.205381528196824" lon="121.35008978369981">
        <ele>7.0</ele>
        <time>2026-09-19T10:15:02Z</time>
        <extensions>
          <gpxtpx:TrackPointExtension>
            <gpxtpx:hr>145</gpxtpx:hr>
          </gpxtpx:TrackPointExtension>
        </extensions>
      </trkpt>
      <trkpt lat="31.20549153051489" lon="121.35005583993676">
        <ele>6.800000190734863</ele>
        <time>2026-09-19T10:15:06Z</time>
        <extensions>
          <gpxtpx:TrackPointExtension>
            <gpxtpx:hr>145</gpxtpx:hr>
          </gpxtpx:TrackPointExtension>
        </extensions>
      </trkpt>
      <trkpt lat="31.205605524365858" lon="121.3500258881157">
        <ele>6.800000190734863</ele>
        <time>2026-09-19T10:15:10Z</time>
        <extensions>
          <gpxtpx:TrackPointExtension>
            <gpxtpx:hr>145</gpxtpx:hr>
          </gpxtpx:TrackPointExtension>
        </extensions>
      </trkpt>
      <trkpt lat="31.205722521711802" lon="121.34999294186505">
        <ele>6.599999904632568</ele>
        <time>2026-09-19T10:15:14Z</time>
        <extensions>
          <gpxtpx:TrackPointExtension>
            <gpxtpx:hr>149</gpxtpx:hr>
          </gpxtpx:TrackPointExtension>
        </extensions>
      </trkpt>
      <trkpt lat="31.205838521217803" lon="121.34995899766464">
        <ele>6.800000190734863</ele>
        <time>2026-09-19T10:15:18Z</time>
        <extensions>
          <gpxtpx:TrackPointExtension>
            <gpxtpx:hr>151</gpxtpx:hr>
          </gpxtpx:TrackPointExtension>
        </extensions>
      </trkpt>
      <trkpt lat="31.205948515459774" lon="121.34993004432422">
        <ele>6.599999904632568</ele>
        <time>2026-09-19T10:15:22Z</time>
        <extensions>
          <gpxtpx:TrackPointExtension>
            <gpxtpx:hr>151</gpxtpx:hr>
          </gpxtpx:TrackPointExtension>
        </extensions>
      </trkpt>
      <trkpt lat="31.20606149185131" lon="121.34991107136432">
        <ele>6.599999904632568</ele>
        <time>2026-09-19T10:15:26Z</time>
        <extensions>
          <gpxtpx:TrackPointExtension>
            <gpxtpx:hr>152</gpxtpx:hr>
          </gpxtpx:TrackPointExtension>
        </extensions>
      </trkpt>
      <trkpt lat="31.206177460236198" lon="121.34989609040032">
        <ele>6.599999904632568</ele>
        <time>2026-09-19T10:15:30Z</time>
        <extensions>
          <gpxtpx:TrackPointExtension>
            <gpxtpx:hr>153</gpxtpx:hr>
          </gpxtpx:TrackPointExtension>
        </extensions>
      </trkpt>
      <trkpt lat="31.206276458236157" lon="121.34986813611773">
        <ele>6.599999904632568</ele>
        <time>2026-09-19T10:15:34Z</time>
        <extensions>
          <gpxtpx:TrackPointExtension>
            <gpxtpx:hr>152</gpxtpx:hr>
          </gpxtpx:TrackPointExtension>
        </extensions>
      </trkpt>
      <trkpt lat="31.206382451223796" lon="121.34984117930917">
        <ele>6.199999809265137</ele>
        <time>2026-09-19T10:15:38Z</time>
        <extensions>
          <gpxtpx:TrackPointExtension>
            <gpxtpx:hr>153</gpxtpx:hr>
          </gpxtpx:TrackPointExtension>
        </extensions>
      </trkpt>
      <trkpt lat="31.206498434457295" lon="121.3498172158325">
        <ele>6.400000095367432</ele>
        <time>2026-09-19T10:15:42Z</time>
        <extensions>
          <gpxtpx:TrackPointExtension>
            <gpxtpx:hr>153</gpxtpx:hr>
          </gpxtpx:TrackPointExtension>
        </extensions>
      </trkpt>
      <trkpt lat="31.206612425261273" lon="121.34978926030668">
        <ele>6.199999809265137</ele>
        <time>2026-09-19T10:15:46Z</time>
        <extensions>
          <gpxtpx:TrackPointExtension>
            <gpxtpx:hr>153</gpxtpx:hr>
          </gpxtpx:TrackPointExtension>
        </extensions>
      </trkpt>
      <trkpt lat="31.206711425003483" lon="121.34976030803955">
        <ele>6.400000095367432</ele>
        <time>2026-09-19T10:15:50Z</time>
        <extensions>
          <gpxtpx:TrackPointExtension>
            <gpxtpx:hr>153</gpxtpx:hr>
          </gpxtpx:TrackPointExtension>
        </extensions>
      </trkpt>
      <trkpt lat="31.206834434544753" lon="121.34971837896964">
        <ele>6.400000095367432</ele>
        <time>2026-09-19T10:15:54Z</time>
        <extensions>
          <gpxtpx:TrackPointExtension>
            <gpxtpx:hr>153</gpxtpx:hr>
          </gpxtpx:TrackPointExtension>
        </extensions>
      </trkpt>
      <trkpt lat="31.206902427953487" lon="121.34970240417283">
        <ele>6.199999809265137</ele>
        <time>2026-09-19T10:15:58Z</time>
        <extensions>
          <gpxtpx:TrackPointExtension>
            <gpxtpx:hr>152</gpxtpx:hr>
          </gpxtpx:TrackPointExtension>
        </extensions>
      </trkpt>
      <trkpt lat="31.20700940248813" lon="121.3496864260082">
        <ele>6.199999809265137</ele>
        <time>2026-09-19T10:16:02Z</time>
        <extensions>
          <gpxtpx:TrackPointExtension>
            <gpxtpx:hr>148</gpxtpx:hr>
          </gpxtpx:TrackPointExtension>
        </extensions>
      </trkpt>
      <trkpt lat="31.207151401278423" lon="121.34964549342624">
        <ele>6.199999809265137</ele>
        <time>2026-09-19T10:16:06Z</time>
        <extensions>
          <gpxtpx:TrackPointExtension>
            <gpxtpx:hr>148</gpxtpx:hr>
          </gpxtpx:TrackPointExtension>
        </extensions>
      </trkpt>
      <trkpt lat="31.20724039115702" lon="121.34962552462093">
        <ele>6.199999809265137</ele>
        <time>2026-09-19T10:16:10Z</time>
        <extensions>
          <gpxtpx:TrackPointExtension>
            <gpxtpx:hr>147</gpxtpx:hr>
          </gpxtpx:TrackPointExtension>
        </extensions>
      </trkpt>
      <trkpt lat="31.207366391172076" lon="121.34958858570069">
        <ele>6.0</ele>
        <time>2026-09-19T10:16:14Z</time>
        <extensions>
          <gpxtpx:TrackPointExtension>
            <gpxtpx:hr>148</gpxtpx:hr>
          </gpxtpx:TrackPointExtension>
        </extensions>
      </trkpt>
      <trkpt lat="31.207440386697613" lon="121.34956961627462">
        <ele>5.800000190734863</ele>
        <time>2026-09-19T10:16:18Z</time>
        <extensions>
          <gpxtpx:TrackPointExtension>
            <gpxtpx:hr>147</gpxtpx:hr>
          </gpxtpx:TrackPointExtension>
        </extensions>
      </trkpt>
      <trkpt lat="31.207547366272" lon="121.34955064400239">
        <ele>6.0</ele>
        <time>2026-09-19T10:16:22Z</time>
        <extensions>
          <gpxtpx:TrackPointExtension>
            <gpxtpx:hr>147</gpxtpx:hr>
          </gpxtpx:TrackPointExtension>
        </extensions>
      </trkpt>
      <trkpt lat="31.207649373031714" lon="121.34951670138324">
        <ele>5.800000190734863</ele>
        <time>2026-09-19T10:16:26Z</time>
        <extensions>
          <gpxtpx:TrackPointExtension>
            <gpxtpx:hr>147</gpxtpx:hr>
          </gpxtpx:TrackPointExtension>
        </extensions>
      </trkpt>
      <trkpt lat="31.207757363716002" lon="121.34949074268631">
        <ele>6.0</ele>
        <time>2026-09-19T10:16:30Z</time>
        <extensions>
          <gpxtpx:TrackPointExtension>
            <gpxtpx:hr>146</gpxtpx:hr>
          </gpxtpx:TrackPointExtension>
        </extensions>
      </trkpt>
      <trkpt lat="31.20786837609231" lon="121.34945081103317">
        <ele>6.0</ele>
        <time>2026-09-19T10:16:34Z</time>
        <extensions>
          <gpxtpx:TrackPointExtension>
            <gpxtpx:hr>142</gpxtpx:hr>
          </gpxtpx:TrackPointExtension>
        </extensions>
      </trkpt>
      <trkpt lat="31.207975370618378" lon="121.34942285636427">
        <ele>5.800000190734863</ele>
        <time>2026-09-19T10:16:38Z</time>
        <extensions>
          <gpxtpx:TrackPointExtension>
            <gpxtpx:hr>141</gpxtpx:hr>
          </gpxtpx:TrackPointExtension>
        </extensions>
      </trkpt>
      <trkpt lat="31.20808235525447" lon="121.3494008900113">
        <ele>6.0</ele>
        <time>2026-09-19T10:16:42Z</time>
        <extensions>
          <gpxtpx:TrackPointExtension>
            <gpxtpx:hr>142</gpxtpx:hr>
          </gpxtpx:TrackPointExtension>
        </extensions>
      </trkpt>
      <trkpt lat="31.208202356771775" lon="121.34936494986148">
        <ele>6.0</ele>
        <time>2026-09-19T10:16:46Z</time>
        <extensions>
          <gpxtpx:TrackPointExtension>
            <gpxtpx:hr>143</gpxtpx:hr>
          </gpxtpx:TrackPointExtension>
        </extensions>
      </trkpt>
      <trkpt lat="31.208313336214335" lon="121.3493449792898">
        <ele>6.400000095367432</ele>
        <time>2026-09-19T10:16:50Z</time>
        <extensions>
          <gpxtpx:TrackPointExtension>
            <gpxtpx:hr>143</gpxtpx:hr>
          </gpxtpx:TrackPointExtension>
        </extensions>
      </trkpt>
      <trkpt lat="31.20842231829526" lon="121.34932401085311">
        <ele>6.199999809265137</ele>
        <time>2026-09-19T10:16:54Z</time>
        <extensions>
          <gpxtpx:TrackPointExtension>
            <gpxtpx:hr>142</gpxtpx:hr>
          </gpxtpx:TrackPointExtension>
        </extensions>
      </trkpt>
      <trkpt lat="31.208515314739234" lon="121.34929905162278">
        <ele>6.199999809265137</ele>
        <time>2026-09-19T10:16:58Z</time>
        <extensions>
          <gpxtpx:TrackPointExtension>
            <gpxtpx:hr>135</gpxtpx:hr>
          </gpxtpx:TrackPointExtension>
        </extensions>
      </trkpt>
      <trkpt lat="31.20863131664965" lon="121.34926410995415">
        <ele>6.199999809265137</ele>
        <time>2026-09-19T10:17:02Z</time>
        <extensions>
          <gpxtpx:TrackPointExtension>
            <gpxtpx:hr>136</gpxtpx:hr>
          </gpxtpx:TrackPointExtension>
        </extensions>
      </trkpt>
      <trkpt lat="31.20873531279732" lon="121.34923615567162">
        <ele>6.199999809265137</ele>
        <time>2026-09-19T10:17:06Z</time>
        <extensions>
          <gpxtpx:TrackPointExtension>
            <gpxtpx:hr>139</gpxtpx:hr>
          </gpxtpx:TrackPointExtension>
        </extensions>
      </trkpt>
      <trkpt lat="31.208846307247736" lon="121.34920720275755">
        <ele>6.199999809265137</ele>
        <time>2026-09-19T10:17:10Z</time>
        <extensions>
          <gpxtpx:TrackPointExtension>
            <gpxtpx:hr>140</gpxtpx:hr>
          </gpxtpx:TrackPointExtension>
        </extensions>
      </trkpt>
      <trkpt lat="31.20895529771961" lon="121.34918124416942">
        <ele>6.199999809265137</ele>
        <time>2026-09-19T10:17:14Z</time>
        <extensions>
          <gpxtpx:TrackPointExtension>
            <gpxtpx:hr>140</gpxtpx:hr>
          </gpxtpx:TrackPointExtension>
        </extensions>
      </trkpt>
      <trkpt lat="31.20906628890749" lon="121.34915428738091">
        <ele>6.599999904632568</ele>
        <time>2026-09-19T10:17:18Z</time>
        <extensions>
          <gpxtpx:TrackPointExtension>
            <gpxtpx:hr>140</gpxtpx:hr>
          </gpxtpx:TrackPointExtension>
        </extensions>
      </trkpt>
      <trkpt lat="31.20920927463396" lon="121.3491213395844">
        <ele>6.599999904632568</ele>
        <time>2026-09-19T10:17:22Z</time>
        <extensions>
          <gpxtpx:TrackPointExtension>
            <gpxtpx:hr>140</gpxtpx:hr>
          </gpxtpx:TrackPointExtension>
        </extensions>
      </trkpt>
      <trkpt lat="31.209292259478406" lon="121.34910636176471">
        <ele>6.599999904632568</ele>
        <time>2026-09-19T10:17:26Z</time>
        <extensions>
          <gpxtpx:TrackPointExtension>
            <gpxtpx:hr>140</gpxtpx:hr>
          </gpxtpx:TrackPointExtension>
        </extensions>
      </trkpt>
      <trkpt lat="31.209401246725772" lon="121.34908239932344">
        <ele>6.599999904632568</ele>
        <time>2026-09-19T10:17:30Z</time>
        <extensions>
          <gpxtpx:TrackPointExtension>
            <gpxtpx:hr>140</gpxtpx:hr>
          </gpxtpx:TrackPointExtension>
        </extensions>
      </trkpt>
      <trkpt lat="31.2095352468354" lon="121.34904346411659">
        <ele>6.400000095367432</ele>
        <time>2026-09-19T10:17:34Z</time>
        <extensions>
          <gpxtpx:TrackPointExtension>
            <gpxtpx:hr>141</gpxtpx:hr>
          </gpxtpx:TrackPointExtension>
        </extensions>
      </trkpt>
      <trkpt lat="31.20961123841952" lon="121.34902649084948">
        <ele>6.599999904632568</ele>
        <time>2026-09-19T10:17:38Z</time>
        <extensions>
          <gpxtpx:TrackPointExtension>
            <gpxtpx:hr>141</gpxtpx:hr>
          </gpxtpx:TrackPointExtension>
        </extensions>
      </trkpt>
      <trkpt lat="31.209714240248967" lon="121.34899554269425">
        <ele>6.800000190734863</ele>
        <time>2026-09-19T10:17:42Z</time>
        <extensions>
          <gpxtpx:TrackPointExtension>
            <gpxtpx:hr>141</gpxtpx:hr>
          </gpxtpx:TrackPointExtension>
        </extensions>
      </trkpt>
      <trkpt lat="31.209841252140347" lon="121.34895161798023">
        <ele>6.800000190734863</ele>
        <time>2026-09-19T10:17:46Z</time>
        <extensions>
          <gpxtpx:TrackPointExtension>
            <gpxtpx:hr>140</gpxtpx:hr>
          </gpxtpx:TrackPointExtension>
        </extensions>
      </trkpt>
      <trkpt lat="31.2099282351528" lon="121.34893663987565">
        <ele>6.599999904632568</ele>
        <time>2026-09-19T10:17:50Z</time>
        <extensions>
          <gpxtpx:TrackPointExtension>
            <gpxtpx:hr>140</gpxtpx:hr>
          </gpxtpx:TrackPointExtension>
        </extensions>
      </trkpt>
      <trkpt lat="31.210046211556417" lon="121.34891666890489">
        <ele>6.400000095367432</ele>
        <time>2026-09-19T10:17:54Z</time>
        <extensions>
          <gpxtpx:TrackPointExtension>
            <gpxtpx:hr>140</gpxtpx:hr>
          </gpxtpx:TrackPointExtension>
        </extensions>
      </trkpt>
      <trkpt lat="31.210179223988995" lon="121.34887074768115">
        <ele>6.0</ele>
        <time>2026-09-19T10:17:58Z</time>
        <extensions>
          <gpxtpx:TrackPointExtension>
            <gpxtpx:hr>140</gpxtpx:hr>
          </gpxtpx:TrackPointExtension>
        </extensions>
      </trkpt>
      <trkpt lat="31.210245275387816" lon="121.34882084016111">
        <ele>5.800000190734863</ele>
        <time>2026-09-19T10:18:02Z</time>
        <extensions>
          <gpxtpx:TrackPointExtension>
            <gpxtpx:hr>140</gpxtpx:hr>
          </gpxtpx:TrackPointExtension>
        </extensions>
      </trkpt>
      <trkpt lat="31.210251394022674" lon="121.34874798310499">
        <ele>5.599999904632568</ele>
        <time>2026-09-19T10:18:06Z</time>
        <extensions>
          <gpxtpx:TrackPointExtension>
            <gpxtpx:hr>141</gpxtpx:hr>
          </gpxtpx:TrackPointExtension>
        </extensions>
      </trkpt>
      <trkpt lat="31.210158453788406" lon="121.3487390088459">
        <ele>5.800000190734863</ele>
        <time>2026-09-19T10:18:10Z</time>
        <extensions>
          <gpxtpx:TrackPointExtension>
            <gpxtpx:hr>140</gpxtpx:hr>
          </gpxtpx:TrackPointExtension>
        </extensions>
      </trkpt>
      <trkpt lat="31.21004856340041" lon="121.34870508522981">
        <ele>6.0</ele>
        <time>2026-09-19T10:18:14Z</time>
        <extensions>
          <gpxtpx:TrackPointExtension>
            <gpxtpx:hr>139</gpxtpx:hr>
          </gpxtpx:TrackPointExtension>
        </extensions>
      </trkpt>
      <trkpt lat="31.210007783237426" lon="121.34858532499979">
        <ele>6.0</ele>
        <time>2026-09-19T10:18:18Z</time>
        <extensions>
          <gpxtpx:TrackPointExtension>
            <gpxtpx:hr>139</gpxtpx:hr>
          </gpxtpx:TrackPointExtension>
        </extensions>
      </trkpt>
      <trkpt lat="31.209951992201454" lon="121.34847654470606">
        <ele>6.400000095367432</ele>
        <time>2026-09-19T10:18:22Z</time>
        <extensions>
          <gpxtpx:TrackPointExtension>
            <gpxtpx:hr>138</gpxtpx:hr>
          </gpxtpx:TrackPointExtension>
        </extensions>
      </trkpt>
      <trkpt lat="31.20985713155428" lon="121.34842066341925">
        <ele>6.800000190734863</ele>
        <time>2026-09-19T10:18:26Z</time>
        <extensions>
          <gpxtpx:TrackPointExtension>
            <gpxtpx:hr>138</gpxtpx:hr>
          </gpxtpx:TrackPointExtension>
        </extensions>
      </trkpt>
      <trkpt lat="31.20977431371417" lon="121.34833583845493">
        <ele>6.800000190734863</ele>
        <time>2026-09-19T10:18:30Z</time>
        <extensions>
          <gpxtpx:TrackPointExtension>
            <gpxtpx:hr>139</gpxtpx:hr>
          </gpxtpx:TrackPointExtension>
        </extensions>
      </trkpt>
      <trkpt lat="31.209688499139496" lon="121.34825001589546">
        <ele>6.800000190734863</ele>
        <time>2026-09-19T10:18:34Z</time>
        <extensions>
          <gpxtpx:TrackPointExtension>
            <gpxtpx:hr>139</gpxtpx:hr>
          </gpxtpx:TrackPointExtension>
        </extensions>
      </trkpt>
      <trkpt lat="31.209592562157766" lon="121.34824004397755">
        <ele>6.400000095367432</ele>
        <time>2026-09-19T10:18:38Z</time>
        <extensions>
          <gpxtpx:TrackPointExtension>
            <gpxtpx:hr>139</gpxtpx:hr>
          </gpxtpx:TrackPointExtension>
        </extensions>
      </trkpt>
      <trkpt lat="31.20949257350949" lon="121.34826200911658">
        <ele>6.400000095367432</ele>
        <time>2026-09-19T10:18:42Z</time>
        <extensions>
          <gpxtpx:TrackPointExtension>
            <gpxtpx:hr>135</gpxtpx:hr>
          </gpxtpx:TrackPointExtension>
        </extensions>
      </trkpt>
      <trkpt lat="31.209341604446806" lon="121.34828697274722">
        <ele>6.199999809265137</ele>
        <time>2026-09-19T10:18:46Z</time>
        <extensions>
          <gpxtpx:TrackPointExtension>
            <gpxtpx:hr>135</gpxtpx:hr>
          </gpxtpx:TrackPointExtension>
        </extensions>
      </trkpt>
      <trkpt lat="31.20925261890449" lon="121.34830394684117">
        <ele>5.800000190734863</ele>
        <time>2026-09-19T10:18:50Z</time>
        <extensions>
          <gpxtpx:TrackPointExtension>
            <gpxtpx:hr>136</gpxtpx:hr>
          </gpxtpx:TrackPointExtension>
        </extensions>
      </trkpt>
      <trkpt lat="31.20913470762868" lon="121.348284994605">
        <ele>5.800000190734863</ele>
        <time>2026-09-19T10:18:54Z</time>
        <extensions>
          <gpxtpx:TrackPointExtension>
            <gpxtpx:hr>136</gpxtpx:hr>
          </gpxtpx:TrackPointExtension>
        </extensions>
      </trkpt>
      <trkpt lat="31.20902376787507" lon="121.34828101211353">
        <ele>6.0</ele>
        <time>2026-09-19T10:18:58Z</time>
        <extensions>
          <gpxtpx:TrackPointExtension>
            <gpxtpx:hr>137</gpxtpx:hr>
          </gpxtpx:TrackPointExtension>
        </extensions>
      </trkpt>
      <trkpt lat="31.20890977433025" lon="121.34830996464949">
        <ele>6.0</ele>
        <time>2026-09-19T10:19:02Z</time>
        <extensions>
          <gpxtpx:TrackPointExtension>
            <gpxtpx:hr>137</gpxtpx:hr>
          </gpxtpx:TrackPointExtension>
        </extensions>
      </trkpt>
      <trkpt lat="31.20880676713682" lon="121.34834390637556">
        <ele>6.199999809265137</ele>
        <time>2026-09-19T10:19:06Z</time>
        <extensions>
          <gpxtpx:TrackPointExtension>
            <gpxtpx:hr>138</gpxtpx:hr>
          </gpxtpx:TrackPointExtension>
        </extensions>
      </trkpt>
      <trkpt lat="31.208692760267027" lon="121.34838084315584">
        <ele>6.199999809265137</ele>
        <time>2026-09-19T10:19:10Z</time>
        <extensions>
          <gpxtpx:TrackPointExtension>
            <gpxtpx:hr>139</gpxtpx:hr>
          </gpxtpx:TrackPointExtension>
        </extensions>
      </trkpt>
      <trkpt lat="31.208585765102008" lon="121.34840879712814">
        <ele>6.199999809265137</ele>
        <time>2026-09-19T10:19:14Z</time>
        <extensions>
          <gpxtpx:TrackPointExtension>
            <gpxtpx:hr>139</gpxtpx:hr>
          </gpxtpx:TrackPointExtension>
        </extensions>
      </trkpt>
      <trkpt lat="31.208479744408965" lon="121.34845172143412">
        <ele>6.199999809265137</ele>
        <time>2026-09-19T10:19:18Z</time>
        <extensions>
          <gpxtpx:TrackPointExtension>
            <gpxtpx:hr>140</gpxtpx:hr>
          </gpxtpx:TrackPointExtension>
        </extensions>
      </trkpt>
      <trkpt lat="31.2083566751918" lon="121.3485285802182">
        <ele>6.199999809265137</ele>
        <time>2026-09-19T10:19:22Z</time>
        <extensions>
          <gpxtpx:TrackPointExtension>
            <gpxtpx:hr>140</gpxtpx:hr>
          </gpxtpx:TrackPointExtension>
        </extensions>
      </trkpt>
      <trkpt lat="31.208276643727032" lon="121.34857050436658">
        <ele>6.199999809265137</ele>
        <time>2026-09-19T10:19:26Z</time>
        <extensions>
          <gpxtpx:TrackPointExtension>
            <gpxtpx:hr>140</gpxtpx:hr>
          </gpxtpx:TrackPointExtension>
        </extensions>
      </trkpt>
      <trkpt lat="31.208173643433103" lon="121.34860045417868">
        <ele>6.199999809265137</ele>
        <time>2026-09-19T10:19:30Z</time>
        <extensions>
          <gpxtpx:TrackPointExtension>
            <gpxtpx:hr>141</gpxtpx:hr>
          </gpxtpx:TrackPointExtension>
        </extensions>
      </trkpt>
      <trkpt lat="31.208023697570457" lon="121.34861144548948">
        <ele>6.400000095367432</ele>
        <time>2026-09-19T10:19:34Z</time>
        <extensions>
          <gpxtpx:TrackPointExtension>
            <gpxtpx:hr>141</gpxtpx:hr>
          </gpxtpx:TrackPointExtension>
        </extensions>
      </trkpt>
      <trkpt lat="31.207941705514884" lon="121.34863041516999">
        <ele>6.599999904632568</ele>
        <time>2026-09-19T10:19:38Z</time>
        <extensions>
          <gpxtpx:TrackPointExtension>
            <gpxtpx:hr>141</gpxtpx:hr>
          </gpxtpx:TrackPointExtension>
        </extensions>
      </trkpt>
      <trkpt lat="31.20783178037395" lon="121.34861745028132">
        <ele>6.599999904632568</ele>
        <time>2026-09-19T10:19:42Z</time>
        <extensions>
          <gpxtpx:TrackPointExtension>
            <gpxtpx:hr>141</gpxtpx:hr>
          </gpxtpx:TrackPointExtension>
        </extensions>
      </trkpt>
      <trkpt lat="31.207720839048854" lon="121.34861446578978">
        <ele>6.599999904632568</ele>
        <time>2026-09-19T10:19:46Z</time>
        <extensions>
          <gpxtpx:TrackPointExtension>
            <gpxtpx:hr>140</gpxtpx:hr>
          </gpxtpx:TrackPointExtension>
        </extensions>
      </trkpt>
      <trkpt lat="31.20761387244842" lon="121.34862545338487">
        <ele>6.599999904632568</ele>
        <time>2026-09-19T10:19:50Z</time>
        <extensions>
          <gpxtpx:TrackPointExtension>
            <gpxtpx:hr>139</gpxtpx:hr>
          </gpxtpx:TrackPointExtension>
        </extensions>
      </trkpt>
      <trkpt lat="31.20750488515036" lon="121.34864941556488">
        <ele>6.400000095367432</ele>
        <time>2026-09-19T10:19:54Z</time>
        <extensions>
          <gpxtpx:TrackPointExtension>
            <gpxtpx:hr>139</gpxtpx:hr>
          </gpxtpx:TrackPointExtension>
        </extensions>
      </trkpt>
      <trkpt lat="31.207402859486514" lon="121.34869433583417">
        <ele>6.199999809265137</ele>
        <time>2026-09-19T10:19:58Z</time>
        <extensions>
          <gpxtpx:TrackPointExtension>
            <gpxtpx:hr>139</gpxtpx:hr>
          </gpxtpx:TrackPointExtension>
        </extensions>
      </trkpt>
      <trkpt lat="31.207313782616108" lon="121.34876620194656">
        <ele>6.199999809265137</ele>
        <time>2026-09-19T10:20:02Z</time>
        <extensions>
          <gpxtpx:TrackPointExtension>
            <gpxtpx:hr>139</gpxtpx:hr>
          </gpxtpx:TrackPointExtension>
        </extensions>
      </trkpt>
      <trkpt lat="31.20718171502072" lon="121.34884505815421">
        <ele>6.199999809265137</ele>
        <time>2026-09-19T10:20:06Z</time>
        <extensions>
          <gpxtpx:TrackPointExtension>
            <gpxtpx:hr>139</gpxtpx:hr>
          </gpxtpx:TrackPointExtension>
        </extensions>
      </trkpt>
      <trkpt lat="31.20709770412194" lon="121.3488760045553">
        <ele>6.199999809265137</ele>
        <time>2026-09-19T10:20:10Z</time>
        <extensions>
          <gpxtpx:TrackPointExtension>
            <gpxtpx:hr>138</gpxtpx:hr>
          </gpxtpx:TrackPointExtension>
        </extensions>
      </trkpt>
      <trkpt lat="31.206970740667135" lon="121.3488909860981">
        <ele>6.400000095367432</ele>
        <time>2026-09-19T10:20:14Z</time>
        <extensions>
          <gpxtpx:TrackPointExtension>
            <gpxtpx:hr>138</gpxtpx:hr>
          </gpxtpx:TrackPointExtension>
        </extensions>
      </trkpt>
      <trkpt lat="31.206851824897303" lon="121.34887502779682">
        <ele>6.599999904632568</ele>
        <time>2026-09-19T10:20:18Z</time>
        <extensions>
          <gpxtpx:TrackPointExtension>
            <gpxtpx:hr>141</gpxtpx:hr>
          </gpxtpx:TrackPointExtension>
        </extensions>
      </trkpt>
      <trkpt lat="31.206713871785006" lon="121.34888701617884">
        <ele>7.0</ele>
        <time>2026-09-19T10:20:22Z</time>
        <extensions>
          <gpxtpx:TrackPointExtension>
            <gpxtpx:hr>145</gpxtpx:hr>
          </gpxtpx:TrackPointExtension>
        </extensions>
      </trkpt>
      <trkpt lat="31.206637878677746" lon="121.34890498742713">
        <ele>7.400000095367432</ele>
        <time>2026-09-19T10:20:26Z</time>
        <extensions>
          <gpxtpx:TrackPointExtension>
            <gpxtpx:hr>146</gpxtpx:hr>
          </gpxtpx:TrackPointExtension>
        </extensions>
      </trkpt>
      <trkpt lat="31.20653689437163" lon="121.3489249569219">
        <ele>7.599999904632568</ele>
        <time>2026-09-19T10:20:30Z</time>
        <extensions>
          <gpxtpx:TrackPointExtension>
            <gpxtpx:hr>147</gpxtpx:hr>
          </gpxtpx:TrackPointExtension>
        </extensions>
      </trkpt>
      <trkpt lat="31.206421913544055" lon="121.34894692371451">
        <ele>7.599999904632568</ele>
        <time>2026-09-19T10:20:34Z</time>
        <extensions>
          <gpxtpx:TrackPointExtension>
            <gpxtpx:hr>148</gpxtpx:hr>
          </gpxtpx:TrackPointExtension>
        </extensions>
      </trkpt>
      <trkpt lat="31.20630091405324" lon="121.34898186554948">
        <ele>7.199999809265137</ele>
        <time>2026-09-19T10:20:38Z</time>
        <extensions>
          <gpxtpx:TrackPointExtension>
            <gpxtpx:hr>148</gpxtpx:hr>
          </gpxtpx:TrackPointExtension>
        </extensions>
      </trkpt>
      <trkpt lat="31.206150030450225" lon="121.34895592959099">
        <ele>6.800000190734863</ele>
        <time>2026-09-19T10:20:42Z</time>
        <extensions>
          <gpxtpx:TrackPointExtension>
            <gpxtpx:hr>149</gpxtpx:hr>
          </gpxtpx:TrackPointExtension>
        </extensions>
      </trkpt>
      <trkpt lat="31.206035106155596" lon="121.34894396307291">
        <ele>6.400000095367432</ele>
        <time>2026-09-19T10:20:46Z</time>
        <extensions>
          <gpxtpx:TrackPointExtension>
            <gpxtpx:hr>149</gpxtpx:hr>
          </gpxtpx:TrackPointExtension>
        </extensions>
      </trkpt>
      <trkpt lat="31.205955115052024" lon="121.34896193469177">
        <ele>6.400000095367432</ele>
        <time>2026-09-19T10:20:50Z</time>
        <extensions>
          <gpxtpx:TrackPointExtension>
            <gpxtpx:hr>149</gpxtpx:hr>
          </gpxtpx:TrackPointExtension>
        </extensions>
      </trkpt>
      <trkpt lat="31.20582911140276" lon="121.34900086913166">
        <ele>6.400000095367432</ele>
        <time>2026-09-19T10:20:54Z</time>
        <extensions>
          <gpxtpx:TrackPointExtension>
            <gpxtpx:hr>149</gpxtpx:hr>
          </gpxtpx:TrackPointExtension>
        </extensions>
      </trkpt>
      <trkpt lat="31.205714100799245" lon="121.34904080069741">
        <ele>6.400000095367432</ele>
        <time>2026-09-19T10:20:58Z</time>
        <extensions>
          <gpxtpx:TrackPointExtension>
            <gpxtpx:hr>149</gpxtpx:hr>
          </gpxtpx:TrackPointExtension>
        </extensions>
      </trkpt>
      <trkpt lat="31.20563409647776" lon="121.3490667566898">
        <ele>6.400000095367432</ele>
        <time>2026-09-19T10:21:02Z</time>
        <extensions>
          <gpxtpx:TrackPointExtension>
            <gpxtpx:hr>149</gpxtpx:hr>
          </gpxtpx:TrackPointExtension>
        </extensions>
      </trkpt>
      <trkpt lat="31.205536089302154" lon="121.34909970055124">
        <ele>6.400000095367432</ele>
        <time>2026-09-19T10:21:06Z</time>
        <extensions>
          <gpxtpx:TrackPointExtension>
            <gpxtpx:hr>149</gpxtpx:hr>
          </gpxtpx:TrackPointExtension>
        </extensions>
      </trkpt>
      <trkpt lat="31.20542713558238" lon="121.34910370214915">
        <ele>6.599999904632568</ele>
        <time>2026-09-19T10:21:10Z</time>
        <extensions>
          <gpxtpx:TrackPointExtension>
            <gpxtpx:hr>149</gpxtpx:hr>
          </gpxtpx:TrackPointExtension>
        </extensions>
      </trkpt>
      <trkpt lat="31.205289177714686" lon="121.34911868472534">
        <ele>6.400000095367432</ele>
        <time>2026-09-19T10:21:14Z</time>
        <extensions>
          <gpxtpx:TrackPointExtension>
            <gpxtpx:hr>149</gpxtpx:hr>
          </gpxtpx:TrackPointExtension>
        </extensions>
      </trkpt>
      <trkpt lat="31.20522213234262" lon="121.34916559855944">
        <ele>6.400000095367432</ele>
        <time>2026-09-19T10:21:18Z</time>
        <extensions>
          <gpxtpx:TrackPointExtension>
            <gpxtpx:hr>148</gpxtpx:hr>
          </gpxtpx:TrackPointExtension>
        </extensions>
      </trkpt>
      <trkpt lat="31.205171984386435" lon="121.34926939958392">
        <ele>6.400000095367432</ele>
        <time>2026-09-19T10:21:22Z</time>
        <extensions>
          <gpxtpx:TrackPointExtension>
            <gpxtpx:hr>148</gpxtpx:hr>
          </gpxtpx:TrackPointExtension>
        </extensions>
      </trkpt>
      <trkpt lat="31.205096835567836" lon="121.34938118742353">
        <ele>6.199999809265137</ele>
        <time>2026-09-19T10:21:26Z</time>
        <extensions>
          <gpxtpx:TrackPointExtension>
            <gpxtpx:hr>148</gpxtpx:hr>
          </gpxtpx:TrackPointExtension>
        </extensions>
      </trkpt>
      <trkpt lat="31.205009706040507" lon="121.34948499219033">
        <ele>6.199999809265137</ele>
        <time>2026-09-19T10:21:30Z</time>
        <extensions>
          <gpxtpx:TrackPointExtension>
            <gpxtpx:hr>143</gpxtpx:hr>
          </gpxtpx:TrackPointExtension>
        </extensions>
      </trkpt>
      <trkpt lat="31.204900575886278" lon="121.34959578550246">
        <ele>6.199999809265137</ele>
        <time>2026-09-19T10:21:34Z</time>
        <extensions>
          <gpxtpx:TrackPointExtension>
            <gpxtpx:hr>143</gpxtpx:hr>
          </gpxtpx:TrackPointExtension>
        </extensions>
      </trkpt>
      <trkpt lat="31.204804582979843" lon="121.34961974711855">
        <ele>6.199999809265137</ele>
        <time>2026-09-19T10:21:38Z</time>
        <extensions>
          <gpxtpx:TrackPointExtension>
            <gpxtpx:hr>143</gpxtpx:hr>
          </gpxtpx:TrackPointExtension>
        </extensions>
      </trkpt>
      <trkpt lat="31.204660636494832" lon="121.34962974012613">
        <ele>6.0</ele>
        <time>2026-09-19T10:21:42Z</time>
        <extensions>
          <gpxtpx:TrackPointExtension>
            <gpxtpx:hr>143</gpxtpx:hr>
          </gpxtpx:TrackPointExtension>
        </extensions>
      </trkpt>
      <trkpt lat="31.204559675711838" lon="121.34963573719484">
        <ele>6.199999809265137</ele>
        <time>2026-09-19T10:21:46Z</time>
        <extensions>
          <gpxtpx:TrackPointExtension>
            <gpxtpx:hr>143</gpxtpx:hr>
          </gpxtpx:TrackPointExtension>
        </extensions>
      </trkpt>
      <trkpt lat="31.204476694651653" lon="121.34964871909627">
        <ele>6.199999809265137</ele>
        <time>2026-09-19T10:21:50Z</time>
        <extensions>
          <gpxtpx:TrackPointExtension>
            <gpxtpx:hr>143</gpxtpx:hr>
          </gpxtpx:TrackPointExtension>
        </extensions>
      </trkpt>
      <trkpt lat="31.204325745027713" lon="121.34966270494024">
        <ele>6.400000095367432</ele>
        <time>2026-09-19T10:21:54Z</time>
        <extensions>
          <gpxtpx:TrackPointExtension>
            <gpxtpx:hr>143</gpxtpx:hr>
          </gpxtpx:TrackPointExtension>
        </extensions>
      </trkpt>
      <trkpt lat="31.204212763763852" lon="121.34968467195324">
        <ele>6.599999904632568</ele>
        <time>2026-09-19T10:21:58Z</time>
        <extensions>
          <gpxtpx:TrackPointExtension>
            <gpxtpx:hr>142</gpxtpx:hr>
          </gpxtpx:TrackPointExtension>
        </extensions>
      </trkpt>
      <trkpt lat="31.204128778287647" lon="121.34970064812745">
        <ele>7.0</ele>
        <time>2026-09-19T10:22:02Z</time>
        <extensions>
          <gpxtpx:TrackPointExtension>
            <gpxtpx:hr>142</gpxtpx:hr>
          </gpxtpx:TrackPointExtension>
        </extensions>
      </trkpt>
      <trkpt lat="31.204021802369535" lon="121.34971762435491">
        <ele>7.599999904632568</ele>
        <time>2026-09-19T10:22:06Z</time>
        <extensions>
          <gpxtpx:TrackPointExtension>
            <gpxtpx:hr>142</gpxtpx:hr>
          </gpxtpx:TrackPointExtension>
        </extensions>
      </trkpt>
      <trkpt lat="31.203908852430175" lon="121.3497206283023">
        <ele>7.599999904632568</ele>
        <time>2026-09-19T10:22:10Z</time>
        <extensions>
          <gpxtpx:TrackPointExtension>
            <gpxtpx:hr>143</gpxtpx:hr>
          </gpxtpx:TrackPointExtension>
        </extensions>
      </trkpt>
      <trkpt lat="31.203788853248145" lon="121.34975557070767">
        <ele>7.599999904632568</ele>
        <time>2026-09-19T10:22:14Z</time>
        <extensions>
          <gpxtpx:TrackPointExtension>
            <gpxtpx:hr>142</gpxtpx:hr>
          </gpxtpx:TrackPointExtension>
        </extensions>
      </trkpt>
      <trkpt lat="31.203669886512778" lon="121.34977055187886">
        <ele>7.199999809265137</ele>
        <time>2026-09-19T10:22:18Z</time>
        <extensions>
          <gpxtpx:TrackPointExtension>
            <gpxtpx:hr>143</gpxtpx:hr>
          </gpxtpx:TrackPointExtension>
        </extensions>
      </trkpt>
      <trkpt lat="31.203558861631915" lon="121.34981846832433">
        <ele>6.800000190734863</ele>
        <time>2026-09-19T10:22:22Z</time>
        <extensions>
          <gpxtpx:TrackPointExtension>
            <gpxtpx:hr>144</gpxtpx:hr>
          </gpxtpx:TrackPointExtension>
        </extensions>
      </trkpt>
      <trkpt lat="31.20344483498337" lon="121.34986838120801">
        <ele>6.400000095367432</ele>
        <time>2026-09-19T10:22:26Z</time>
        <extensions>
          <gpxtpx:TrackPointExtension>
            <gpxtpx:hr>147</gpxtpx:hr>
          </gpxtpx:TrackPointExtension>
        </extensions>
      </trkpt>
      <trkpt lat="31.203328837288527" lon="121.34990132727106">
        <ele>6.0</ele>
        <time>2026-09-19T10:22:30Z</time>
        <extensions>
          <gpxtpx:TrackPointExtension>
            <gpxtpx:hr>147</gpxtpx:hr>
          </gpxtpx:TrackPointExtension>
        </extensions>
      </trkpt>
      <trkpt lat="31.2031808535807" lon="121.34993527419194">
        <ele>6.0</ele>
        <time>2026-09-19T10:22:34Z</time>
        <extensions>
          <gpxtpx:TrackPointExtension>
            <gpxtpx:hr>148</gpxtpx:hr>
          </gpxtpx:TrackPointExtension>
        </extensions>
      </trkpt>
      <trkpt lat="31.20310386320474" lon="121.34995224792263">
        <ele>5.800000190734863</ele>
        <time>2026-09-19T10:22:38Z</time>
        <extensions>
          <gpxtpx:TrackPointExtension>
            <gpxtpx:hr>147</gpxtpx:hr>
          </gpxtpx:TrackPointExtension>
        </extensions>
      </trkpt>
      <trkpt lat="31.202990880544384" lon="121.3499752131565">
        <ele>6.0</ele>
        <time>2026-09-19T10:22:42Z</time>
        <extensions>
          <gpxtpx:TrackPointExtension>
            <gpxtpx:hr>145</gpxtpx:hr>
          </gpxtpx:TrackPointExtension>
        </extensions>
      </trkpt>
      <trkpt lat="31.20287888101478" lon="121.3500081589608">
        <ele>5.800000190734863</ele>
        <time>2026-09-19T10:22:46Z</time>
        <extensions>
          <gpxtpx:TrackPointExtension>
            <gpxtpx:hr>145</gpxtpx:hr>
          </gpxtpx:TrackPointExtension>
        </extensions>
      </trkpt>
      <trkpt lat="31.202777881071732" lon="121.35003810964463">
        <ele>5.800000190734863</ele>
        <time>2026-09-19T10:22:50Z</time>
        <extensions>
          <gpxtpx:TrackPointExtension>
            <gpxtpx:hr>145</gpxtpx:hr>
          </gpxtpx:TrackPointExtension>
        </extensions>
      </trkpt>
      <trkpt lat="31.20267389573136" lon="121.35006007608314">
        <ele>5.800000190734863</ele>
        <time>2026-09-19T10:22:54Z</time>
        <extensions>
          <gpxtpx:TrackPointExtension>
            <gpxtpx:hr>146</gpxtpx:hr>
          </gpxtpx:TrackPointExtension>
        </extensions>
      </trkpt>
      <trkpt lat="31.202546874117946" lon="121.35011098845773">
        <ele>5.800000190734863</ele>
        <time>2026-09-19T10:22:58Z</time>
        <extensions>
          <gpxtpx:TrackPointExtension>
            <gpxtpx:hr>148</gpxtpx:hr>
          </gpxtpx:TrackPointExtension>
        </extensions>
      </trkpt>
      <trkpt lat="31.202484819215996" lon="121.35016289334203">
        <ele>5.800000190734863</ele>
        <time>2026-09-19T10:23:02Z</time>
        <extensions>
          <gpxtpx:TrackPointExtension>
            <gpxtpx:hr>148</gpxtpx:hr>
          </gpxtpx:TrackPointExtension>
        </extensions>
      </trkpt>
      <trkpt lat="31.20239072110813" lon="121.35025073158513">
        <ele>6.0</ele>
        <time>2026-09-19T10:23:06Z</time>
        <extensions>
          <gpxtpx:TrackPointExtension>
            <gpxtpx:hr>148</gpxtpx:hr>
          </gpxtpx:TrackPointExtension>
        </extensions>
      </trkpt>
      <trkpt lat="31.202274686184897" lon="121.35030663360985">
        <ele>6.0</ele>
        <time>2026-09-19T10:23:10Z</time>
        <extensions>
          <gpxtpx:TrackPointExtension>
            <gpxtpx:hr>147</gpxtpx:hr>
          </gpxtpx:TrackPointExtension>
        </extensions>
      </trkpt>
      <trkpt lat="31.202151808338954" lon="121.35026871753541">
        <ele>5.800000190734863</ele>
        <time>2026-09-19T10:23:14Z</time>
        <extensions>
          <gpxtpx:TrackPointExtension>
            <gpxtpx:hr>146</gpxtpx:hr>
          </gpxtpx:TrackPointExtension>
        </extensions>
      </trkpt>
      <trkpt lat="31.202049939909678" lon="121.35021882284114">
        <ele>5.800000190734863</ele>
        <time>2026-09-19T10:23:18Z</time>
        <extensions>
          <gpxtpx:TrackPointExtension>
            <gpxtpx:hr>146</gpxtpx:hr>
          </gpxtpx:TrackPointExtension>
        </extensions>
      </trkpt>
      <trkpt lat="31.20191711778577" lon="121.35014996759332">
        <ele>5.800000190734863</ele>
        <time>2026-09-19T10:23:22Z</time>
        <extensions>
          <gpxtpx:TrackPointExtension>
            <gpxtpx:hr>146</gpxtpx:hr>
          </gpxtpx:TrackPointExtension>
        </extensions>
      </trkpt>
      <trkpt lat="31.201839206650583" lon="121.35011903424365">
        <ele>5.800000190734863</ele>
        <time>2026-09-19T10:23:26Z</time>
        <extensions>
          <gpxtpx:TrackPointExtension>
            <gpxtpx:hr>146</gpxtpx:hr>
          </gpxtpx:TrackPointExtension>
        </extensions>
      </trkpt>
      <trkpt lat="31.20173234740063" lon="121.35006514790322">
        <ele>5.800000190734863</ele>
        <time>2026-09-19T10:23:30Z</time>
        <extensions>
          <gpxtpx:TrackPointExtension>
            <gpxtpx:hr>146</gpxtpx:hr>
          </gpxtpx:TrackPointExtension>
        </extensions>
      </trkpt>
      <trkpt lat="31.201603466171825" lon="121.35003122483481">
        <ele>6.0</ele>
        <time>2026-09-19T10:23:34Z</time>
        <extensions>
          <gpxtpx:TrackPointExtension>
            <gpxtpx:hr>146</gpxtpx:hr>
          </gpxtpx:TrackPointExtension>
        </extensions>
      </trkpt>
      <trkpt lat="31.201518509351942" lon="121.35003023412268">
        <ele>6.0</ele>
        <time>2026-09-19T10:23:38Z</time>
        <extensions>
          <gpxtpx:TrackPointExtension>
            <gpxtpx:hr>146</gpxtpx:hr>
          </gpxtpx:TrackPointExtension>
        </extensions>
      </trkpt>
      <trkpt lat="31.201430473680333" lon="121.3500781488875">
        <ele>6.0</ele>
        <time>2026-09-19T10:23:42Z</time>
        <extensions>
          <gpxtpx:TrackPointExtension>
            <gpxtpx:hr>146</gpxtpx:hr>
          </gpxtpx:TrackPointExtension>
        </extensions>
      </trkpt>
      <trkpt lat="31.201313421126336" lon="121.35014502950433">
        <ele>6.199999809265137</ele>
        <time>2026-09-19T10:23:46Z</time>
        <extensions>
          <gpxtpx:TrackPointExtension>
            <gpxtpx:hr>145</gpxtpx:hr>
          </gpxtpx:TrackPointExtension>
        </extensions>
      </trkpt>
      <trkpt lat="31.201209383588687" lon="121.35019893420547">
        <ele>6.199999809265137</ele>
        <time>2026-09-19T10:23:50Z</time>
        <extensions>
          <gpxtpx:TrackPointExtension>
            <gpxtpx:hr>145</gpxtpx:hr>
          </gpxtpx:TrackPointExtension>
        </extensions>
      </trkpt>
      <trkpt lat="31.201110346944922" lon="121.35025084240547">
        <ele>6.199999809265137</ele>
        <time>2026-09-19T10:23:54Z</time>
        <extensions>
          <gpxtpx:TrackPointExtension>
            <gpxtpx:hr>145</gpxtpx:hr>
          </gpxtpx:TrackPointExtension>
        </extensions>
      </trkpt>
      <trkpt lat="31.20099335512611" lon="121.35028079465518">
        <ele>6.199999809265137</ele>
        <time>2026-09-19T10:23:58Z</time>
        <extensions>
          <gpxtpx:TrackPointExtension>
            <gpxtpx:hr>145</gpxtpx:hr>
          </gpxtpx:TrackPointExtension>
        </extensions>
      </trkpt>
      <trkpt lat="31.200872411053613" lon="121.35028280126542">
        <ele>6.199999809265137</ele>
        <time>2026-09-19T10:24:02Z</time>
        <extensions>
          <gpxtpx:TrackPointExtension>
            <gpxtpx:hr>145</gpxtpx:hr>
          </gpxtpx:TrackPointExtension>
        </extensions>
      </trkpt>
      <trkpt lat="31.200786484194797" lon="121.35026384535367">
        <ele>6.199999809265137</ele>
        <time>2026-09-19T10:24:06Z</time>
        <extensions>
          <gpxtpx:TrackPointExtension>
            <gpxtpx:hr>145</gpxtpx:hr>
          </gpxtpx:TrackPointExtension>
        </extensions>
      </trkpt>
      <trkpt lat="31.2006725775951" lon="121.3502408995915">
        <ele>6.0</ele>
        <time>2026-09-19T10:24:10Z</time>
        <extensions>
          <gpxtpx:TrackPointExtension>
            <gpxtpx:hr>145</gpxtpx:hr>
          </gpxtpx:TrackPointExtension>
        </extensions>
      </trkpt>
      <trkpt lat="31.20056568558631" lon="121.35020697447098">
        <ele>6.0</ele>
        <time>2026-09-19T10:24:14Z</time>
        <extensions>
          <gpxtpx:TrackPointExtension>
            <gpxtpx:hr>145</gpxtpx:hr>
          </gpxtpx:TrackPointExtension>
        </extensions>
      </trkpt>
      <trkpt lat="31.200436729110738" lon="121.35021896246583">
        <ele>5.800000190734863</ele>
        <time>2026-09-19T10:24:18Z</time>
        <extensions>
          <gpxtpx:TrackPointExtension>
            <gpxtpx:hr>145</gpxtpx:hr>
          </gpxtpx:TrackPointExtension>
        </extensions>
      </trkpt>
      <trkpt lat="31.20033170366402" lon="121.35026588085633">
        <ele>5.800000190734863</ele>
        <time>2026-09-19T10:24:22Z</time>
        <extensions>
          <gpxtpx:TrackPointExtension>
            <gpxtpx:hr>145</gpxtpx:hr>
          </gpxtpx:TrackPointExtension>
        </extensions>
      </trkpt>
      <trkpt lat="31.200265683681273" lon="121.35029782484906">
        <ele>6.0</ele>
        <time>2026-09-19T10:24:26Z</time>
        <extensions>
          <gpxtpx:TrackPointExtension>
            <gpxtpx:hr>145</gpxtpx:hr>
          </gpxtpx:TrackPointExtension>
        </extensions>
      </trkpt>
      <trkpt lat="31.200170650160846" lon="121.3503467386131">
        <ele>6.0</ele>
        <time>2026-09-19T10:24:30Z</time>
        <extensions>
          <gpxtpx:TrackPointExtension>
            <gpxtpx:hr>145</gpxtpx:hr>
          </gpxtpx:TrackPointExtension>
        </extensions>
      </trkpt>
      <trkpt lat="31.200040684454297" lon="121.35036471517672">
        <ele>6.199999809265137</ele>
        <time>2026-09-19T10:24:34Z</time>
        <extensions>
          <gpxtpx:TrackPointExtension>
            <gpxtpx:hr>144</gpxtpx:hr>
          </gpxtpx:TrackPointExtension>
        </extensions>
      </trkpt>
      <trkpt lat="31.19995766145838" lon="121.35040364723962">
        <ele>6.0</ele>
        <time>2026-09-19T10:24:38Z</time>
        <extensions>
          <gpxtpx:TrackPointExtension>
            <gpxtpx:hr>144</gpxtpx:hr>
          </gpxtpx:TrackPointExtension>
        </extensions>
      </trkpt>
      <trkpt lat="31.1999055678568" lon="121.35047651123627">
        <ele>6.0</ele>
        <time>2026-09-19T10:24:42Z</time>
        <extensions>
          <gpxtpx:TrackPointExtension>
            <gpxtpx:hr>144</gpxtpx:hr>
          </gpxtpx:TrackPointExtension>
        </extensions>
      </trkpt>
      <trkpt lat="31.199800462883633" lon="121.35057233575387">
        <ele>5.800000190734863</ele>
        <time>2026-09-19T10:24:46Z</time>
        <extensions>
          <gpxtpx:TrackPointExtension>
            <gpxtpx:hr>145</gpxtpx:hr>
          </gpxtpx:TrackPointExtension>
        </extensions>
      </trkpt>
      <trkpt lat="31.199724467571606" lon="121.35059230390668">
        <ele>6.0</ele>
        <time>2026-09-19T10:24:50Z</time>
        <extensions>
          <gpxtpx:TrackPointExtension>
            <gpxtpx:hr>144</gpxtpx:hr>
          </gpxtpx:TrackPointExtension>
        </extensions>
      </trkpt>
      <trkpt lat="31.199613518735145" lon="121.35059430966778">
        <ele>6.0</ele>
        <time>2026-09-19T10:24:54Z</time>
        <extensions>
          <gpxtpx:TrackPointExtension>
            <gpxtpx:hr>144</gpxtpx:hr>
          </gpxtpx:TrackPointExtension>
        </extensions>
      </trkpt>
      <trkpt lat="31.199499586033262" lon="121.35058733297625">
        <ele>5.800000190734863</ele>
        <time>2026-09-19T10:24:58Z</time>
        <extensions>
          <gpxtpx:TrackPointExtension>
            <gpxtpx:hr>144</gpxtpx:hr>
          </gpxtpx:TrackPointExtension>
        </extensions>
      </trkpt>
      <trkpt lat="31.19939560447972" lon="121.35060730355896">
        <ele>5.800000190734863</ele>
        <time>2026-09-19T10:25:02Z</time>
        <extensions>
          <gpxtpx:TrackPointExtension>
            <gpxtpx:hr>144</gpxtpx:hr>
          </gpxtpx:TrackPointExtension>
        </extensions>
      </trkpt>
      <trkpt lat="31.199256617332708" lon="121.35064125030271">
        <ele>5.599999904632568</ele>
        <time>2026-09-19T10:25:06Z</time>
        <extensions>
          <gpxtpx:TrackPointExtension>
            <gpxtpx:hr>144</gpxtpx:hr>
          </gpxtpx:TrackPointExtension>
        </extensions>
      </trkpt>
      <trkpt lat="31.19918062045673" lon="121.35066221657138">
        <ele>5.599999904632568</ele>
        <time>2026-09-19T10:25:10Z</time>
        <extensions>
          <gpxtpx:TrackPointExtension>
            <gpxtpx:hr>143</gpxtpx:hr>
          </gpxtpx:TrackPointExtension>
        </extensions>
      </trkpt>
      <trkpt lat="31.199076686131427" lon="121.35065324284122">
        <ele>5.599999904632568</ele>
        <time>2026-09-19T10:25:14Z</time>
        <extensions>
          <gpxtpx:TrackPointExtension>
            <gpxtpx:hr>143</gpxtpx:hr>
          </gpxtpx:TrackPointExtension>
        </extensions>
      </trkpt>
      <trkpt lat="31.198940769150976" lon="121.35064327380091">
        <ele>5.800000190734863</ele>
        <time>2026-09-19T10:25:18Z</time>
        <extensions>
          <gpxtpx:TrackPointExtension>
            <gpxtpx:hr>142</gpxtpx:hr>
          </gpxtpx:TrackPointExtension>
        </extensions>
      </trkpt>
      <trkpt lat="31.19883780507175" lon="121.35065226543651">
        <ele>5.800000190734863</ele>
        <time>2026-09-19T10:25:22Z</time>
        <extensions>
          <gpxtpx:TrackPointExtension>
            <gpxtpx:hr>142</gpxtpx:hr>
          </gpxtpx:TrackPointExtension>
        </extensions>
      </trkpt>
      <trkpt lat="31.198766843184973" lon="121.35065027541741">
        <ele>6.199999809265137</ele>
        <time>2026-09-19T10:25:26Z</time>
        <extensions>
          <gpxtpx:TrackPointExtension>
            <gpxtpx:hr>140</gpxtpx:hr>
          </gpxtpx:TrackPointExtension>
        </extensions>
      </trkpt>
      <trkpt lat="31.198783803930496" lon="121.35066923748325">
        <ele>6.0</ele>
        <time>2026-09-19T10:26:28Z</time>
        <extensions>
          <gpxtpx:TrackPointExtension>
            <gpxtpx:hr>127</gpxtpx:hr>
          </gpxtpx:TrackPointExtension>
        </extensions>
      </trkpt>
      <trkpt lat="31.19882871354164" lon="121.35071115301905">
        <ele>6.199999809265137</ele>
        <time>2026-09-19T10:26:32Z</time>
        <extensions>
          <gpxtpx:TrackPointExtension>
            <gpxtpx:hr>126</gpxtpx:hr>
          </gpxtpx:TrackPointExtension>
        </extensions>
      </trkpt>
      <trkpt lat="31.198963647269967" lon="121.35071114134001">
        <ele>6.0</ele>
        <time>2026-09-19T10:26:36Z</time>
        <extensions>
          <gpxtpx:TrackPointExtension>
            <gpxtpx:hr>121</gpxtpx:hr>
          </gpxtpx:TrackPointExtension>
        </extensions>
      </trkpt>
      <trkpt lat="31.199052645861407" lon="121.35068518351277">
        <ele>5.599999904632568</ele>
        <time>2026-09-19T10:26:40Z</time>
        <extensions>
          <gpxtpx:TrackPointExtension>
            <gpxtpx:hr>116</gpxtpx:hr>
          </gpxtpx:TrackPointExtension>
        </extensions>
      </trkpt>
      <trkpt lat="31.199166602928663" lon="121.35067718899923">
        <ele>5.400000095367432</ele>
        <time>2026-09-19T10:26:44Z</time>
        <extensions>
          <gpxtpx:TrackPointExtension>
            <gpxtpx:hr>118</gpxtpx:hr>
          </gpxtpx:TrackPointExtension>
        </extensions>
      </trkpt>
      <trkpt lat="31.19928554779629" lon="121.35067518254178">
        <ele>5.400000095367432</ele>
        <time>2026-09-19T10:26:48Z</time>
        <extensions>
          <gpxtpx:TrackPointExtension>
            <gpxtpx:hr>120</gpxtpx:hr>
          </gpxtpx:TrackPointExtension>
        </extensions>
      </trkpt>
      <trkpt lat="31.19940852650013" lon="121.35065121795814">
        <ele>5.599999904632568</ele>
        <time>2026-09-19T10:26:52Z</time>
        <extensions>
          <gpxtpx:TrackPointExtension>
            <gpxtpx:hr>123</gpxtpx:hr>
          </gpxtpx:TrackPointExtension>
        </extensions>
      </trkpt>
      <trkpt lat="31.199489491654568" lon="121.35064821670888">
        <ele>5.599999904632568</ele>
        <time>2026-09-19T10:26:56Z</time>
        <extensions>
          <gpxtpx:TrackPointExtension>
            <gpxtpx:hr>126</gpxtpx:hr>
          </gpxtpx:TrackPointExtension>
        </extensions>
      </trkpt>
      <trkpt lat="31.199590460024535" lon="121.3506372290865">
        <ele>5.599999904632568</ele>
        <time>2026-09-19T10:27:00Z</time>
        <extensions>
          <gpxtpx:TrackPointExtension>
            <gpxtpx:hr>128</gpxtpx:hr>
          </gpxtpx:TrackPointExtension>
        </extensions>
      </trkpt>
      <trkpt lat="31.1997214332287" lon="121.35061426191358">
        <ele>5.800000190734863</ele>
        <time>2026-09-19T10:27:04Z</time>
        <extensions>
          <gpxtpx:TrackPointExtension>
            <gpxtpx:hr>129</gpxtpx:hr>
          </gpxtpx:TrackPointExtension>
        </extensions>
      </trkpt>
      <trkpt lat="31.199821478649703" lon="121.35055636468205">
        <ele>5.800000190734863</ele>
        <time>2026-09-19T10:27:08Z</time>
        <extensions>
          <gpxtpx:TrackPointExtension>
            <gpxtpx:hr>132</gpxtpx:hr>
          </gpxtpx:TrackPointExtension>
        </extensions>
      </trkpt>
      <trkpt lat="31.199880627403125" lon="121.35044756919879">
        <ele>5.800000190734863</ele>
        <time>2026-09-19T10:27:12Z</time>
        <extensions>
          <gpxtpx:TrackPointExtension>
            <gpxtpx:hr>136</gpxtpx:hr>
          </gpxtpx:TrackPointExtension>
        </extensions>
      </trkpt>
      <trkpt lat="31.19991673215381" lon="121.35037271049191">
        <ele>5.800000190734863</ele>
        <time>2026-09-19T10:27:16Z</time>
        <extensions>
          <gpxtpx:TrackPointExtension>
            <gpxtpx:hr>137</gpxtpx:hr>
          </gpxtpx:TrackPointExtension>
        </extensions>
      </trkpt>
      <trkpt lat="31.200017739818325" lon="121.35033776919293">
        <ele>5.800000190734863</ele>
        <time>2026-09-19T10:27:20Z</time>
        <extensions>
          <gpxtpx:TrackPointExtension>
            <gpxtpx:hr>139</gpxtpx:hr>
          </gpxtpx:TrackPointExtension>
        </extensions>
      </trkpt>
      <trkpt lat="31.200165711419775" lon="121.35031080843467">
        <ele>5.800000190734863</ele>
        <time>2026-09-19T10:27:24Z</time>
        <extensions>
          <gpxtpx:TrackPointExtension>
            <gpxtpx:hr>140</gpxtpx:hr>
          </gpxtpx:TrackPointExtension>
        </extensions>
      </trkpt>
      <trkpt lat="31.200260746611235" lon="121.3502608966438">
        <ele>5.800000190734863</ele>
        <time>2026-09-19T10:27:28Z</time>
        <extensions>
          <gpxtpx:TrackPointExtension>
            <gpxtpx:hr>141</gpxtpx:hr>
          </gpxtpx:TrackPointExtension>
        </extensions>
      </trkpt>
      <trkpt lat="31.200341759272305" lon="121.35022895138299">
        <ele>5.800000190734863</ele>
        <time>2026-09-19T10:27:32Z</time>
        <extensions>
          <gpxtpx:TrackPointExtension>
            <gpxtpx:hr>142</gpxtpx:hr>
          </gpxtpx:TrackPointExtension>
        </extensions>
      </trkpt>
      <trkpt lat="31.200471779061925" lon="121.35017803859792">
        <ele>5.599999904632568</ele>
        <time>2026-09-19T10:27:36Z</time>
        <extensions>
          <gpxtpx:TrackPointExtension>
            <gpxtpx:hr>142</gpxtpx:hr>
          </gpxtpx:TrackPointExtension>
        </extensions>
      </trkpt>
      <trkpt lat="31.200558718466496" lon="121.35018900982986">
        <ele>5.599999904632568</ele>
        <time>2026-09-19T10:27:40Z</time>
        <extensions>
          <gpxtpx:TrackPointExtension>
            <gpxtpx:hr>143</gpxtpx:hr>
          </gpxtpx:TrackPointExtension>
        </extensions>
      </trkpt>
      <trkpt lat="31.200693573858814" lon="121.35023690549374">
        <ele>5.400000095367432</ele>
        <time>2026-09-19T10:27:44Z</time>
        <extensions>
          <gpxtpx:TrackPointExtension>
            <gpxtpx:hr>144</gpxtpx:hr>
          </gpxtpx:TrackPointExtension>
        </extensions>
      </trkpt>
      <trkpt lat="31.200797488622037" lon="121.35025785597716">
        <ele>5.599999904632568</ele>
        <time>2026-09-19T10:27:48Z</time>
        <extensions>
          <gpxtpx:TrackPointExtension>
            <gpxtpx:hr>144</gpxtpx:hr>
          </gpxtpx:TrackPointExtension>
        </extensions>
      </trkpt>
      <trkpt lat="31.200913412244805" lon="121.35026982279292">
        <ele>5.599999904632568</ele>
        <time>2026-09-19T10:27:52Z</time>
        <extensions>
          <gpxtpx:TrackPointExtension>
            <gpxtpx:hr>145</gpxtpx:hr>
          </gpxtpx:TrackPointExtension>
        </extensions>
      </trkpt>
      <trkpt lat="31.2009943938731" lon="121.35025684086432">
        <ele>5.800000190734863</ele>
        <time>2026-09-19T10:27:56Z</time>
        <extensions>
          <gpxtpx:TrackPointExtension>
            <gpxtpx:hr>146</gpxtpx:hr>
          </gpxtpx:TrackPointExtension>
        </extensions>
      </trkpt>
      <trkpt lat="31.20109139712436" lon="121.35022589229278">
        <ele>5.599999904632568</ele>
        <time>2026-09-19T10:28:00Z</time>
        <extensions>
          <gpxtpx:TrackPointExtension>
            <gpxtpx:hr>146</gpxtpx:hr>
          </gpxtpx:TrackPointExtension>
        </extensions>
      </trkpt>
      <trkpt lat="31.20118841349475" lon="121.35018695919268">
        <ele>5.599999904632568</ele>
        <time>2026-09-19T10:28:04Z</time>
        <extensions>
          <gpxtpx:TrackPointExtension>
            <gpxtpx:hr>147</gpxtpx:hr>
          </gpxtpx:TrackPointExtension>
        </extensions>
      </trkpt>
      <trkpt lat="31.201288461188103" lon="121.35012806451579">
        <ele>5.800000190734863</ele>
        <time>2026-09-19T10:28:08Z</time>
        <extensions>
          <gpxtpx:TrackPointExtension>
            <gpxtpx:hr>147</gpxtpx:hr>
          </gpxtpx:TrackPointExtension>
        </extensions>
      </trkpt>
      <trkpt lat="31.20138650993886" lon="121.35006917009837">
        <ele>5.800000190734863</ele>
        <time>2026-09-19T10:28:12Z</time>
        <extensions>
          <gpxtpx:TrackPointExtension>
            <gpxtpx:hr>147</gpxtpx:hr>
          </gpxtpx:TrackPointExtension>
        </extensions>
      </trkpt>
      <trkpt lat="31.20148057056526" lon="121.35000428772612">
        <ele>5.800000190734863</ele>
        <time>2026-09-19T10:28:16Z</time>
        <extensions>
          <gpxtpx:TrackPointExtension>
            <gpxtpx:hr>147</gpxtpx:hr>
          </gpxtpx:TrackPointExtension>
        </extensions>
      </trkpt>
      <trkpt lat="31.201614500155834" lon="121.35000727032791">
        <ele>5.599999904632568</ele>
        <time>2026-09-19T10:28:20Z</time>
        <extensions>
          <gpxtpx:TrackPointExtension>
            <gpxtpx:hr>147</gpxtpx:hr>
          </gpxtpx:TrackPointExtension>
        </extensions>
      </trkpt>
      <trkpt lat="31.2016923997288" lon="121.35004519004963">
        <ele>5.400000095367432</ele>
        <time>2026-09-19T10:28:24Z</time>
        <extensions>
          <gpxtpx:TrackPointExtension>
            <gpxtpx:hr>147</gpxtpx:hr>
          </gpxtpx:TrackPointExtension>
        </extensions>
      </trkpt>
      <trkpt lat="31.20181925409809" lon="121.35009608043308">
        <ele>5.199999809265137</ele>
        <time>2026-09-19T10:28:28Z</time>
        <extensions>
          <gpxtpx:TrackPointExtension>
            <gpxtpx:hr>146</gpxtpx:hr>
          </gpxtpx:TrackPointExtension>
        </extensions>
      </trkpt>
      <trkpt lat="31.20192413401584" lon="121.35013799017308">
        <ele>5.199999809265137</ele>
        <time>2026-09-19T10:28:32Z</time>
        <extensions>
          <gpxtpx:TrackPointExtension>
            <gpxtpx:hr>145</gpxtpx:hr>
          </gpxtpx:TrackPointExtension>
        </extensions>
      </trkpt>
      <trkpt lat="31.202026015443895" lon="121.35017990021608">
        <ele>5.199999809265137</ele>
        <time>2026-09-19T10:28:36Z</time>
        <extensions>
          <gpxtpx:TrackPointExtension>
            <gpxtpx:hr>145</gpxtpx:hr>
          </gpxtpx:TrackPointExtension>
        </extensions>
      </trkpt>
      <trkpt lat="31.202090924797538" lon="121.35021582508507">
        <ele>5.0</ele>
        <time>2026-09-19T10:28:40Z</time>
        <extensions>
          <gpxtpx:TrackPointExtension>
            <gpxtpx:hr>146</gpxtpx:hr>
          </gpxtpx:TrackPointExtension>
        </extensions>
      </trkpt>
      <trkpt lat="31.20221073049937" lon="121.35029865457203">
        <ele>5.199999809265137</ele>
        <time>2026-09-19T10:28:44Z</time>
        <extensions>
          <gpxtpx:TrackPointExtension>
            <gpxtpx:hr>147</gpxtpx:hr>
          </gpxtpx:TrackPointExtension>
        </extensions>
      </trkpt>
      <trkpt lat="31.202284691108453" lon="121.35030064431356">
        <ele>5.400000095367432</ele>
        <time>2026-09-19T10:28:48Z</time>
        <extensions>
          <gpxtpx:TrackPointExtension>
            <gpxtpx:hr>146</gpxtpx:hr>
          </gpxtpx:TrackPointExtension>
        </extensions>
      </trkpt>
      <trkpt lat="31.2023937752532" lon="121.35021679694172">
        <ele>5.400000095367432</ele>
        <time>2026-09-19T10:28:52Z</time>
        <extensions>
          <gpxtpx:TrackPointExtension>
            <gpxtpx:hr>146</gpxtpx:hr>
          </gpxtpx:TrackPointExtension>
        </extensions>
      </trkpt>
      <trkpt lat="31.202454832217732" lon="121.35016389400573">
        <ele>5.400000095367432</ele>
        <time>2026-09-19T10:28:56Z</time>
        <extensions>
          <gpxtpx:TrackPointExtension>
            <gpxtpx:hr>146</gpxtpx:hr>
          </gpxtpx:TrackPointExtension>
        </extensions>
      </trkpt>
      <trkpt lat="31.20254589754113" lon="121.35009701560783">
        <ele>5.400000095367432</ele>
        <time>2026-09-19T10:29:00Z</time>
        <extensions>
          <gpxtpx:TrackPointExtension>
            <gpxtpx:hr>146</gpxtpx:hr>
          </gpxtpx:TrackPointExtension>
        </extensions>
      </trkpt>
      <trkpt lat="31.20265390876562" lon="121.3500580816818">
        <ele>5.400000095367432</ele>
        <time>2026-09-19T10:29:04Z</time>
        <extensions>
          <gpxtpx:TrackPointExtension>
            <gpxtpx:hr>146</gpxtpx:hr>
          </gpxtpx:TrackPointExtension>
        </extensions>
      </trkpt>
      <trkpt lat="31.202766907752867" lon="121.35002513575006">
        <ele>5.199999809265137</ele>
        <time>2026-09-19T10:29:08Z</time>
        <extensions>
          <gpxtpx:TrackPointExtension>
            <gpxtpx:hr>146</gpxtpx:hr>
          </gpxtpx:TrackPointExtension>
        </extensions>
      </trkpt>
      <trkpt lat="31.202901907529768" lon="121.34998520149395">
        <ele>5.199999809265137</ele>
        <time>2026-09-19T10:29:12Z</time>
        <extensions>
          <gpxtpx:TrackPointExtension>
            <gpxtpx:hr>146</gpxtpx:hr>
          </gpxtpx:TrackPointExtension>
        </extensions>
      </trkpt>
      <trkpt lat="31.203013900511795" lon="121.34995624796109">
        <ele>5.199999809265137</ele>
        <time>2026-09-19T10:29:16Z</time>
        <extensions>
          <gpxtpx:TrackPointExtension>
            <gpxtpx:hr>147</gpxtpx:hr>
          </gpxtpx:TrackPointExtension>
        </extensions>
      </trkpt>
      <trkpt lat="31.20309189695977" lon="121.3499352818912">
        <ele>5.400000095367432</ele>
        <time>2026-09-19T10:29:20Z</time>
        <extensions>
          <gpxtpx:TrackPointExtension>
            <gpxtpx:hr>148</gpxtpx:hr>
          </gpxtpx:TrackPointExtension>
        </extensions>
      </trkpt>
      <trkpt lat="31.203195895530143" lon="121.34990533102429">
        <ele>5.199999809265137</ele>
        <time>2026-09-19T10:29:24Z</time>
        <extensions>
          <gpxtpx:TrackPointExtension>
            <gpxtpx:hr>149</gpxtpx:hr>
          </gpxtpx:TrackPointExtension>
        </extensions>
      </trkpt>
      <trkpt lat="31.203322871420962" lon="121.34988236461912">
        <ele>5.199999809265137</ele>
        <time>2026-09-19T10:29:28Z</time>
        <extensions>
          <gpxtpx:TrackPointExtension>
            <gpxtpx:hr>149</gpxtpx:hr>
          </gpxtpx:TrackPointExtension>
        </extensions>
      </trkpt>
      <trkpt lat="31.203432842472285" lon="121.34986738418507">
        <ele>5.400000095367432</ele>
        <time>2026-09-19T10:29:32Z</time>
        <extensions>
          <gpxtpx:TrackPointExtension>
            <gpxtpx:hr>149</gpxtpx:hr>
          </gpxtpx:TrackPointExtension>
        </extensions>
      </trkpt>
      <trkpt lat="31.20351386546665" lon="121.34982945087668">
        <ele>5.599999904632568</ele>
        <time>2026-09-19T10:29:36Z</time>
        <extensions>
          <gpxtpx:TrackPointExtension>
            <gpxtpx:hr>149</gpxtpx:hr>
          </gpxtpx:TrackPointExtension>
        </extensions>
      </trkpt>
      <trkpt lat="31.20360491652202" lon="121.34977155556045">
        <ele>6.199999809265137</ele>
        <time>2026-09-19T10:29:40Z</time>
        <extensions>
          <gpxtpx:TrackPointExtension>
            <gpxtpx:hr>148</gpxtpx:hr>
          </gpxtpx:TrackPointExtension>
        </extensions>
      </trkpt>
      <trkpt lat="31.203707910786818" lon="121.34974459907515">
        <ele>6.599999904632568</ele>
        <time>2026-09-19T10:29:44Z</time>
        <extensions>
          <gpxtpx:TrackPointExtension>
            <gpxtpx:hr>148</gpxtpx:hr>
          </gpxtpx:TrackPointExtension>
        </extensions>
      </trkpt>
      <trkpt lat="31.203820873871514" lon="121.34973361066335">
        <ele>6.800000190734863</ele>
        <time>2026-09-19T10:29:48Z</time>
        <extensions>
          <gpxtpx:TrackPointExtension>
            <gpxtpx:hr>149</gpxtpx:hr>
          </gpxtpx:TrackPointExtension>
        </extensions>
      </trkpt>
      <trkpt lat="31.203945857467286" lon="121.34970665230011">
        <ele>7.199999809265137</ele>
        <time>2026-09-19T10:29:52Z</time>
        <extensions>
          <gpxtpx:TrackPointExtension>
            <gpxtpx:hr>150</gpxtpx:hr>
          </gpxtpx:TrackPointExtension>
        </extensions>
      </trkpt>
      <trkpt lat="31.20402483548245" lon="121.34969666489661">
        <ele>7.0</ele>
        <time>2026-09-19T10:29:56Z</time>
        <extensions>
          <gpxtpx:TrackPointExtension>
            <gpxtpx:hr>152</gpxtpx:hr>
          </gpxtpx:TrackPointExtension>
        </extensions>
      </trkpt>
      <trkpt lat="31.20413079378011" lon="121.34969066738641">
        <ele>6.599999904632568</ele>
        <time>2026-09-19T10:30:00Z</time>
        <extensions>
          <gpxtpx:TrackPointExtension>
            <gpxtpx:hr>153</gpxtpx:hr>
          </gpxtpx:TrackPointExtension>
        </extensions>
      </trkpt>
      <trkpt lat="31.204246773574138" lon="121.34966870011064">
        <ele>6.199999809265137</ele>
        <time>2026-09-19T10:30:04Z</time>
        <extensions>
          <gpxtpx:TrackPointExtension>
            <gpxtpx:hr>152</gpxtpx:hr>
          </gpxtpx:TrackPointExtension>
        </extensions>
      </trkpt>
      <trkpt lat="31.204349749827276" lon="121.34965272230538">
        <ele>6.0</ele>
        <time>2026-09-19T10:30:08Z</time>
        <extensions>
          <gpxtpx:TrackPointExtension>
            <gpxtpx:hr>152</gpxtpx:hr>
          </gpxtpx:TrackPointExtension>
        </extensions>
      </trkpt>
      <trkpt lat="31.204486721095154" lon="121.34962975517827">
        <ele>6.0</ele>
        <time>2026-09-19T10:30:12Z</time>
        <extensions>
          <gpxtpx:TrackPointExtension>
            <gpxtpx:hr>151</gpxtpx:hr>
          </gpxtpx:TrackPointExtension>
        </extensions>
      </trkpt>
      <trkpt lat="31.20457770816064" lon="121.3496107842621">
        <ele>6.0</ele>
        <time>2026-09-19T10:30:16Z</time>
        <extensions>
          <gpxtpx:TrackPointExtension>
            <gpxtpx:hr>151</gpxtpx:hr>
          </gpxtpx:TrackPointExtension>
        </extensions>
      </trkpt>
      <trkpt lat="31.204723640480147" lon="121.34960877552278">
        <ele>5.800000190734863</ele>
        <time>2026-09-19T10:30:20Z</time>
        <extensions>
          <gpxtpx:TrackPointExtension>
            <gpxtpx:hr>150</gpxtpx:hr>
          </gpxtpx:TrackPointExtension>
        </extensions>
      </trkpt>
      <trkpt lat="31.204814609437193" lon="121.3496007832141">
        <ele>5.800000190734863</ele>
        <time>2026-09-19T10:30:24Z</time>
        <extensions>
          <gpxtpx:TrackPointExtension>
            <gpxtpx:hr>150</gpxtpx:hr>
          </gpxtpx:TrackPointExtension>
        </extensions>
      </trkpt>
      <trkpt lat="31.204920638724726" lon="121.34955186940452">
        <ele>5.599999904632568</ele>
        <time>2026-09-19T10:30:28Z</time>
        <extensions>
          <gpxtpx:TrackPointExtension>
            <gpxtpx:hr>149</gpxtpx:hr>
          </gpxtpx:TrackPointExtension>
        </extensions>
      </trkpt>
      <trkpt lat="31.204994733139447" lon="121.3494730168698">
        <ele>5.599999904632568</ele>
        <time>2026-09-19T10:30:32Z</time>
        <extensions>
          <gpxtpx:TrackPointExtension>
            <gpxtpx:hr>149</gpxtpx:hr>
          </gpxtpx:TrackPointExtension>
        </extensions>
      </trkpt>
      <trkpt lat="31.205066828655454" lon="121.34939416465943">
        <ele>5.800000190734863</ele>
        <time>2026-09-19T10:30:36Z</time>
        <extensions>
          <gpxtpx:TrackPointExtension>
            <gpxtpx:hr>149</gpxtpx:hr>
          </gpxtpx:TrackPointExtension>
        </extensions>
      </trkpt>
      <trkpt lat="31.205127974314642" lon="121.34928836627661">
        <ele>5.599999904632568</ele>
        <time>2026-09-19T10:30:40Z</time>
        <extensions>
          <gpxtpx:TrackPointExtension>
            <gpxtpx:hr>149</gpxtpx:hr>
          </gpxtpx:TrackPointExtension>
        </extensions>
      </trkpt>
      <trkpt lat="31.205180149427033" lon="121.3491675982803">
        <ele>5.800000190734863</ele>
        <time>2026-09-19T10:30:44Z</time>
        <extensions>
          <gpxtpx:TrackPointExtension>
            <gpxtpx:hr>149</gpxtpx:hr>
          </gpxtpx:TrackPointExtension>
        </extensions>
      </trkpt>
      <trkpt lat="31.205281224717474" lon="121.34909273631226">
        <ele>5.599999904632568</ele>
        <time>2026-09-19T10:30:48Z</time>
        <extensions>
          <gpxtpx:TrackPointExtension>
            <gpxtpx:hr>148</gpxtpx:hr>
          </gpxtpx:TrackPointExtension>
        </extensions>
      </trkpt>
      <trkpt lat="31.205390188377457" lon="121.34908274646332">
        <ele>5.599999904632568</ele>
        <time>2026-09-19T10:30:52Z</time>
        <extensions>
          <gpxtpx:TrackPointExtension>
            <gpxtpx:hr>150</gpxtpx:hr>
          </gpxtpx:TrackPointExtension>
        </extensions>
      </trkpt>
      <trkpt lat="31.20550214561605" lon="121.34907575048254">
        <ele>5.599999904632568</ele>
        <time>2026-09-19T10:30:56Z</time>
        <extensions>
          <gpxtpx:TrackPointExtension>
            <gpxtpx:hr>151</gpxtpx:hr>
          </gpxtpx:TrackPointExtension>
        </extensions>
      </trkpt>
      <trkpt lat="31.20560614325408" lon="121.34904679828522">
        <ele>5.599999904632568</ele>
        <time>2026-09-19T10:31:00Z</time>
        <extensions>
          <gpxtpx:TrackPointExtension>
            <gpxtpx:hr>150</gpxtpx:hr>
          </gpxtpx:TrackPointExtension>
        </extensions>
      </trkpt>
      <trkpt lat="31.20571114541295" lon="121.34901485190046">
        <ele>5.599999904632568</ele>
        <time>2026-09-19T10:31:04Z</time>
        <extensions>
          <gpxtpx:TrackPointExtension>
            <gpxtpx:hr>149</gpxtpx:hr>
          </gpxtpx:TrackPointExtension>
        </extensions>
      </trkpt>
      <trkpt lat="31.205811166636167" lon="121.34897292557831">
        <ele>5.599999904632568</ele>
        <time>2026-09-19T10:31:08Z</time>
        <extensions>
          <gpxtpx:TrackPointExtension>
            <gpxtpx:hr>149</gpxtpx:hr>
          </gpxtpx:TrackPointExtension>
        </extensions>
      </trkpt>
      <trkpt lat="31.20591717003628" lon="121.34893998112516">
        <ele>5.599999904632568</ele>
        <time>2026-09-19T10:31:12Z</time>
        <extensions>
          <gpxtpx:TrackPointExtension>
            <gpxtpx:hr>149</gpxtpx:hr>
          </gpxtpx:TrackPointExtension>
        </extensions>
      </trkpt>
      <trkpt lat="31.20603314867109" lon="121.34891901228768">
        <ele>5.599999904632568</ele>
        <time>2026-09-19T10:31:16Z</time>
        <extensions>
          <gpxtpx:TrackPointExtension>
            <gpxtpx:hr>149</gpxtpx:hr>
          </gpxtpx:TrackPointExtension>
        </extensions>
      </trkpt>
      <trkpt lat="31.206170035705444" lon="121.34894694551184">
        <ele>5.599999904632568</ele>
        <time>2026-09-19T10:31:20Z</time>
        <extensions>
          <gpxtpx:TrackPointExtension>
            <gpxtpx:hr>148</gpxtpx:hr>
          </gpxtpx:TrackPointExtension>
        </extensions>
      </trkpt>
      <trkpt lat="31.2062589609898" lon="121.34896590055304">
        <ele>6.0</ele>
        <time>2026-09-19T10:31:24Z</time>
        <extensions>
          <gpxtpx:TrackPointExtension>
            <gpxtpx:hr>149</gpxtpx:hr>
          </gpxtpx:TrackPointExtension>
        </extensions>
      </trkpt>
      <trkpt lat="31.206392924276603" lon="121.34894892230037">
        <ele>6.400000095367432</ele>
        <time>2026-09-19T10:31:28Z</time>
        <extensions>
          <gpxtpx:TrackPointExtension>
            <gpxtpx:hr>149</gpxtpx:hr>
          </gpxtpx:TrackPointExtension>
        </extensions>
      </trkpt>
      <trkpt lat="31.206464927600557" lon="121.3489259611879">
        <ele>6.599999904632568</ele>
        <time>2026-09-19T10:31:32Z</time>
        <extensions>
          <gpxtpx:TrackPointExtension>
            <gpxtpx:hr>149</gpxtpx:hr>
          </gpxtpx:TrackPointExtension>
        </extensions>
      </trkpt>
      <trkpt lat="31.206603916762663" lon="121.34889201588012">
        <ele>6.800000190734863</ele>
        <time>2026-09-19T10:31:36Z</time>
        <extensions>
          <gpxtpx:TrackPointExtension>
            <gpxtpx:hr>150</gpxtpx:hr>
          </gpxtpx:TrackPointExtension>
        </extensions>
      </trkpt>
      <trkpt lat="31.20668491077607" lon="121.34887204813106">
        <ele>6.599999904632568</ele>
        <time>2026-09-19T10:31:40Z</time>
        <extensions>
          <gpxtpx:TrackPointExtension>
            <gpxtpx:hr>150</gpxtpx:hr>
          </gpxtpx:TrackPointExtension>
        </extensions>
      </trkpt>
      <trkpt lat="31.206819896946318" lon="121.34884109732141">
        <ele>6.199999809265137</ele>
        <time>2026-09-19T10:31:44Z</time>
        <extensions>
          <gpxtpx:TrackPointExtension>
            <gpxtpx:hr>150</gpxtpx:hr>
          </gpxtpx:TrackPointExtension>
        </extensions>
      </trkpt>
      <trkpt lat="31.206916810049844" lon="121.34886504180596">
        <ele>5.800000190734863</ele>
        <time>2026-09-19T10:31:48Z</time>
        <extensions>
          <gpxtpx:TrackPointExtension>
            <gpxtpx:hr>151</gpxtpx:hr>
          </gpxtpx:TrackPointExtension>
        </extensions>
      </trkpt>
      <trkpt lat="31.20702774466234" lon="121.3488720184624">
        <ele>5.599999904632568</ele>
        <time>2026-09-19T10:31:52Z</time>
        <extensions>
          <gpxtpx:TrackPointExtension>
            <gpxtpx:hr>151</gpxtpx:hr>
          </gpxtpx:TrackPointExtension>
        </extensions>
      </trkpt>
      <trkpt lat="31.20712775446795" lon="121.34883707853582">
        <ele>5.599999904632568</ele>
        <time>2026-09-19T10:31:56Z</time>
        <extensions>
          <gpxtpx:TrackPointExtension>
            <gpxtpx:hr>151</gpxtpx:hr>
          </gpxtpx:TrackPointExtension>
        </extensions>
      </trkpt>
      <trkpt lat="31.207261807780647" lon="121.34876620644438">
        <ele>5.599999904632568</ele>
        <time>2026-09-19T10:32:00Z</time>
        <extensions>
          <gpxtpx:TrackPointExtension>
            <gpxtpx:hr>151</gpxtpx:hr>
          </gpxtpx:TrackPointExtension>
        </extensions>
      </trkpt>
      <trkpt lat="31.207328850305178" lon="121.34872128912585">
        <ele>5.599999904632568</ele>
        <time>2026-09-19T10:32:04Z</time>
        <extensions>
          <gpxtpx:TrackPointExtension>
            <gpxtpx:hr>151</gpxtpx:hr>
          </gpxtpx:TrackPointExtension>
        </extensions>
      </trkpt>
      <trkpt lat="31.20744990342144" lon="121.34865441048049">
        <ele>5.599999904632568</ele>
        <time>2026-09-19T10:32:08Z</time>
        <extensions>
          <gpxtpx:TrackPointExtension>
            <gpxtpx:hr>150</gpxtpx:hr>
          </gpxtpx:TrackPointExtension>
        </extensions>
      </trkpt>
      <trkpt lat="31.207522909793767" lon="121.34862945338027">
        <ele>5.599999904632568</ele>
        <time>2026-09-19T10:32:12Z</time>
        <extensions>
          <gpxtpx:TrackPointExtension>
            <gpxtpx:hr>150</gpxtpx:hr>
          </gpxtpx:TrackPointExtension>
        </extensions>
      </trkpt>
      <trkpt lat="31.207650882909213" lon="121.34860848366006">
        <ele>5.599999904632568</ele>
        <time>2026-09-19T10:32:16Z</time>
        <extensions>
          <gpxtpx:TrackPointExtension>
            <gpxtpx:hr>150</gpxtpx:hr>
          </gpxtpx:TrackPointExtension>
        </extensions>
      </trkpt>
      <trkpt lat="31.207741838902596" lon="121.34860847578905">
        <ele>5.599999904632568</ele>
        <time>2026-09-19T10:32:20Z</time>
        <extensions>
          <gpxtpx:TrackPointExtension>
            <gpxtpx:hr>150</gpxtpx:hr>
          </gpxtpx:TrackPointExtension>
        </extensions>
      </trkpt>
      <trkpt lat="31.207880793384657" lon="121.34859548936981">
        <ele>5.599999904632568</ele>
        <time>2026-09-19T10:32:24Z</time>
        <extensions>
          <gpxtpx:TrackPointExtension>
            <gpxtpx:hr>150</gpxtpx:hr>
          </gpxtpx:TrackPointExtension>
        </extensions>
      </trkpt>
      <trkpt lat="31.207964732759876" lon="121.34860745847003">
        <ele>5.599999904632568</ele>
        <time>2026-09-19T10:32:28Z</time>
        <extensions>
          <gpxtpx:TrackPointExtension>
            <gpxtpx:hr>149</gpxtpx:hr>
          </gpxtpx:TrackPointExtension>
        </extensions>
      </trkpt>
      <trkpt lat="31.20809367208128" lon="121.34860644928149">
        <ele>5.400000095367432</ele>
        <time>2026-09-19T10:32:32Z</time>
        <extensions>
          <gpxtpx:TrackPointExtension>
            <gpxtpx:hr>149</gpxtpx:hr>
          </gpxtpx:TrackPointExtension>
        </extensions>
      </trkpt>
      <trkpt lat="31.208193667139366" lon="121.34858049184437">
        <ele>5.400000095367432</ele>
        <time>2026-09-19T10:32:36Z</time>
        <extensions>
          <gpxtpx:TrackPointExtension>
            <gpxtpx:hr>149</gpxtpx:hr>
          </gpxtpx:TrackPointExtension>
        </extensions>
      </trkpt>
      <trkpt lat="31.20826967715171" lon="121.34855254044037">
        <ele>5.199999809265137</ele>
        <time>2026-09-19T10:32:40Z</time>
        <extensions>
          <gpxtpx:TrackPointExtension>
            <gpxtpx:hr>149</gpxtpx:hr>
          </gpxtpx:TrackPointExtension>
        </extensions>
      </trkpt>
      <trkpt lat="31.208367729999978" lon="121.34849265024647">
        <ele>5.199999809265137</ele>
        <time>2026-09-19T10:32:44Z</time>
        <extensions>
          <gpxtpx:TrackPointExtension>
            <gpxtpx:hr>149</gpxtpx:hr>
          </gpxtpx:TrackPointExtension>
        </extensions>
      </trkpt>
      <trkpt lat="31.20847579982836" lon="121.34841978492929">
        <ele>5.199999809265137</ele>
        <time>2026-09-19T10:32:48Z</time>
        <extensions>
          <gpxtpx:TrackPointExtension>
            <gpxtpx:hr>149</gpxtpx:hr>
          </gpxtpx:TrackPointExtension>
        </extensions>
      </trkpt>
      <trkpt lat="31.208503801353586" lon="121.34841080027252">
        <ele>5.199999809265137</ele>
        <time>2026-09-19T10:32:52Z</time>
        <extensions>
          <gpxtpx:TrackPointExtension>
            <gpxtpx:hr>150</gpxtpx:hr>
          </gpxtpx:TrackPointExtension>
        </extensions>
      </trkpt>
      <trkpt lat="31.20845377869236" lon="121.34843874933442">
        <ele>5.199999809265137</ele>
        <time>2026-09-19T10:32:56Z</time>
        <extensions>
          <gpxtpx:TrackPointExtension>
            <gpxtpx:hr>149</gpxtpx:hr>
          </gpxtpx:TrackPointExtension>
        </extensions>
      </trkpt>
      <trkpt lat="31.20834071631814" lon="121.34850862103154">
        <ele>5.199999809265137</ele>
        <time>2026-09-19T10:33:00Z</time>
        <extensions>
          <gpxtpx:TrackPointExtension>
            <gpxtpx:hr>148</gpxtpx:hr>
          </gpxtpx:TrackPointExtension>
        </extensions>
      </trkpt>
      <trkpt lat="31.208282687564658" lon="121.34854255902383">
        <ele>5.400000095367432</ele>
        <time>2026-09-19T10:33:04Z</time>
        <extensions>
          <gpxtpx:TrackPointExtension>
            <gpxtpx:hr>147</gpxtpx:hr>
          </gpxtpx:TrackPointExtension>
        </extensions>
      </trkpt>
      <trkpt lat="31.20815368479814" lon="121.34858149333418">
        <ele>5.400000095367432</ele>
        <time>2026-09-19T10:33:08Z</time>
        <extensions>
          <gpxtpx:TrackPointExtension>
            <gpxtpx:hr>147</gpxtpx:hr>
          </gpxtpx:TrackPointExtension>
        </extensions>
      </trkpt>
      <trkpt lat="31.208083695265017" lon="121.3485954718113">
        <ele>5.599999904632568</ele>
        <time>2026-09-19T10:33:12Z</time>
        <extensions>
          <gpxtpx:TrackPointExtension>
            <gpxtpx:hr>146</gpxtpx:hr>
          </gpxtpx:TrackPointExtension>
        </extensions>
      </trkpt>
      <trkpt lat="31.207984739775373" lon="121.34859747643507">
        <ele>5.599999904632568</ele>
        <time>2026-09-19T10:33:16Z</time>
        <extensions>
          <gpxtpx:TrackPointExtension>
            <gpxtpx:hr>148</gpxtpx:hr>
          </gpxtpx:TrackPointExtension>
        </extensions>
      </trkpt>
      <trkpt lat="31.2078817862278" lon="121.34859948140488">
        <ele>5.800000190734863</ele>
        <time>2026-09-19T10:33:20Z</time>
        <extensions>
          <gpxtpx:TrackPointExtension>
            <gpxtpx:hr>147</gpxtpx:hr>
          </gpxtpx:TrackPointExtension>
        </extensions>
      </trkpt>
      <trkpt lat="31.207779850557962" lon="121.34859050795433">
        <ele>5.599999904632568</ele>
        <time>2026-09-19T10:33:24Z</time>
        <extensions>
          <gpxtpx:TrackPointExtension>
            <gpxtpx:hr>147</gpxtpx:hr>
          </gpxtpx:TrackPointExtension>
        </extensions>
      </trkpt>
      <trkpt lat="31.20767987722532" lon="121.34860349099874">
        <ele>5.599999904632568</ele>
        <time>2026-09-19T10:33:28Z</time>
        <extensions>
          <gpxtpx:TrackPointExtension>
            <gpxtpx:hr>147</gpxtpx:hr>
          </gpxtpx:TrackPointExtension>
        </extensions>
      </trkpt>
      <trkpt lat="31.20754991341152" lon="121.3486194707346">
        <ele>5.400000095367432</ele>
        <time>2026-09-19T10:33:32Z</time>
        <extensions>
          <gpxtpx:TrackPointExtension>
            <gpxtpx:hr>148</gpxtpx:hr>
          </gpxtpx:TrackPointExtension>
        </extensions>
      </trkpt>
      <trkpt lat="31.207481906281267" lon="121.34864342936496">
        <ele>5.199999809265137</ele>
        <time>2026-09-19T10:33:36Z</time>
        <extensions>
          <gpxtpx:TrackPointExtension>
            <gpxtpx:hr>148</gpxtpx:hr>
          </gpxtpx:TrackPointExtension>
        </extensions>
      </trkpt>
      <trkpt lat="31.20738088179688" lon="121.34868735150887">
        <ele>5.199999809265137</ele>
        <time>2026-09-19T10:33:40Z</time>
        <extensions>
          <gpxtpx:TrackPointExtension>
            <gpxtpx:hr>147</gpxtpx:hr>
          </gpxtpx:TrackPointExtension>
        </extensions>
      </trkpt>
      <trkpt lat="31.20729580298258" lon="121.34875921726339">
        <ele>5.400000095367432</ele>
        <time>2026-09-19T10:33:44Z</time>
        <extensions>
          <gpxtpx:TrackPointExtension>
            <gpxtpx:hr>146</gpxtpx:hr>
          </gpxtpx:TrackPointExtension>
        </extensions>
      </trkpt>
      <trkpt lat="31.20718974442286" lon="121.34882509674192">
        <ele>5.400000095367432</ele>
        <time>2026-09-19T10:33:48Z</time>
        <extensions>
          <gpxtpx:TrackPointExtension>
            <gpxtpx:hr>146</gpxtpx:hr>
          </gpxtpx:TrackPointExtension>
        </extensions>
      </trkpt>
      <trkpt lat="31.20708469544982" lon="121.34888498801364">
        <ele>5.199999809265137</ele>
        <time>2026-09-19T10:33:52Z</time>
        <extensions>
          <gpxtpx:TrackPointExtension>
            <gpxtpx:hr>146</gpxtpx:hr>
          </gpxtpx:TrackPointExtension>
        </extensions>
      </trkpt>
      <trkpt lat="31.206968733322697" lon="121.34889597645814">
        <ele>5.199999809265137</ele>
        <time>2026-09-19T10:33:56Z</time>
        <extensions>
          <gpxtpx:TrackPointExtension>
            <gpxtpx:hr>146</gpxtpx:hr>
          </gpxtpx:TrackPointExtension>
        </extensions>
      </trkpt>
      <trkpt lat="31.20686380744573" lon="121.34888201301821">
        <ele>5.400000095367432</ele>
        <time>2026-09-19T10:34:00Z</time>
        <extensions>
          <gpxtpx:TrackPointExtension>
            <gpxtpx:hr>146</gpxtpx:hr>
          </gpxtpx:TrackPointExtension>
        </extensions>
      </trkpt>
      <trkpt lat="31.20672585932145" lon="121.34889100729009">
        <ele>6.0</ele>
        <time>2026-09-19T10:34:04Z</time>
        <extensions>
          <gpxtpx:TrackPointExtension>
            <gpxtpx:hr>146</gpxtpx:hr>
          </gpxtpx:TrackPointExtension>
        </extensions>
      </trkpt>
      <trkpt lat="31.206657877300263" lon="121.34889999550907">
        <ele>6.199999809265137</ele>
        <time>2026-09-19T10:34:08Z</time>
        <extensions>
          <gpxtpx:TrackPointExtension>
            <gpxtpx:hr>146</gpxtpx:hr>
          </gpxtpx:TrackPointExtension>
        </extensions>
      </trkpt>
      <trkpt lat="31.206523903994984" lon="121.34892296197009">
        <ele>6.599999904632568</ele>
        <time>2026-09-19T10:34:12Z</time>
        <extensions>
          <gpxtpx:TrackPointExtension>
            <gpxtpx:hr>147</gpxtpx:hr>
          </gpxtpx:TrackPointExtension>
        </extensions>
      </trkpt>
      <trkpt lat="31.206408904891877" lon="121.34895590718814">
        <ele>6.400000095367432</ele>
        <time>2026-09-19T10:34:16Z</time>
        <extensions>
          <gpxtpx:TrackPointExtension>
            <gpxtpx:hr>146</gpxtpx:hr>
          </gpxtpx:TrackPointExtension>
        </extensions>
      </trkpt>
      <trkpt lat="31.206308911835997" lon="121.34898086681798">
        <ele>6.199999809265137</ele>
        <time>2026-09-19T10:34:20Z</time>
        <extensions>
          <gpxtpx:TrackPointExtension>
            <gpxtpx:hr>144</gpxtpx:hr>
          </gpxtpx:TrackPointExtension>
        </extensions>
      </trkpt>
      <trkpt lat="31.206206986200453" lon="121.34896590505092">
        <ele>5.800000190734863</ele>
        <time>2026-09-19T10:34:24Z</time>
        <extensions>
          <gpxtpx:TrackPointExtension>
            <gpxtpx:hr>145</gpxtpx:hr>
          </gpxtpx:TrackPointExtension>
        </extensions>
      </trkpt>
      <trkpt lat="31.2061260653485" lon="121.34894195912453">
        <ele>5.599999904632568</ele>
        <time>2026-09-19T10:34:28Z</time>
        <extensions>
          <gpxtpx:TrackPointExtension>
            <gpxtpx:hr>146</gpxtpx:hr>
          </gpxtpx:TrackPointExtension>
        </extensions>
      </trkpt>
      <trkpt lat="31.20599714784966" lon="121.34892999382133">
        <ele>5.199999809265137</ele>
        <time>2026-09-19T10:34:32Z</time>
        <extensions>
          <gpxtpx:TrackPointExtension>
            <gpxtpx:hr>146</gpxtpx:hr>
          </gpxtpx:TrackPointExtension>
        </extensions>
      </trkpt>
      <trkpt lat="31.205913153699626" lon="121.34895095989644">
        <ele>5.199999809265137</ele>
        <time>2026-09-19T10:34:36Z</time>
        <extensions>
          <gpxtpx:TrackPointExtension>
            <gpxtpx:hr>146</gpxtpx:hr>
          </gpxtpx:TrackPointExtension>
        </extensions>
      </trkpt>
      <trkpt lat="31.2058151547298" lon="121.34897891346868">
        <ele>5.400000095367432</ele>
        <time>2026-09-19T10:34:40Z</time>
        <extensions>
          <gpxtpx:TrackPointExtension>
            <gpxtpx:hr>146</gpxtpx:hr>
          </gpxtpx:TrackPointExtension>
        </extensions>
      </trkpt>
      <trkpt lat="31.205675146281994" lon="121.34902483541877">
        <ele>5.199999809265137</ele>
        <time>2026-09-19T10:34:44Z</time>
        <extensions>
          <gpxtpx:TrackPointExtension>
            <gpxtpx:hr>147</gpxtpx:hr>
          </gpxtpx:TrackPointExtension>
        </extensions>
      </trkpt>
      <trkpt lat="31.205604119333806" lon="121.3490617690772">
        <ele>5.199999809265137</ele>
        <time>2026-09-19T10:34:48Z</time>
        <extensions>
          <gpxtpx:TrackPointExtension>
            <gpxtpx:hr>147</gpxtpx:hr>
          </gpxtpx:TrackPointExtension>
        </extensions>
      </trkpt>
      <trkpt lat="31.205503141812713" lon="121.34907774647965">
        <ele>5.199999809265137</ele>
        <time>2026-09-19T10:34:52Z</time>
        <extensions>
          <gpxtpx:TrackPointExtension>
            <gpxtpx:hr>147</gpxtpx:hr>
          </gpxtpx:TrackPointExtension>
        </extensions>
      </trkpt>
      <trkpt lat="31.20538220055612" lon="121.34907775694585">
        <ele>5.199999809265137</ele>
        <time>2026-09-19T10:34:56Z</time>
        <extensions>
          <gpxtpx:TrackPointExtension>
            <gpxtpx:hr>147</gpxtpx:hr>
          </gpxtpx:TrackPointExtension>
        </extensions>
      </trkpt>
      <trkpt lat="31.205305214721534" lon="121.34909173619414">
        <ele>5.199999809265137</ele>
        <time>2026-09-19T10:35:00Z</time>
        <extensions>
          <gpxtpx:TrackPointExtension>
            <gpxtpx:hr>148</gpxtpx:hr>
          </gpxtpx:TrackPointExtension>
        </extensions>
      </trkpt>
      <trkpt lat="31.20522212074276" lon="121.3491725848676">
        <ele>5.199999809265137</ele>
        <time>2026-09-19T10:35:04Z</time>
        <extensions>
          <gpxtpx:TrackPointExtension>
            <gpxtpx:hr>149</gpxtpx:hr>
          </gpxtpx:TrackPointExtension>
        </extensions>
      </trkpt>
      <trkpt lat="31.20516196938349" lon="121.3492813770079">
        <ele>5.199999809265137</ele>
        <time>2026-09-19T10:35:08Z</time>
        <extensions>
          <gpxtpx:TrackPointExtension>
            <gpxtpx:hr>150</gpxtpx:hr>
          </gpxtpx:TrackPointExtension>
        </extensions>
      </trkpt>
      <trkpt lat="31.20509183303812" lon="121.34938418200358">
        <ele>5.199999809265137</ele>
        <time>2026-09-19T10:35:12Z</time>
        <extensions>
          <gpxtpx:TrackPointExtension>
            <gpxtpx:hr>149</gpxtpx:hr>
          </gpxtpx:TrackPointExtension>
        </extensions>
      </trkpt>
      <trkpt lat="31.204992689540084" lon="121.34949996443842">
        <ele>5.199999809265137</ele>
        <time>2026-09-19T10:35:16Z</time>
        <extensions>
          <gpxtpx:TrackPointExtension>
            <gpxtpx:hr>148</gpxtpx:hr>
          </gpxtpx:TrackPointExtension>
        </extensions>
      </trkpt>
      <trkpt lat="31.2049346088314" lon="121.34956584094172">
        <ele>5.0</ele>
        <time>2026-09-19T10:35:20Z</time>
        <extensions>
          <gpxtpx:TrackPointExtension>
            <gpxtpx:hr>148</gpxtpx:hr>
          </gpxtpx:TrackPointExtension>
        </extensions>
      </trkpt>
      <trkpt lat="31.20482760971324" lon="121.34959678987182">
        <ele>5.199999809265137</ele>
        <time>2026-09-19T10:35:24Z</time>
        <extensions>
          <gpxtpx:TrackPointExtension>
            <gpxtpx:hr>148</gpxtpx:hr>
          </gpxtpx:TrackPointExtension>
        </extensions>
      </trkpt>
      <trkpt lat="31.204736634161133" lon="121.34960877439819">
        <ele>5.0</ele>
        <time>2026-09-19T10:35:28Z</time>
        <extensions>
          <gpxtpx:TrackPointExtension>
            <gpxtpx:hr>147</gpxtpx:hr>
          </gpxtpx:TrackPointExtension>
        </extensions>
      </trkpt>
      <trkpt lat="31.204625673286294" lon="121.34961776649344">
        <ele>5.199999809265137</ele>
        <time>2026-09-19T10:35:32Z</time>
        <extensions>
          <gpxtpx:TrackPointExtension>
            <gpxtpx:hr>146</gpxtpx:hr>
          </gpxtpx:TrackPointExtension>
        </extensions>
      </trkpt>
      <trkpt lat="31.204520701266322" lon="121.34963174834749">
        <ele>5.199999809265137</ele>
        <time>2026-09-19T10:35:36Z</time>
        <extensions>
          <gpxtpx:TrackPointExtension>
            <gpxtpx:hr>148</gpxtpx:hr>
          </gpxtpx:TrackPointExtension>
        </extensions>
      </trkpt>
      <trkpt lat="31.204418712973148" lon="121.34965471244799">
        <ele>5.199999809265137</ele>
        <time>2026-09-19T10:35:40Z</time>
        <extensions>
          <gpxtpx:TrackPointExtension>
            <gpxtpx:hr>150</gpxtpx:hr>
          </gpxtpx:TrackPointExtension>
        </extensions>
      </trkpt>
      <trkpt lat="31.204289744420922" lon="121.34967368667188">
        <ele>5.199999809265137</ele>
        <time>2026-09-19T10:35:44Z</time>
        <extensions>
          <gpxtpx:TrackPointExtension>
            <gpxtpx:hr>151</gpxtpx:hr>
          </gpxtpx:TrackPointExtension>
        </extensions>
      </trkpt>
      <trkpt lat="31.20420676503615" lon="121.34968567052883">
        <ele>5.599999904632568</ele>
        <time>2026-09-19T10:35:48Z</time>
        <extensions>
          <gpxtpx:TrackPointExtension>
            <gpxtpx:hr>151</gpxtpx:hr>
          </gpxtpx:TrackPointExtension>
        </extensions>
      </trkpt>
      <trkpt lat="31.204071804377598" lon="121.34970165111525">
        <ele>5.800000190734863</ele>
        <time>2026-09-19T10:35:52Z</time>
        <extensions>
          <gpxtpx:TrackPointExtension>
            <gpxtpx:hr>152</gpxtpx:hr>
          </gpxtpx:TrackPointExtension>
        </extensions>
      </trkpt>
      <trkpt lat="31.203982837812436" lon="121.34970764715646">
        <ele>6.199999809265137</ele>
        <time>2026-09-19T10:35:56Z</time>
        <extensions>
          <gpxtpx:TrackPointExtension>
            <gpxtpx:hr>153</gpxtpx:hr>
          </gpxtpx:TrackPointExtension>
        </extensions>
      </trkpt>
      <trkpt lat="31.203835859986054" lon="121.3497376015969">
        <ele>6.400000095367432</ele>
        <time>2026-09-19T10:36:00Z</time>
        <extensions>
          <gpxtpx:TrackPointExtension>
            <gpxtpx:hr>154</gpxtpx:hr>
          </gpxtpx:TrackPointExtension>
        </extensions>
      </trkpt>
      <trkpt lat="31.2037528773573" lon="121.349751581589">
        <ele>6.199999809265137</ele>
        <time>2026-09-19T10:36:04Z</time>
        <extensions>
          <gpxtpx:TrackPointExtension>
            <gpxtpx:hr>155</gpxtpx:hr>
          </gpxtpx:TrackPointExtension>
        </extensions>
      </trkpt>
      <trkpt lat="31.20363890325405" lon="121.34976955650194">
        <ele>5.800000190734863</ele>
        <time>2026-09-19T10:36:08Z</time>
        <extensions>
          <gpxtpx:TrackPointExtension>
            <gpxtpx:hr>155</gpxtpx:hr>
          </gpxtpx:TrackPointExtension>
        </extensions>
      </trkpt>
      <trkpt lat="31.20350783715979" lon="121.34984841454191">
        <ele>5.400000095367432</ele>
        <time>2026-09-19T10:36:12Z</time>
        <extensions>
          <gpxtpx:TrackPointExtension>
            <gpxtpx:hr>155</gpxtpx:hr>
          </gpxtpx:TrackPointExtension>
        </extensions>
      </trkpt>
      <trkpt lat="31.203399832262388" lon="121.3498833560194">
        <ele>5.0</ele>
        <time>2026-09-19T10:36:16Z</time>
        <extensions>
          <gpxtpx:TrackPointExtension>
            <gpxtpx:hr>154</gpxtpx:hr>
          </gpxtpx:TrackPointExtension>
        </extensions>
      </trkpt>
      <trkpt lat="31.203312843442184" lon="121.34990232671706">
        <ele>4.599999904632568</ele>
        <time>2026-09-19T10:36:20Z</time>
        <extensions>
          <gpxtpx:TrackPointExtension>
            <gpxtpx:hr>154</gpxtpx:hr>
          </gpxtpx:TrackPointExtension>
        </extensions>
      </trkpt>
      <trkpt lat="31.20320585288908" lon="121.34992828559092">
        <ele>4.599999904632568</ele>
        <time>2026-09-19T10:36:24Z</time>
        <extensions>
          <gpxtpx:TrackPointExtension>
            <gpxtpx:hr>154</gpxtpx:hr>
          </gpxtpx:TrackPointExtension>
        </extensions>
      </trkpt>
      <trkpt lat="31.203096866616782" lon="121.3499522485282">
        <ele>4.599999904632568</ele>
        <time>2026-09-19T10:36:28Z</time>
        <extensions>
          <gpxtpx:TrackPointExtension>
            <gpxtpx:hr>155</gpxtpx:hr>
          </gpxtpx:TrackPointExtension>
        </extensions>
      </trkpt>
      <trkpt lat="31.202985882982023" lon="121.34997521358905">
        <ele>4.400000095367432</ele>
        <time>2026-09-19T10:36:32Z</time>
        <extensions>
          <gpxtpx:TrackPointExtension>
            <gpxtpx:hr>156</gpxtpx:hr>
          </gpxtpx:TrackPointExtension>
        </extensions>
      </trkpt>
      <trkpt lat="31.202849888595445" lon="121.3500121537278">
        <ele>4.400000095367432</ele>
        <time>2026-09-19T10:36:36Z</time>
        <extensions>
          <gpxtpx:TrackPointExtension>
            <gpxtpx:hr>156</gpxtpx:hr>
          </gpxtpx:TrackPointExtension>
        </extensions>
      </trkpt>
      <trkpt lat="31.20278290322933" lon="121.3500231382361">
        <ele>4.400000095367432</ele>
        <time>2026-09-19T10:36:40Z</time>
        <extensions>
          <gpxtpx:TrackPointExtension>
            <gpxtpx:hr>155</gpxtpx:hr>
          </gpxtpx:TrackPointExtension>
        </extensions>
      </trkpt>
      <trkpt lat="31.202681932813878" lon="121.35003512375388">
        <ele>4.599999904632568</ele>
        <time>2026-09-19T10:36:44Z</time>
        <extensions>
          <gpxtpx:TrackPointExtension>
            <gpxtpx:hr>156</gpxtpx:hr>
          </gpxtpx:TrackPointExtension>
        </extensions>
      </trkpt>
      <trkpt lat="31.202566921705973" lon="121.3500760543956">
        <ele>4.599999904632568</ele>
        <time>2026-09-19T10:36:48Z</time>
        <extensions>
          <gpxtpx:TrackPointExtension>
            <gpxtpx:hr>155</gpxtpx:hr>
          </gpxtpx:TrackPointExtension>
        </extensions>
      </trkpt>
      <trkpt lat="31.20246385565805" lon="121.35014692606835">
        <ele>4.800000190734863</ele>
        <time>2026-09-19T10:36:52Z</time>
        <extensions>
          <gpxtpx:TrackPointExtension>
            <gpxtpx:hr>155</gpxtpx:hr>
          </gpxtpx:TrackPointExtension>
        </extensions>
      </trkpt>
      <trkpt lat="31.202366729550555" lon="121.35025272980256">
        <ele>4.800000190734863</ele>
        <time>2026-09-19T10:36:56Z</time>
        <extensions>
          <gpxtpx:TrackPointExtension>
            <gpxtpx:hr>156</gpxtpx:hr>
          </gpxtpx:TrackPointExtension>
        </extensions>
      </trkpt>
      <trkpt lat="31.202262713286878" lon="121.35029365971498">
        <ele>4.400000095367432</ele>
        <time>2026-09-19T10:37:00Z</time>
        <extensions>
          <gpxtpx:TrackPointExtension>
            <gpxtpx:hr>155</gpxtpx:hr>
          </gpxtpx:TrackPointExtension>
        </extensions>
      </trkpt>
      <trkpt lat="31.202181788788252" lon="121.35027170915312">
        <ele>4.199999809265137</ele>
        <time>2026-09-19T10:37:04Z</time>
        <extensions>
          <gpxtpx:TrackPointExtension>
            <gpxtpx:hr>154</gpxtpx:hr>
          </gpxtpx:TrackPointExtension>
        </extensions>
      </trkpt>
      <trkpt lat="31.20205795890747" lon="121.35020484917501">
        <ele>4.199999809265137</ele>
        <time>2026-09-19T10:37:08Z</time>
        <extensions>
          <gpxtpx:TrackPointExtension>
            <gpxtpx:hr>153</gpxtpx:hr>
          </gpxtpx:TrackPointExtension>
        </extensions>
      </trkpt>
      <trkpt lat="31.201945087738576" lon="121.3501599458527">
        <ele>4.199999809265137</ele>
        <time>2026-09-19T10:37:12Z</time>
        <extensions>
          <gpxtpx:TrackPointExtension>
            <gpxtpx:hr>149</gpxtpx:hr>
          </gpxtpx:TrackPointExtension>
        </extensions>
      </trkpt>
      <trkpt lat="31.201854204237343" lon="121.35011603874433">
        <ele>4.400000095367432</ele>
        <time>2026-09-19T10:37:16Z</time>
        <extensions>
          <gpxtpx:TrackPointExtension>
            <gpxtpx:hr>149</gpxtpx:hr>
          </gpxtpx:TrackPointExtension>
        </extensions>
      </trkpt>
      <trkpt lat="31.201759329292567" lon="121.35006813976547">
        <ele>4.400000095367432</ele>
        <time>2026-09-19T10:37:20Z</time>
        <extensions>
          <gpxtpx:TrackPointExtension>
            <gpxtpx:hr>149</gpxtpx:hr>
          </gpxtpx:TrackPointExtension>
        </extensions>
      </trkpt>
      <trkpt lat="31.20166843276996" lon="121.35003221727705">
        <ele>4.599999904632568</ele>
        <time>2026-09-19T10:37:24Z</time>
        <extensions>
          <gpxtpx:TrackPointExtension>
            <gpxtpx:hr>149</gpxtpx:hr>
          </gpxtpx:TrackPointExtension>
        </extensions>
      </trkpt>
      <trkpt lat="31.2015695270674" lon="121.3500042800272">
        <ele>4.599999904632568</ele>
        <time>2026-09-19T10:37:28Z</time>
        <extensions>
          <gpxtpx:TrackPointExtension>
            <gpxtpx:hr>149</gpxtpx:hr>
          </gpxtpx:TrackPointExtension>
        </extensions>
      </trkpt>
      <trkpt lat="31.20143552368728" lon="121.35004621034707">
        <ele>4.800000190734863</ele>
        <time>2026-09-19T10:37:32Z</time>
        <extensions>
          <gpxtpx:TrackPointExtension>
            <gpxtpx:hr>149</gpxtpx:hr>
          </gpxtpx:TrackPointExtension>
        </extensions>
      </trkpt>
      <trkpt lat="31.20137547434893" lon="121.35009412270881">
        <ele>4.800000190734863</ele>
        <time>2026-09-19T10:37:36Z</time>
        <extensions>
          <gpxtpx:TrackPointExtension>
            <gpxtpx:hr>147</gpxtpx:hr>
          </gpxtpx:TrackPointExtension>
        </extensions>
      </trkpt>
      <trkpt lat="31.20128041761374" lon="121.35015700917599">
        <ele>4.800000190734863</ele>
        <time>2026-09-19T10:37:40Z</time>
        <extensions>
          <gpxtpx:TrackPointExtension>
            <gpxtpx:hr>146</gpxtpx:hr>
          </gpxtpx:TrackPointExtension>
        </extensions>
      </trkpt>
      <trkpt lat="31.201181384191422" lon="121.35020692118265">
        <ele>4.800000190734863</ele>
        <time>2026-09-19T10:37:44Z</time>
        <extensions>
          <gpxtpx:TrackPointExtension>
            <gpxtpx:hr>145</gpxtpx:hr>
          </gpxtpx:TrackPointExtension>
        </extensions>
      </trkpt>
      <trkpt lat="31.201088349529126" lon="121.35025583466181">
        <ele>4.800000190734863</ele>
        <time>2026-09-19T10:37:48Z</time>
        <extensions>
          <gpxtpx:TrackPointExtension>
            <gpxtpx:hr>141</gpxtpx:hr>
          </gpxtpx:TrackPointExtension>
        </extensions>
      </trkpt>
      <trkpt lat="31.200974356247944" lon="121.35028578665572">
        <ele>4.800000190734863</ele>
        <time>2026-09-19T10:37:52Z</time>
        <extensions>
          <gpxtpx:TrackPointExtension>
            <gpxtpx:hr>140</gpxtpx:hr>
          </gpxtpx:TrackPointExtension>
        </extensions>
      </trkpt>
      <trkpt lat="31.20084143439465" lon="121.35027781359068">
        <ele>4.800000190734863</ele>
        <time>2026-09-19T10:37:56Z</time>
        <extensions>
          <gpxtpx:TrackPointExtension>
            <gpxtpx:hr>140</gpxtpx:hr>
          </gpxtpx:TrackPointExtension>
        </extensions>
      </trkpt>
      <trkpt lat="31.20076450313565" lon="121.35025885690267">
        <ele>4.800000190734863</ele>
        <time>2026-09-19T10:38:00Z</time>
        <extensions>
          <gpxtpx:TrackPointExtension>
            <gpxtpx:hr>141</gpxtpx:hr>
          </gpxtpx:TrackPointExtension>
        </extensions>
      </trkpt>
      <trkpt lat="31.200621630362836" lon="121.3502239368114">
        <ele>4.800000190734863</ele>
        <time>2026-09-19T10:38:04Z</time>
        <extensions>
          <gpxtpx:TrackPointExtension>
            <gpxtpx:hr>142</gpxtpx:hr>
          </gpxtpx:TrackPointExtension>
        </extensions>
      </trkpt>
      <trkpt lat="31.200519740832075" lon="121.35018701706555">
        <ele>4.800000190734863</ele>
        <time>2026-09-19T10:38:08Z</time>
        <extensions>
          <gpxtpx:TrackPointExtension>
            <gpxtpx:hr>144</gpxtpx:hr>
          </gpxtpx:TrackPointExtension>
        </extensions>
      </trkpt>
      <trkpt lat="31.200439748909883" lon="121.35020598730124">
        <ele>4.599999904632568</ele>
        <time>2026-09-19T10:38:12Z</time>
        <extensions>
          <gpxtpx:TrackPointExtension>
            <gpxtpx:hr>144</gpxtpx:hr>
          </gpxtpx:TrackPointExtension>
        </extensions>
      </trkpt>
      <trkpt lat="31.200319725890814" lon="121.3502559011861">
        <ele>4.800000190734863</ele>
        <time>2026-09-19T10:38:16Z</time>
        <extensions>
          <gpxtpx:TrackPointExtension>
            <gpxtpx:hr>144</gpxtpx:hr>
          </gpxtpx:TrackPointExtension>
        </extensions>
      </trkpt>
      <trkpt lat="31.20021569182981" lon="121.35030780989318">
        <ele>4.800000190734863</ele>
        <time>2026-09-19T10:38:20Z</time>
        <extensions>
          <gpxtpx:TrackPointExtension>
            <gpxtpx:hr>146</gpxtpx:hr>
          </gpxtpx:TrackPointExtension>
        </extensions>
      </trkpt>
      <trkpt lat="31.200130702424456" lon="121.35032678061884">
        <ele>4.800000190734863</ele>
        <time>2026-09-19T10:38:24Z</time>
        <extensions>
          <gpxtpx:TrackPointExtension>
            <gpxtpx:hr>157</gpxtpx:hr>
          </gpxtpx:TrackPointExtension>
        </extensions>
      </trkpt>
      <trkpt lat="31.199998749128127" lon="121.35033777083657">
        <ele>4.800000190734863</ele>
        <time>2026-09-19T10:38:28Z</time>
        <extensions>
          <gpxtpx:TrackPointExtension>
            <gpxtpx:hr>158</gpxtpx:hr>
          </gpxtpx:TrackPointExtension>
        </extensions>
      </trkpt>
      <trkpt lat="31.199933681379864" lon="121.3503986589441">
        <ele>4.599999904632568</ele>
        <time>2026-09-19T10:38:32Z</time>
        <extensions>
          <gpxtpx:TrackPointExtension>
            <gpxtpx:hr>157</gpxtpx:hr>
          </gpxtpx:TrackPointExtension>
        </extensions>
      </trkpt>
      <trkpt lat="31.19986354605376" lon="121.35050246486021">
        <ele>4.400000095367432</ele>
        <time>2026-09-19T10:38:36Z</time>
        <extensions>
          <gpxtpx:TrackPointExtension>
            <gpxtpx:hr>158</gpxtpx:hr>
          </gpxtpx:TrackPointExtension>
        </extensions>
      </trkpt>
      <trkpt lat="31.199855404987645" lon="121.35059129449449">
        <ele>4.199999809265137</ele>
        <time>2026-09-19T10:38:40Z</time>
        <extensions>
          <gpxtpx:TrackPointExtension>
            <gpxtpx:hr>157</gpxtpx:hr>
          </gpxtpx:TrackPointExtension>
        </extensions>
      </trkpt>
      <trkpt lat="31.19995435158597" lon="121.35059428016727">
        <ele>4.400000095367432</ele>
        <time>2026-09-19T10:38:44Z</time>
        <extensions>
          <gpxtpx:TrackPointExtension>
            <gpxtpx:hr>156</gpxtpx:hr>
          </gpxtpx:TrackPointExtension>
        </extensions>
      </trkpt>
      <trkpt lat="31.2000822449179" lon="121.350621217241">
        <ele>4.400000095367432</ele>
        <time>2026-09-19T10:38:48Z</time>
        <extensions>
          <gpxtpx:TrackPointExtension>
            <gpxtpx:hr>156</gpxtpx:hr>
          </gpxtpx:TrackPointExtension>
        </extensions>
      </trkpt>
      <trkpt lat="31.200149155144327" lon="121.35065614425547">
        <ele>4.400000095367432</ele>
        <time>2026-09-19T10:38:52Z</time>
        <extensions>
          <gpxtpx:TrackPointExtension>
            <gpxtpx:hr>156</gpxtpx:hr>
          </gpxtpx:TrackPointExtension>
        </extensions>
      </trkpt>
      <trkpt lat="31.200231032038722" lon="121.35070703931233">
        <ele>4.400000095367432</ele>
        <time>2026-09-19T10:38:56Z</time>
        <extensions>
          <gpxtpx:TrackPointExtension>
            <gpxtpx:hr>156</gpxtpx:hr>
          </gpxtpx:TrackPointExtension>
        </extensions>
      </trkpt>
      <trkpt lat="31.200336859878277" lon="121.35078088828139">
        <ele>4.400000095367432</ele>
        <time>2026-09-19T10:39:00Z</time>
        <extensions>
          <gpxtpx:TrackPointExtension>
            <gpxtpx:hr>154</gpxtpx:hr>
          </gpxtpx:TrackPointExtension>
        </extensions>
      </trkpt>
      <trkpt lat="31.200426703789553" lon="121.35084974834444">
        <ele>4.199999809265137</ele>
        <time>2026-09-19T10:39:04Z</time>
        <extensions>
          <gpxtpx:TrackPointExtension>
            <gpxtpx:hr>151</gpxtpx:hr>
          </gpxtpx:TrackPointExtension>
        </extensions>
      </trkpt>
      <trkpt lat="31.200490581614968" lon="121.35090563564347">
        <ele>4.400000095367432</ele>
        <time>2026-09-19T10:39:08Z</time>
        <extensions>
          <gpxtpx:TrackPointExtension>
            <gpxtpx:hr>150</gpxtpx:hr>
          </gpxtpx:TrackPointExtension>
        </extensions>
      </trkpt>
      <trkpt lat="31.200565431442104" lon="121.35097549531176">
        <ele>4.199999809265137</ele>
        <time>2026-09-19T10:39:12Z</time>
        <extensions>
          <gpxtpx:TrackPointExtension>
            <gpxtpx:hr>150</gpxtpx:hr>
          </gpxtpx:TrackPointExtension>
        </extensions>
      </trkpt>
      <trkpt lat="31.200656275164608" lon="121.35104435562964">
        <ele>4.0</ele>
        <time>2026-09-19T10:39:16Z</time>
        <extensions>
          <gpxtpx:TrackPointExtension>
            <gpxtpx:hr>149</gpxtpx:hr>
          </gpxtpx:TrackPointExtension>
        </extensions>
      </trkpt>
      <trkpt lat="31.200742085869884" lon="121.35113517453985">
        <ele>4.0</ele>
        <time>2026-09-19T10:39:20Z</time>
        <extensions>
          <gpxtpx:TrackPointExtension>
            <gpxtpx:hr>149</gpxtpx:hr>
          </gpxtpx:TrackPointExtension>
        </extensions>
      </trkpt>
      <trkpt lat="31.20086900109336" lon="121.35114913685456">
        <ele>4.0</ele>
        <time>2026-09-19T10:39:24Z</time>
        <extensions>
          <gpxtpx:TrackPointExtension>
            <gpxtpx:hr>150</gpxtpx:hr>
          </gpxtpx:TrackPointExtension>
        </extensions>
      </trkpt>
      <trkpt lat="31.200960969014673" lon="121.35114114414854">
        <ele>3.799999952316284</ele>
        <time>2026-09-19T10:39:28Z</time>
        <extensions>
          <gpxtpx:TrackPointExtension>
            <gpxtpx:hr>150</gpxtpx:hr>
          </gpxtpx:TrackPointExtension>
        </extensions>
      </trkpt>
      <trkpt lat="31.201068948520405" lon="121.35112117294705">
        <ele>3.799999952316284</ele>
        <time>2026-09-19T10:39:32Z</time>
        <extensions>
          <gpxtpx:TrackPointExtension>
            <gpxtpx:hr>150</gpxtpx:hr>
          </gpxtpx:TrackPointExtension>
        </extensions>
      </trkpt>
      <trkpt lat="31.201178923831467" lon="121.35110319776696">
        <ele>3.5999999046325684</ele>
        <time>2026-09-19T10:39:36Z</time>
        <extensions>
          <gpxtpx:TrackPointExtension>
            <gpxtpx:hr>151</gpxtpx:hr>
          </gpxtpx:TrackPointExtension>
        </extensions>
      </trkpt>
      <trkpt lat="31.201285897390775" lon="121.3510872190381">
        <ele>3.5999999046325684</ele>
        <time>2026-09-19T10:39:40Z</time>
        <extensions>
          <gpxtpx:TrackPointExtension>
            <gpxtpx:hr>150</gpxtpx:hr>
          </gpxtpx:TrackPointExtension>
        </extensions>
      </trkpt>
      <trkpt lat="31.201388881010757" lon="121.35106625020585">
        <ele>3.5999999046325684</ele>
        <time>2026-09-19T10:39:44Z</time>
        <extensions>
          <gpxtpx:TrackPointExtension>
            <gpxtpx:hr>151</gpxtpx:hr>
          </gpxtpx:TrackPointExtension>
        </extensions>
      </trkpt>
      <trkpt lat="31.201496860586452" lon="121.3510462790429">
        <ele>3.5999999046325684</ele>
        <time>2026-09-19T10:39:48Z</time>
        <extensions>
          <gpxtpx:TrackPointExtension>
            <gpxtpx:hr>151</gpxtpx:hr>
          </gpxtpx:TrackPointExtension>
        </extensions>
      </trkpt>
      <trkpt lat="31.20160483856129" lon="121.3510273059804">
        <ele>3.4000000953674316</ele>
        <time>2026-09-19T10:39:52Z</time>
        <extensions>
          <gpxtpx:TrackPointExtension>
            <gpxtpx:hr>151</gpxtpx:hr>
          </gpxtpx:TrackPointExtension>
        </extensions>
      </trkpt>
      <trkpt lat="31.201720793213962" lon="121.3510203093128">
        <ele>3.4000000953674316</ele>
        <time>2026-09-19T10:39:56Z</time>
        <extensions>
          <gpxtpx:TrackPointExtension>
            <gpxtpx:hr>151</gpxtpx:hr>
          </gpxtpx:TrackPointExtension>
        </extensions>
      </trkpt>
      <trkpt lat="31.201831774612405" lon="121.35099834173502">
        <ele>3.4000000953674316</ele>
        <time>2026-09-19T10:40:00Z</time>
        <extensions>
          <gpxtpx:TrackPointExtension>
            <gpxtpx:hr>150</gpxtpx:hr>
          </gpxtpx:TrackPointExtension>
        </extensions>
      </trkpt>
      <trkpt lat="31.20194373286443" lon="121.35099034732953">
        <ele>3.4000000953674316</ele>
        <time>2026-09-19T10:40:04Z</time>
        <extensions>
          <gpxtpx:TrackPointExtension>
            <gpxtpx:hr>151</gpxtpx:hr>
          </gpxtpx:TrackPointExtension>
        </extensions>
      </trkpt>
      <trkpt lat="31.202049697297863" lon="121.35098035726686">
        <ele>3.200000047683716</ele>
        <time>2026-09-19T10:40:08Z</time>
        <extensions>
          <gpxtpx:TrackPointExtension>
            <gpxtpx:hr>151</gpxtpx:hr>
          </gpxtpx:TrackPointExtension>
        </extensions>
      </trkpt>
      <trkpt lat="31.202156670975857" lon="121.35096437858853">
        <ele>3.200000047683716</ele>
        <time>2026-09-19T10:40:12Z</time>
        <extensions>
          <gpxtpx:TrackPointExtension>
            <gpxtpx:hr>150</gpxtpx:hr>
          </gpxtpx:TrackPointExtension>
        </extensions>
      </trkpt>
      <trkpt lat="31.20228960443003" lon="121.35096536516892">
        <ele>3.5999999046325684</ele>
        <time>2026-09-19T10:40:16Z</time>
        <extensions>
          <gpxtpx:TrackPointExtension>
            <gpxtpx:hr>150</gpxtpx:hr>
          </gpxtpx:TrackPointExtension>
        </extensions>
      </trkpt>
      <trkpt lat="31.20236458564858" lon="121.35095437970669">
        <ele>3.5999999046325684</ele>
        <time>2026-09-19T10:40:20Z</time>
        <extensions>
          <gpxtpx:TrackPointExtension>
            <gpxtpx:hr>150</gpxtpx:hr>
          </gpxtpx:TrackPointExtension>
        </extensions>
      </trkpt>
      <trkpt lat="31.202471536673574" lon="121.35095237427171">
        <ele>3.5999999046325684</ele>
        <time>2026-09-19T10:40:24Z</time>
        <extensions>
          <gpxtpx:TrackPointExtension>
            <gpxtpx:hr>150</gpxtpx:hr>
          </gpxtpx:TrackPointExtension>
        </extensions>
      </trkpt>
      <trkpt lat="31.202605500468103" lon="121.35093439709301">
        <ele>3.799999952316284</ele>
        <time>2026-09-19T10:40:28Z</time>
        <extensions>
          <gpxtpx:TrackPointExtension>
            <gpxtpx:hr>150</gpxtpx:hr>
          </gpxtpx:TrackPointExtension>
        </extensions>
      </trkpt>
      <trkpt lat="31.202714469992912" lon="121.35092041443522">
        <ele>3.799999952316284</ele>
        <time>2026-09-19T10:40:32Z</time>
        <extensions>
          <gpxtpx:TrackPointExtension>
            <gpxtpx:hr>151</gpxtpx:hr>
          </gpxtpx:TrackPointExtension>
        </extensions>
      </trkpt>
      <trkpt lat="31.202802438422758" lon="121.35091342020952">
        <ele>4.0</ele>
        <time>2026-09-19T10:40:36Z</time>
        <extensions>
          <gpxtpx:TrackPointExtension>
            <gpxtpx:hr>151</gpxtpx:hr>
          </gpxtpx:TrackPointExtension>
        </extensions>
      </trkpt>
      <trkpt lat="31.202906402301494" lon="121.35090442842655">
        <ele>4.0</ele>
        <time>2026-09-19T10:40:40Z</time>
        <extensions>
          <gpxtpx:TrackPointExtension>
            <gpxtpx:hr>151</gpxtpx:hr>
          </gpxtpx:TrackPointExtension>
        </extensions>
      </trkpt>
      <trkpt lat="31.20299739685718" lon="121.35088046647189">
        <ele>4.199999809265137</ele>
        <time>2026-09-19T10:40:44Z</time>
        <extensions>
          <gpxtpx:TrackPointExtension>
            <gpxtpx:hr>151</gpxtpx:hr>
          </gpxtpx:TrackPointExtension>
        </extensions>
      </trkpt>
      <trkpt lat="31.20312738702615" lon="121.35084751838642">
        <ele>4.199999809265137</ele>
        <time>2026-09-19T10:40:48Z</time>
        <extensions>
          <gpxtpx:TrackPointExtension>
            <gpxtpx:hr>150</gpxtpx:hr>
          </gpxtpx:TrackPointExtension>
        </extensions>
      </trkpt>
      <trkpt lat="31.203207375625762" lon="121.3508305440136">
        <ele>4.400000095367432</ele>
        <time>2026-09-19T10:40:52Z</time>
        <extensions>
          <gpxtpx:TrackPointExtension>
            <gpxtpx:hr>150</gpxtpx:hr>
          </gpxtpx:TrackPointExtension>
        </extensions>
      </trkpt>
      <trkpt lat="31.203339366501464" lon="121.35079659771286">
        <ele>4.800000190734863</ele>
        <time>2026-09-19T10:40:56Z</time>
        <extensions>
          <gpxtpx:TrackPointExtension>
            <gpxtpx:hr>150</gpxtpx:hr>
          </gpxtpx:TrackPointExtension>
        </extensions>
      </trkpt>
      <trkpt lat="31.203450362772223" lon="121.35076564750888">
        <ele>4.800000190734863</ele>
        <time>2026-09-19T10:41:00Z</time>
        <extensions>
          <gpxtpx:TrackPointExtension>
            <gpxtpx:hr>150</gpxtpx:hr>
          </gpxtpx:TrackPointExtension>
        </extensions>
      </trkpt>
      <trkpt lat="31.203554351107368" lon="121.35074168451432">
        <ele>4.599999904632568</ele>
        <time>2026-09-19T10:41:04Z</time>
        <extensions>
          <gpxtpx:TrackPointExtension>
            <gpxtpx:hr>151</gpxtpx:hr>
          </gpxtpx:TrackPointExtension>
        </extensions>
      </trkpt>
      <trkpt lat="31.203628350822147" lon="121.35071972029475">
        <ele>4.599999904632568</ele>
        <time>2026-09-19T10:41:08Z</time>
        <extensions>
          <gpxtpx:TrackPointExtension>
            <gpxtpx:hr>151</gpxtpx:hr>
          </gpxtpx:TrackPointExtension>
        </extensions>
      </trkpt>
      <trkpt lat="31.203770367855192" lon="121.35066680968201">
        <ele>4.599999904632568</ele>
        <time>2026-09-19T10:41:12Z</time>
        <extensions>
          <gpxtpx:TrackPointExtension>
            <gpxtpx:hr>151</gpxtpx:hr>
          </gpxtpx:TrackPointExtension>
        </extensions>
      </trkpt>
      <trkpt lat="31.203885360675844" lon="121.35063685731434">
        <ele>4.800000190734863</ele>
        <time>2026-09-19T10:41:16Z</time>
        <extensions>
          <gpxtpx:TrackPointExtension>
            <gpxtpx:hr>150</gpxtpx:hr>
          </gpxtpx:TrackPointExtension>
        </extensions>
      </trkpt>
      <trkpt lat="31.20399534782097" lon="121.35061189579957">
        <ele>5.0</ele>
        <time>2026-09-19T10:41:20Z</time>
        <extensions>
          <gpxtpx:TrackPointExtension>
            <gpxtpx:hr>148</gpxtpx:hr>
          </gpxtpx:TrackPointExtension>
        </extensions>
      </trkpt>
      <trkpt lat="31.204104340360594" lon="121.35058394015046">
        <ele>5.199999809265137</ele>
        <time>2026-09-19T10:41:24Z</time>
        <extensions>
          <gpxtpx:TrackPointExtension>
            <gpxtpx:hr>149</gpxtpx:hr>
          </gpxtpx:TrackPointExtension>
        </extensions>
      </trkpt>
      <trkpt lat="31.204186334660903" lon="121.350562973405">
        <ele>5.0</ele>
        <time>2026-09-19T10:41:28Z</time>
        <extensions>
          <gpxtpx:TrackPointExtension>
            <gpxtpx:hr>149</gpxtpx:hr>
          </gpxtpx:TrackPointExtension>
        </extensions>
      </trkpt>
      <trkpt lat="31.2043263675758" lon="121.35050108048375">
        <ele>4.599999904632568</ele>
        <time>2026-09-19T10:41:32Z</time>
        <extensions>
          <gpxtpx:TrackPointExtension>
            <gpxtpx:hr>145</gpxtpx:hr>
          </gpxtpx:TrackPointExtension>
        </extensions>
      </trkpt>
      <trkpt lat="31.204430395257987" lon="121.35045316382948">
        <ele>4.400000095367432</ele>
        <time>2026-09-19T10:41:36Z</time>
        <extensions>
          <gpxtpx:TrackPointExtension>
            <gpxtpx:hr>144</gpxtpx:hr>
          </gpxtpx:TrackPointExtension>
        </extensions>
      </trkpt>
      <trkpt lat="31.204493434773813" lon="121.3504102411526">
        <ele>4.400000095367432</ele>
        <time>2026-09-19T10:41:40Z</time>
        <extensions>
          <gpxtpx:TrackPointExtension>
            <gpxtpx:hr>143</gpxtpx:hr>
          </gpxtpx:TrackPointExtension>
        </extensions>
      </trkpt>
      <trkpt lat="31.20462449679714" lon="121.35033337815722">
        <ele>4.400000095367432</ele>
        <time>2026-09-19T10:41:44Z</time>
        <extensions>
          <gpxtpx:TrackPointExtension>
            <gpxtpx:hr>144</gpxtpx:hr>
          </gpxtpx:TrackPointExtension>
        </extensions>
      </trkpt>
      <trkpt lat="31.204731523214015" lon="121.35028546144547">
        <ele>4.199999809265137</ele>
        <time>2026-09-19T10:41:48Z</time>
        <extensions>
          <gpxtpx:TrackPointExtension>
            <gpxtpx:hr>143</gpxtpx:hr>
          </gpxtpx:TrackPointExtension>
        </extensions>
      </trkpt>
      <trkpt lat="31.204833542305426" lon="121.3502435336453">
        <ele>4.199999809265137</ele>
        <time>2026-09-19T10:41:52Z</time>
        <extensions>
          <gpxtpx:TrackPointExtension>
            <gpxtpx:hr>143</gpxtpx:hr>
          </gpxtpx:TrackPointExtension>
        </extensions>
      </trkpt>
      <trkpt lat="31.20490654281316" lon="121.3502215697885">
        <ele>4.199999809265137</ele>
        <time>2026-09-19T10:41:56Z</time>
        <extensions>
          <gpxtpx:TrackPointExtension>
            <gpxtpx:hr>143</gpxtpx:hr>
          </gpxtpx:TrackPointExtension>
        </extensions>
      </trkpt>
      <trkpt lat="31.205042534000377" lon="121.35018662559534">
        <ele>4.0</ele>
        <time>2026-09-19T10:42:00Z</time>
        <extensions>
          <gpxtpx:TrackPointExtension>
            <gpxtpx:hr>144</gpxtpx:hr>
          </gpxtpx:TrackPointExtension>
        </extensions>
      </trkpt>
      <trkpt lat="31.20514052240304" lon="121.35016465960682">
        <ele>4.400000095367432</ele>
        <time>2026-09-19T10:42:04Z</time>
        <extensions>
          <gpxtpx:TrackPointExtension>
            <gpxtpx:hr>144</gpxtpx:hr>
          </gpxtpx:TrackPointExtension>
        </extensions>
      </trkpt>
      <trkpt lat="31.20522251368201" lon="121.35014568921818">
        <ele>3.799999952316284</ele>
        <time>2026-09-19T10:42:08Z</time>
        <extensions>
          <gpxtpx:TrackPointExtension>
            <gpxtpx:hr>144</gpxtpx:hr>
          </gpxtpx:TrackPointExtension>
        </extensions>
      </trkpt>
      <trkpt lat="31.205326505755934" lon="121.35011973046393">
        <ele>4.0</ele>
        <time>2026-09-19T10:42:12Z</time>
        <extensions>
          <gpxtpx:TrackPointExtension>
            <gpxtpx:hr>144</gpxtpx:hr>
          </gpxtpx:TrackPointExtension>
        </extensions>
      </trkpt>
      <trkpt lat="31.205430507683793" lon="121.35008778332748">
        <ele>3.799999952316284</ele>
        <time>2026-09-19T10:42:16Z</time>
        <extensions>
          <gpxtpx:TrackPointExtension>
            <gpxtpx:hr>148</gpxtpx:hr>
          </gpxtpx:TrackPointExtension>
        </extensions>
      </trkpt>
      <trkpt lat="31.205538506060872" lon="121.35005683393602">
        <ele>4.0</ele>
        <time>2026-09-19T10:42:20Z</time>
        <extensions>
          <gpxtpx:TrackPointExtension>
            <gpxtpx:hr>153</gpxtpx:hr>
          </gpxtpx:TrackPointExtension>
        </extensions>
      </trkpt>
      <trkpt lat="31.205657492569845" lon="121.35002987587652">
        <ele>3.799999952316284</ele>
        <time>2026-09-19T10:42:24Z</time>
        <extensions>
          <gpxtpx:TrackPointExtension>
            <gpxtpx:hr>153</gpxtpx:hr>
          </gpxtpx:TrackPointExtension>
        </extensions>
      </trkpt>
      <trkpt lat="31.205762477697238" lon="121.35000790936824">
        <ele>3.5999999046325684</ele>
        <time>2026-09-19T10:42:28Z</time>
        <extensions>
          <gpxtpx:TrackPointExtension>
            <gpxtpx:hr>153</gpxtpx:hr>
          </gpxtpx:TrackPointExtension>
        </extensions>
      </trkpt>
      <trkpt lat="31.205862475113676" lon="121.34997995492161">
        <ele>3.5999999046325684</ele>
        <time>2026-09-19T10:42:32Z</time>
        <extensions>
          <gpxtpx:TrackPointExtension>
            <gpxtpx:hr>153</gpxtpx:hr>
          </gpxtpx:TrackPointExtension>
        </extensions>
      </trkpt>
      <trkpt lat="31.205972470986815" lon="121.34995000350312">
        <ele>3.4000000953674316</ele>
        <time>2026-09-19T10:42:36Z</time>
        <extensions>
          <gpxtpx:TrackPointExtension>
            <gpxtpx:hr>153</gpxtpx:hr>
          </gpxtpx:TrackPointExtension>
        </extensions>
      </trkpt>
      <trkpt lat="31.206094459427177" lon="121.34992104913098">
        <ele>3.5999999046325684</ele>
        <time>2026-09-19T10:42:40Z</time>
        <extensions>
          <gpxtpx:TrackPointExtension>
            <gpxtpx:hr>153</gpxtpx:hr>
          </gpxtpx:TrackPointExtension>
        </extensions>
      </trkpt>
      <trkpt lat="31.206207439120803" lon="121.34990008005173">
        <ele>3.5999999046325684</ele>
        <time>2026-09-19T10:42:44Z</time>
        <extensions>
          <gpxtpx:TrackPointExtension>
            <gpxtpx:hr>153</gpxtpx:hr>
          </gpxtpx:TrackPointExtension>
        </extensions>
      </trkpt>
      <trkpt lat="31.20631243256948" lon="121.34987312330837">
        <ele>3.5999999046325684</ele>
        <time>2026-09-19T10:42:48Z</time>
        <extensions>
          <gpxtpx:TrackPointExtension>
            <gpxtpx:hr>152</gpxtpx:hr>
          </gpxtpx:TrackPointExtension>
        </extensions>
      </trkpt>
      <trkpt lat="31.206425425451997" lon="121.34984416977002">
        <ele>3.4000000953674316</ele>
        <time>2026-09-19T10:42:52Z</time>
        <extensions>
          <gpxtpx:TrackPointExtension>
            <gpxtpx:hr>152</gpxtpx:hr>
          </gpxtpx:TrackPointExtension>
        </extensions>
      </trkpt>
      <trkpt lat="31.206531415177917" lon="121.34981920909696">
        <ele>3.4000000953674316</ele>
        <time>2026-09-19T10:42:56Z</time>
        <extensions>
          <gpxtpx:TrackPointExtension>
            <gpxtpx:hr>153</gpxtpx:hr>
          </gpxtpx:TrackPointExtension>
        </extensions>
      </trkpt>
      <trkpt lat="31.206642400859025" lon="121.3497952460659">
        <ele>3.0</ele>
        <time>2026-09-19T10:43:00Z</time>
        <extensions>
          <gpxtpx:TrackPointExtension>
            <gpxtpx:hr>153</gpxtpx:hr>
          </gpxtpx:TrackPointExtension>
        </extensions>
      </trkpt>
      <trkpt lat="31.206740404374887" lon="121.3497642977641">
        <ele>3.200000047683716</ele>
        <time>2026-09-19T10:43:04Z</time>
        <extensions>
          <gpxtpx:TrackPointExtension>
            <gpxtpx:hr>153</gpxtpx:hr>
          </gpxtpx:TrackPointExtension>
        </extensions>
      </trkpt>
      <trkpt lat="31.206842401043765" lon="121.34973634331297">
        <ele>3.0</ele>
        <time>2026-09-19T10:43:08Z</time>
        <extensions>
          <gpxtpx:TrackPointExtension>
            <gpxtpx:hr>153</gpxtpx:hr>
          </gpxtpx:TrackPointExtension>
        </extensions>
      </trkpt>
      <trkpt lat="31.20693439764071" lon="121.34971138391754">
        <ele>3.200000047683716</ele>
        <time>2026-09-19T10:43:12Z</time>
        <extensions>
          <gpxtpx:TrackPointExtension>
            <gpxtpx:hr>153</gpxtpx:hr>
          </gpxtpx:TrackPointExtension>
        </extensions>
      </trkpt>
      <trkpt lat="31.207044393776776" lon="121.34968143269786">
        <ele>3.0</ele>
        <time>2026-09-19T10:43:16Z</time>
        <extensions>
          <gpxtpx:TrackPointExtension>
            <gpxtpx:hr>153</gpxtpx:hr>
          </gpxtpx:TrackPointExtension>
        </extensions>
      </trkpt>
      <trkpt lat="31.207154383351558" lon="121.34965547372309">
        <ele>3.200000047683716</ele>
        <time>2026-09-19T10:43:20Z</time>
        <extensions>
          <gpxtpx:TrackPointExtension>
            <gpxtpx:hr>154</gpxtpx:hr>
          </gpxtpx:TrackPointExtension>
        </extensions>
      </trkpt>
      <trkpt lat="31.207262377213908" lon="121.34962751882769">
        <ele>3.0</ele>
        <time>2026-09-19T10:43:24Z</time>
        <extensions>
          <gpxtpx:TrackPointExtension>
            <gpxtpx:hr>153</gpxtpx:hr>
          </gpxtpx:TrackPointExtension>
        </extensions>
      </trkpt>
      <trkpt lat="31.207394379272873" lon="121.34958758522417">
        <ele>3.0</ele>
        <time>2026-09-19T10:43:28Z</time>
        <extensions>
          <gpxtpx:TrackPointExtension>
            <gpxtpx:hr>152</gpxtpx:hr>
          </gpxtpx:TrackPointExtension>
        </extensions>
      </trkpt>
      <trkpt lat="31.207472376163707" lon="121.34956661934528">
        <ele>3.0</ele>
        <time>2026-09-19T10:43:32Z</time>
        <extensions>
          <gpxtpx:TrackPointExtension>
            <gpxtpx:hr>152</gpxtpx:hr>
          </gpxtpx:TrackPointExtension>
        </extensions>
      </trkpt>
      <trkpt lat="31.20758235594063" lon="121.34954664876179">
        <ele>3.0</ele>
        <time>2026-09-19T10:43:36Z</time>
        <extensions>
          <gpxtpx:TrackPointExtension>
            <gpxtpx:hr>152</gpxtpx:hr>
          </gpxtpx:TrackPointExtension>
        </extensions>
      </trkpt>
      <trkpt lat="31.207682362023046" lon="121.34951370437128">
        <ele>3.0</ele>
        <time>2026-09-19T10:43:40Z</time>
        <extensions>
          <gpxtpx:TrackPointExtension>
            <gpxtpx:hr>152</gpxtpx:hr>
          </gpxtpx:TrackPointExtension>
        </extensions>
      </trkpt>
      <trkpt lat="31.207787373972906" lon="121.34947576931754">
        <ele>3.0</ele>
        <time>2026-09-19T10:43:44Z</time>
        <extensions>
          <gpxtpx:TrackPointExtension>
            <gpxtpx:hr>153</gpxtpx:hr>
          </gpxtpx:TrackPointExtension>
        </extensions>
      </trkpt>
      <trkpt lat="31.20792136203194" lon="121.34944382009317">
        <ele>2.799999952316284</ele>
        <time>2026-09-19T10:43:48Z</time>
        <extensions>
          <gpxtpx:TrackPointExtension>
            <gpxtpx:hr>152</gpxtpx:hr>
          </gpxtpx:TrackPointExtension>
        </extensions>
      </trkpt>
      <trkpt lat="31.20801034544151" lon="121.34942784358704">
        <ele>3.0</ele>
        <time>2026-09-19T10:43:52Z</time>
        <extensions>
          <gpxtpx:TrackPointExtension>
            <gpxtpx:hr>151</gpxtpx:hr>
          </gpxtpx:TrackPointExtension>
        </extensions>
      </trkpt>
      <trkpt lat="31.208117344950928" lon="121.34939689478531">
        <ele>2.799999952316284</ele>
        <time>2026-09-19T10:43:56Z</time>
        <extensions>
          <gpxtpx:TrackPointExtension>
            <gpxtpx:hr>151</gpxtpx:hr>
          </gpxtpx:TrackPointExtension>
        </extensions>
      </trkpt>
      <trkpt lat="31.208247341643382" lon="121.3493609537739">
        <ele>2.799999952316284</ele>
        <time>2026-09-19T10:44:00Z</time>
        <extensions>
          <gpxtpx:TrackPointExtension>
            <gpxtpx:hr>150</gpxtpx:hr>
          </gpxtpx:TrackPointExtension>
        </extensions>
      </trkpt>
      <trkpt lat="31.208321315814686" lon="121.34935495908088">
        <ele>3.0</ele>
        <time>2026-09-19T10:44:04Z</time>
        <extensions>
          <gpxtpx:TrackPointExtension>
            <gpxtpx:hr>149</gpxtpx:hr>
          </gpxtpx:TrackPointExtension>
        </extensions>
      </trkpt>
      <trkpt lat="31.20845128444237" lon="121.34933598491826">
        <ele>3.0</ele>
        <time>2026-09-19T10:44:08Z</time>
        <extensions>
          <gpxtpx:TrackPointExtension>
            <gpxtpx:hr>145</gpxtpx:hr>
          </gpxtpx:TrackPointExtension>
        </extensions>
      </trkpt>
      <trkpt lat="31.208560279774115" lon="121.34930703210716">
        <ele>2.799999952316284</ele>
        <time>2026-09-19T10:44:12Z</time>
        <extensions>
          <gpxtpx:TrackPointExtension>
            <gpxtpx:hr>145</gpxtpx:hr>
          </gpxtpx:TrackPointExtension>
        </extensions>
      </trkpt>
      <trkpt lat="31.208671265892637" lon="121.3492830693766">
        <ele>3.0</ele>
        <time>2026-09-19T10:44:16Z</time>
        <extensions>
          <gpxtpx:TrackPointExtension>
            <gpxtpx:hr>145</gpxtpx:hr>
          </gpxtpx:TrackPointExtension>
        </extensions>
      </trkpt>
      <trkpt lat="31.20877427244872" lon="121.34924912689206">
        <ele>3.0</ele>
        <time>2026-09-19T10:44:20Z</time>
        <extensions>
          <gpxtpx:TrackPointExtension>
            <gpxtpx:hr>145</gpxtpx:hr>
          </gpxtpx:TrackPointExtension>
        </extensions>
      </trkpt>
      <trkpt lat="31.208858269989122" lon="121.34922616457625">
        <ele>3.0</ele>
        <time>2026-09-19T10:44:24Z</time>
        <extensions>
          <gpxtpx:TrackPointExtension>
            <gpxtpx:hr>146</gpxtpx:hr>
          </gpxtpx:TrackPointExtension>
        </extensions>
      </trkpt>
      <trkpt lat="31.208992268269125" lon="121.34918822727877">
        <ele>3.0</ele>
        <time>2026-09-19T10:44:28Z</time>
        <extensions>
          <gpxtpx:TrackPointExtension>
            <gpxtpx:hr>146</gpxtpx:hr>
          </gpxtpx:TrackPointExtension>
        </extensions>
      </trkpt>
      <trkpt lat="31.2091082437872" lon="121.34916925440403">
        <ele>3.200000047683716</ele>
        <time>2026-09-19T10:44:32Z</time>
        <extensions>
          <gpxtpx:TrackPointExtension>
            <gpxtpx:hr>147</gpxtpx:hr>
          </gpxtpx:TrackPointExtension>
        </extensions>
      </trkpt>
      <trkpt lat="31.209213236232074" lon="121.34914329618576">
        <ele>3.0</ele>
        <time>2026-09-19T10:44:36Z</time>
        <extensions>
          <gpxtpx:TrackPointExtension>
            <gpxtpx:hr>150</gpxtpx:hr>
          </gpxtpx:TrackPointExtension>
        </extensions>
      </trkpt>
      <trkpt lat="31.209292244553943" lon="121.34911534414765">
        <ele>3.200000047683716</ele>
        <time>2026-09-19T10:44:40Z</time>
        <extensions>
          <gpxtpx:TrackPointExtension>
            <gpxtpx:hr>143</gpxtpx:hr>
          </gpxtpx:TrackPointExtension>
        </extensions>
      </trkpt>
      <trkpt lat="31.209426239648973" lon="121.34907940303519">
        <ele>3.0</ele>
        <time>2026-09-19T10:44:44Z</time>
        <extensions>
          <gpxtpx:TrackPointExtension>
            <gpxtpx:hr>142</gpxtpx:hr>
          </gpxtpx:TrackPointExtension>
        </extensions>
      </trkpt>
      <trkpt lat="31.20953022435369" lon="121.34905843516579">
        <ele>3.4000000953674316</ele>
        <time>2026-09-19T10:44:48Z</time>
        <extensions>
          <gpxtpx:TrackPointExtension>
            <gpxtpx:hr>142</gpxtpx:hr>
          </gpxtpx:TrackPointExtension>
        </extensions>
      </trkpt>
      <trkpt lat="31.209636206452675" lon="121.34903846517473">
        <ele>3.4000000953674316</ele>
        <time>2026-09-19T10:44:52Z</time>
        <extensions>
          <gpxtpx:TrackPointExtension>
            <gpxtpx:hr>142</gpxtpx:hr>
          </gpxtpx:TrackPointExtension>
        </extensions>
      </trkpt>
      <trkpt lat="31.209743189747346" lon="121.34901749706644">
        <ele>3.4000000953674316</ele>
        <time>2026-09-19T10:44:56Z</time>
        <extensions>
          <gpxtpx:TrackPointExtension>
            <gpxtpx:hr>145</gpxtpx:hr>
          </gpxtpx:TrackPointExtension>
        </extensions>
      </trkpt>
      <trkpt lat="31.20985518061518" lon="121.34899054029779">
        <ele>3.4000000953674316</ele>
        <time>2026-09-19T10:45:00Z</time>
        <extensions>
          <gpxtpx:TrackPointExtension>
            <gpxtpx:hr>146</gpxtpx:hr>
          </gpxtpx:TrackPointExtension>
        </extensions>
      </trkpt>
      <trkpt lat="31.209956186773862" lon="121.34895759626451">
        <ele>3.5999999046325684</ele>
        <time>2026-09-19T10:45:04Z</time>
        <extensions>
          <gpxtpx:TrackPointExtension>
            <gpxtpx:hr>146</gpxtpx:hr>
          </gpxtpx:TrackPointExtension>
        </extensions>
      </trkpt>
      <trkpt lat="31.210043173116276" lon="121.3489406220808">
        <ele>3.200000047683716</ele>
        <time>2026-09-19T10:45:08Z</time>
        <extensions>
          <gpxtpx:TrackPointExtension>
            <gpxtpx:hr>145</gpxtpx:hr>
          </gpxtpx:TrackPointExtension>
        </extensions>
      </trkpt>
      <trkpt lat="31.210155174026923" lon="121.34890767713532">
        <ele>3.0</ele>
        <time>2026-09-19T10:45:12Z</time>
        <extensions>
          <gpxtpx:TrackPointExtension>
            <gpxtpx:hr>139</gpxtpx:hr>
          </gpxtpx:TrackPointExtension>
        </extensions>
      </trkpt>
      <trkpt lat="31.2102742547709" lon="121.34882482979506">
        <ele>2.5999999046325684</ele>
        <time>2026-09-19T10:45:16Z</time>
        <extensions>
          <gpxtpx:TrackPointExtension>
            <gpxtpx:hr>138</gpxtpx:hr>
          </gpxtpx:TrackPointExtension>
        </extensions>
      </trkpt>
      <trkpt lat="31.210276373660477" lon="121.34875297111208">
        <ele>2.5999999046325684</ele>
        <time>2026-09-19T10:45:20Z</time>
        <extensions>
          <gpxtpx:TrackPointExtension>
            <gpxtpx:hr>138</gpxtpx:hr>
          </gpxtpx:TrackPointExtension>
        </extensions>
      </trkpt>
      <trkpt lat="31.210145475039155" lon="121.34873002766828">
        <ele>2.4000000953674316</ele>
        <time>2026-09-19T10:45:24Z</time>
        <extensions>
          <gpxtpx:TrackPointExtension>
            <gpxtpx:hr>137</gpxtpx:hr>
          </gpxtpx:TrackPointExtension>
        </extensions>
      </trkpt>
      <trkpt lat="31.210047635549017" lon="121.3486621699241">
        <ele>2.799999952316284</ele>
        <time>2026-09-19T10:45:28Z</time>
        <extensions>
          <gpxtpx:TrackPointExtension>
            <gpxtpx:hr>134</gpxtpx:hr>
          </gpxtpx:TrackPointExtension>
        </extensions>
      </trkpt>
      <trkpt lat="31.210012782497873" lon="121.34858432653722">
        <ele>2.799999952316284</ele>
        <time>2026-09-19T10:45:32Z</time>
        <extensions>
          <gpxtpx:TrackPointExtension>
            <gpxtpx:hr>134</gpxtpx:hr>
          </gpxtpx:TrackPointExtension>
        </extensions>
      </trkpt>
      <trkpt lat="31.20992803550878" lon="121.34845758426351">
        <ele>3.0</ele>
        <time>2026-09-19T10:45:36Z</time>
        <extensions>
          <gpxtpx:TrackPointExtension>
            <gpxtpx:hr>134</gpxtpx:hr>
          </gpxtpx:TrackPointExtension>
        </extensions>
      </trkpt>
      <trkpt lat="31.20986414490074" lon="121.34841068255287">
        <ele>3.200000047683716</ele>
        <time>2026-09-19T10:45:40Z</time>
        <extensions>
          <gpxtpx:TrackPointExtension>
            <gpxtpx:hr>135</gpxtpx:hr>
          </gpxtpx:TrackPointExtension>
        </extensions>
      </trkpt>
      <trkpt lat="31.209784318936748" lon="121.34832984944502">
        <ele>3.200000047683716</ele>
        <time>2026-09-19T10:45:44Z</time>
        <extensions>
          <gpxtpx:TrackPointExtension>
            <gpxtpx:hr>135</gpxtpx:hr>
          </gpxtpx:TrackPointExtension>
        </extensions>
      </trkpt>
      <trkpt lat="31.20970350698741" lon="121.34824103239887">
        <ele>3.200000047683716</ele>
        <time>2026-09-19T10:45:48Z</time>
        <extensions>
          <gpxtpx:TrackPointExtension>
            <gpxtpx:hr>135</gpxtpx:hr>
          </gpxtpx:TrackPointExtension>
        </extensions>
      </trkpt>
      <trkpt lat="31.209604598261425" lon="121.34821509239674">
        <ele>3.0</ele>
        <time>2026-09-19T10:45:52Z</time>
        <extensions>
          <gpxtpx:TrackPointExtension>
            <gpxtpx:hr>136</gpxtpx:hr>
          </gpxtpx:TrackPointExtension>
        </extensions>
      </trkpt>
      <trkpt lat="31.2094876094204" lon="121.3482420491033">
        <ele>2.799999952316284</ele>
        <time>2026-09-19T10:45:56Z</time>
        <extensions>
          <gpxtpx:TrackPointExtension>
            <gpxtpx:hr>136</gpxtpx:hr>
          </gpxtpx:TrackPointExtension>
        </extensions>
      </trkpt>
      <trkpt lat="31.209333599932872" lon="121.34829196355496">
        <ele>2.799999952316284</ele>
        <time>2026-09-19T10:46:00Z</time>
        <extensions>
          <gpxtpx:TrackPointExtension>
            <gpxtpx:hr>136</gpxtpx:hr>
          </gpxtpx:TrackPointExtension>
        </extensions>
      </trkpt>
      <trkpt lat="31.209215656838925" lon="121.34829197376109">
        <ele>2.5999999046325684</ele>
        <time>2026-09-19T10:46:04Z</time>
        <extensions>
          <gpxtpx:TrackPointExtension>
            <gpxtpx:hr>136</gpxtpx:hr>
          </gpxtpx:TrackPointExtension>
        </extensions>
      </trkpt>
      <trkpt lat="31.209129706691808" lon="121.34828699108361">
        <ele>2.799999952316284</ele>
        <time>2026-09-19T10:46:08Z</time>
        <extensions>
          <gpxtpx:TrackPointExtension>
            <gpxtpx:hr>138</gpxtpx:hr>
          </gpxtpx:TrackPointExtension>
        </extensions>
      </trkpt>
      <trkpt lat="31.209020749230202" lon="121.3482929886503">
        <ele>2.5999999046325684</ele>
        <time>2026-09-19T10:46:12Z</time>
        <extensions>
          <gpxtpx:TrackPointExtension>
            <gpxtpx:hr>138</gpxtpx:hr>
          </gpxtpx:TrackPointExtension>
        </extensions>
      </trkpt>
      <trkpt lat="31.20886979028569" lon="121.3483119641565">
        <ele>2.799999952316284</ele>
        <time>2026-09-19T10:46:16Z</time>
        <extensions>
          <gpxtpx:TrackPointExtension>
            <gpxtpx:hr>137</gpxtpx:hr>
          </gpxtpx:TrackPointExtension>
        </extensions>
      </trkpt>
      <trkpt lat="31.20878279712773" lon="121.34833293018397">
        <ele>3.0</ele>
        <time>2026-09-19T10:46:20Z</time>
        <extensions>
          <gpxtpx:TrackPointExtension>
            <gpxtpx:hr>138</gpxtpx:hr>
          </gpxtpx:TrackPointExtension>
        </extensions>
      </trkpt>
      <trkpt lat="31.208672793339726" lon="121.34836687253376">
        <ele>3.0</ele>
        <time>2026-09-19T10:46:24Z</time>
        <extensions>
          <gpxtpx:TrackPointExtension>
            <gpxtpx:hr>139</gpxtpx:hr>
          </gpxtpx:TrackPointExtension>
        </extensions>
      </trkpt>
      <trkpt lat="31.208545752651485" lon="121.34842776308523">
        <ele>3.200000047683716</ele>
        <time>2026-09-19T10:46:28Z</time>
        <extensions>
          <gpxtpx:TrackPointExtension>
            <gpxtpx:hr>138</gpxtpx:hr>
          </gpxtpx:TrackPointExtension>
        </extensions>
      </trkpt>
      <trkpt lat="31.20843573390965" lon="121.3484706877563">
        <ele>3.200000047683716</ele>
        <time>2026-09-19T10:46:32Z</time>
        <extensions>
          <gpxtpx:TrackPointExtension>
            <gpxtpx:hr>137</gpxtpx:hr>
          </gpxtpx:TrackPointExtension>
        </extensions>
      </trkpt>
      <trkpt lat="31.20835870762346" lon="121.34850861947464">
        <ele>3.200000047683716</ele>
        <time>2026-09-19T10:46:36Z</time>
        <extensions>
          <gpxtpx:TrackPointExtension>
            <gpxtpx:hr>138</gpxtpx:hr>
          </gpxtpx:TrackPointExtension>
        </extensions>
      </trkpt>
      <trkpt lat="31.20824767943433" lon="121.34855753249019">
        <ele>3.200000047683716</ele>
        <time>2026-09-19T10:46:40Z</time>
        <extensions>
          <gpxtpx:TrackPointExtension>
            <gpxtpx:hr>139</gpxtpx:hr>
          </gpxtpx:TrackPointExtension>
        </extensions>
      </trkpt>
      <trkpt lat="31.20811767382949" lon="121.34859846296158">
        <ele>3.200000047683716</ele>
        <time>2026-09-19T10:46:44Z</time>
        <extensions>
          <gpxtpx:TrackPointExtension>
            <gpxtpx:hr>139</gpxtpx:hr>
          </gpxtpx:TrackPointExtension>
        </extensions>
      </trkpt>
      <trkpt lat="31.208005727956948" lon="121.34859847264907">
        <ele>3.200000047683716</ele>
        <time>2026-09-19T10:46:48Z</time>
        <extensions>
          <gpxtpx:TrackPointExtension>
            <gpxtpx:hr>140</gpxtpx:hr>
          </gpxtpx:TrackPointExtension>
        </extensions>
      </trkpt>
      <trkpt lat="31.207885774284527" lon="121.34860546924195">
        <ele>3.4000000953674316</ele>
        <time>2026-09-19T10:46:52Z</time>
        <extensions>
          <gpxtpx:TrackPointExtension>
            <gpxtpx:hr>141</gpxtpx:hr>
          </gpxtpx:TrackPointExtension>
        </extensions>
      </trkpt>
      <trkpt lat="31.20780181823201" lon="121.34860348044641">
        <ele>3.4000000953674316</ele>
        <time>2026-09-19T10:46:56Z</time>
        <extensions>
          <gpxtpx:TrackPointExtension>
            <gpxtpx:hr>141</gpxtpx:hr>
          </gpxtpx:TrackPointExtension>
        </extensions>
      </trkpt>
      <trkpt lat="31.207696872340705" lon="121.3486014934673">
        <ele>3.5999999046325684</ele>
        <time>2026-09-19T10:47:00Z</time>
        <extensions>
          <gpxtpx:TrackPointExtension>
            <gpxtpx:hr>142</gpxtpx:hr>
          </gpxtpx:TrackPointExtension>
        </extensions>
      </trkpt>
      <trkpt lat="31.207590888576313" lon="121.34862246128118">
        <ele>3.4000000953674316</ele>
        <time>2026-09-19T10:47:04Z</time>
        <extensions>
          <gpxtpx:TrackPointExtension>
            <gpxtpx:hr>144</gpxtpx:hr>
          </gpxtpx:TrackPointExtension>
        </extensions>
      </trkpt>
      <trkpt lat="31.207481897944206" lon="121.34864841952265">
        <ele>3.4000000953674316</ele>
        <time>2026-09-19T10:47:08Z</time>
        <extensions>
          <gpxtpx:TrackPointExtension>
            <gpxtpx:hr>144</gpxtpx:hr>
          </gpxtpx:TrackPointExtension>
        </extensions>
      </trkpt>
      <trkpt lat="31.207351829180425" lon="121.34872727533678">
        <ele>3.4000000953674316</ele>
        <time>2026-09-19T10:47:12Z</time>
        <extensions>
          <gpxtpx:TrackPointExtension>
            <gpxtpx:hr>143</gpxtpx:hr>
          </gpxtpx:TrackPointExtension>
        </extensions>
      </trkpt>
      <trkpt lat="31.207282755997273" lon="121.3487911554949">
        <ele>3.4000000953674316</ele>
        <time>2026-09-19T10:47:16Z</time>
        <extensions>
          <gpxtpx:TrackPointExtension>
            <gpxtpx:hr>143</gpxtpx:hr>
          </gpxtpx:TrackPointExtension>
        </extensions>
      </trkpt>
      <trkpt lat="31.20716871299574" lon="121.34885004946025">
        <ele>3.4000000953674316</ele>
        <time>2026-09-19T10:47:20Z</time>
        <extensions>
          <gpxtpx:TrackPointExtension>
            <gpxtpx:hr>144</gpxtpx:hr>
          </gpxtpx:TrackPointExtension>
        </extensions>
      </trkpt>
      <trkpt lat="31.207059710878198" lon="121.34888299410173">
        <ele>3.4000000953674316</ele>
        <time>2026-09-19T10:47:24Z</time>
        <extensions>
          <gpxtpx:TrackPointExtension>
            <gpxtpx:hr>144</gpxtpx:hr>
          </gpxtpx:TrackPointExtension>
        </extensions>
      </trkpt>
      <trkpt lat="31.206919805270896" lon="121.34886703761998">
        <ele>3.4000000953674316</ele>
        <time>2026-09-19T10:47:28Z</time>
        <extensions>
          <gpxtpx:TrackPointExtension>
            <gpxtpx:hr>143</gpxtpx:hr>
          </gpxtpx:TrackPointExtension>
        </extensions>
      </trkpt>
      <trkpt lat="31.206829832226298" lon="121.34887702577375">
        <ele>3.799999952316284</ele>
        <time>2026-09-19T10:47:32Z</time>
        <extensions>
          <gpxtpx:TrackPointExtension>
            <gpxtpx:hr>143</gpxtpx:hr>
          </gpxtpx:TrackPointExtension>
        </extensions>
      </trkpt>
      <trkpt lat="31.206708879195276" lon="121.34888402249966">
        <ele>4.199999809265137</ele>
        <time>2026-09-19T10:47:36Z</time>
        <extensions>
          <gpxtpx:TrackPointExtension>
            <gpxtpx:hr>143</gpxtpx:hr>
          </gpxtpx:TrackPointExtension>
        </extensions>
      </trkpt>
      <trkpt lat="31.20659488953748" lon="121.34891097937309">
        <ele>4.800000190734863</ele>
        <time>2026-09-19T10:47:40Z</time>
        <extensions>
          <gpxtpx:TrackPointExtension>
            <gpxtpx:hr>144</gpxtpx:hr>
          </gpxtpx:TrackPointExtension>
        </extensions>
      </trkpt>
      <trkpt lat="31.206460876367395" lon="121.3489578987681">
        <ele>5.0</ele>
        <time>2026-09-19T10:47:44Z</time>
        <extensions>
          <gpxtpx:TrackPointExtension>
            <gpxtpx:hr>145</gpxtpx:hr>
          </gpxtpx:TrackPointExtension>
        </extensions>
      </trkpt>
      <trkpt lat="31.206361901093505" lon="121.34897187987904">
        <ele>4.599999904632568</ele>
        <time>2026-09-19T10:47:48Z</time>
        <extensions>
          <gpxtpx:TrackPointExtension>
            <gpxtpx:hr>148</gpxtpx:hr>
          </gpxtpx:TrackPointExtension>
        </extensions>
      </trkpt>
      <trkpt lat="31.206206992845182" lon="121.34896191289454">
        <ele>4.400000095367432</ele>
        <time>2026-09-19T10:47:52Z</time>
        <extensions>
          <gpxtpx:TrackPointExtension>
            <gpxtpx:hr>149</gpxtpx:hr>
          </gpxtpx:TrackPointExtension>
        </extensions>
      </trkpt>
      <trkpt lat="31.206096108146465" lon="121.34892499506705">
        <ele>4.199999809265137</ele>
        <time>2026-09-19T10:47:56Z</time>
        <extensions>
          <gpxtpx:TrackPointExtension>
            <gpxtpx:hr>149</gpxtpx:hr>
          </gpxtpx:TrackPointExtension>
        </extensions>
      </trkpt>
      <trkpt lat="31.205979154918282" lon="121.34893099341656">
        <ele>3.799999952316284</ele>
        <time>2026-09-19T10:48:00Z</time>
        <extensions>
          <gpxtpx:TrackPointExtension>
            <gpxtpx:hr>150</gpxtpx:hr>
          </gpxtpx:TrackPointExtension>
        </extensions>
      </trkpt>
      <trkpt lat="31.205894161255035" lon="121.34895195957867">
        <ele>3.5999999046325684</ele>
        <time>2026-09-19T10:48:04Z</time>
        <extensions>
          <gpxtpx:TrackPointExtension>
            <gpxtpx:hr>150</gpxtpx:hr>
          </gpxtpx:TrackPointExtension>
        </extensions>
      </trkpt>
      <trkpt lat="31.205754132848767" lon="121.34900985797978">
        <ele>3.799999952316284</ele>
        <time>2026-09-19T10:48:08Z</time>
        <extensions>
          <gpxtpx:TrackPointExtension>
            <gpxtpx:hr>150</gpxtpx:hr>
          </gpxtpx:TrackPointExtension>
        </extensions>
      </trkpt>
      <trkpt lat="31.205644131449883" lon="121.34904280283416">
        <ele>3.5999999046325684</ele>
        <time>2026-09-19T10:48:12Z</time>
        <extensions>
          <gpxtpx:TrackPointExtension>
            <gpxtpx:hr>150</gpxtpx:hr>
          </gpxtpx:TrackPointExtension>
        </extensions>
      </trkpt>
      <trkpt lat="31.20554012551124" lon="121.34907674523743">
        <ele>3.799999952316284</ele>
        <time>2026-09-19T10:48:16Z</time>
        <extensions>
          <gpxtpx:TrackPointExtension>
            <gpxtpx:hr>150</gpxtpx:hr>
          </gpxtpx:TrackPointExtension>
        </extensions>
      </trkpt>
      <trkpt lat="31.205461147271997" lon="121.34908673249">
        <ele>3.5999999046325684</ele>
        <time>2026-09-19T10:48:20Z</time>
        <extensions>
          <gpxtpx:TrackPointExtension>
            <gpxtpx:hr>150</gpxtpx:hr>
          </gpxtpx:TrackPointExtension>
        </extensions>
      </trkpt>
      <trkpt lat="31.20532020412039" lon="121.34909373098105">
        <ele>3.5999999046325684</ele>
        <time>2026-09-19T10:48:24Z</time>
        <extensions>
          <gpxtpx:TrackPointExtension>
            <gpxtpx:hr>149</gpxtpx:hr>
          </gpxtpx:TrackPointExtension>
        </extensions>
      </trkpt>
      <trkpt lat="31.205219152029933" lon="121.34915462033703">
        <ele>3.5999999046325684</ele>
        <time>2026-09-19T10:48:28Z</time>
        <extensions>
          <gpxtpx:TrackPointExtension>
            <gpxtpx:hr>149</gpxtpx:hr>
          </gpxtpx:TrackPointExtension>
        </extensions>
      </trkpt>
      <trkpt lat="31.205153979888966" lon="121.3492773855132">
        <ele>3.5999999046325684</ele>
        <time>2026-09-19T10:48:32Z</time>
        <extensions>
          <gpxtpx:TrackPointExtension>
            <gpxtpx:hr>149</gpxtpx:hr>
          </gpxtpx:TrackPointExtension>
        </extensions>
      </trkpt>
      <trkpt lat="31.205086820592324" lon="121.34939316487993">
        <ele>3.5999999046325684</ele>
        <time>2026-09-19T10:48:36Z</time>
        <extensions>
          <gpxtpx:TrackPointExtension>
            <gpxtpx:hr>149</gpxtpx:hr>
          </gpxtpx:TrackPointExtension>
        </extensions>
      </trkpt>
      <trkpt lat="31.20503173993133" lon="121.34945804290143">
        <ele>3.5999999046325684</ele>
        <time>2026-09-19T10:48:40Z</time>
        <extensions>
          <gpxtpx:TrackPointExtension>
            <gpxtpx:hr>149</gpxtpx:hr>
          </gpxtpx:TrackPointExtension>
        </extensions>
      </trkpt>
      <trkpt lat="31.204921608551693" lon="121.34956983428097">
        <ele>3.4000000953674316</ele>
        <time>2026-09-19T10:48:44Z</time>
        <extensions>
          <gpxtpx:TrackPointExtension>
            <gpxtpx:hr>150</gpxtpx:hr>
          </gpxtpx:TrackPointExtension>
        </extensions>
      </trkpt>
      <trkpt lat="31.20483958410008" lon="121.349608765488">
        <ele>3.4000000953674316</ele>
        <time>2026-09-19T10:48:48Z</time>
        <extensions>
          <gpxtpx:TrackPointExtension>
            <gpxtpx:hr>148</gpxtpx:hr>
          </gpxtpx:TrackPointExtension>
        </extensions>
      </trkpt>
      <trkpt lat="31.204728641346417" lon="121.34960677898096">
        <ele>3.4000000953674316</ele>
        <time>2026-09-19T10:48:52Z</time>
        <extensions>
          <gpxtpx:TrackPointExtension>
            <gpxtpx:hr>137</gpxtpx:hr>
          </gpxtpx:TrackPointExtension>
        </extensions>
      </trkpt>
      <trkpt lat="31.204614668745712" lon="121.34962375577479">
        <ele>3.5999999046325684</ele>
        <time>2026-09-19T10:48:56Z</time>
        <extensions>
          <gpxtpx:TrackPointExtension>
            <gpxtpx:hr>136</gpxtpx:hr>
          </gpxtpx:TrackPointExtension>
        </extensions>
      </trkpt>
      <trkpt lat="31.20450070275253" lon="121.34963674035409">
        <ele>3.5999999046325684</ele>
        <time>2026-09-19T10:49:00Z</time>
        <extensions>
          <gpxtpx:TrackPointExtension>
            <gpxtpx:hr>136</gpxtpx:hr>
          </gpxtpx:TrackPointExtension>
        </extensions>
      </trkpt>
      <trkpt lat="31.204360737887416" lon="121.349656713577">
        <ele>3.799999952316284</ele>
        <time>2026-09-19T10:49:04Z</time>
        <extensions>
          <gpxtpx:TrackPointExtension>
            <gpxtpx:hr>136</gpxtpx:hr>
          </gpxtpx:TrackPointExtension>
        </extensions>
      </trkpt>
      <trkpt lat="31.20427875141889" lon="121.3496726895672">
        <ele>3.5999999046325684</ele>
        <time>2026-09-19T10:49:08Z</time>
        <extensions>
          <gpxtpx:TrackPointExtension>
            <gpxtpx:hr>136</gpxtpx:hr>
          </gpxtpx:TrackPointExtension>
        </extensions>
      </trkpt>
      <trkpt lat="31.20413880800203" lon="121.34967968807236">
        <ele>4.199999809265137</ele>
        <time>2026-09-19T10:49:12Z</time>
        <extensions>
          <gpxtpx:TrackPointExtension>
            <gpxtpx:hr>136</gpxtpx:hr>
          </gpxtpx:TrackPointExtension>
        </extensions>
      </trkpt>
      <trkpt lat="31.204020837429123" lon="121.34969666524263">
        <ele>4.599999904632568</ele>
        <time>2026-09-19T10:49:16Z</time>
        <extensions>
          <gpxtpx:TrackPointExtension>
            <gpxtpx:hr>135</gpxtpx:hr>
          </gpxtpx:TrackPointExtension>
        </extensions>
      </trkpt>
      <trkpt lat="31.203907847978858" lon="121.34972362256116">
        <ele>4.800000190734863</ele>
        <time>2026-09-19T10:49:20Z</time>
        <extensions>
          <gpxtpx:TrackPointExtension>
            <gpxtpx:hr>134</gpxtpx:hr>
          </gpxtpx:TrackPointExtension>
        </extensions>
      </trkpt>
      <trkpt lat="31.203790873665657" lon="121.34974259577915">
        <ele>4.800000190734863</ele>
        <time>2026-09-19T10:49:24Z</time>
        <extensions>
          <gpxtpx:TrackPointExtension>
            <gpxtpx:hr>134</gpxtpx:hr>
          </gpxtpx:TrackPointExtension>
        </extensions>
      </trkpt>
      <trkpt lat="31.20369989822759" lon="121.3497545803485">
        <ele>4.400000095367432</ele>
        <time>2026-09-19T10:49:28Z</time>
        <extensions>
          <gpxtpx:TrackPointExtension>
            <gpxtpx:hr>135</gpxtpx:hr>
          </gpxtpx:TrackPointExtension>
        </extensions>
      </trkpt>
      <trkpt lat="31.20359088715471" lon="121.34979351406822">
        <ele>4.0</ele>
        <time>2026-09-19T10:49:32Z</time>
        <extensions>
          <gpxtpx:TrackPointExtension>
            <gpxtpx:hr>135</gpxtpx:hr>
          </gpxtpx:TrackPointExtension>
        </extensions>
      </trkpt>
      <trkpt lat="31.203453848673895" lon="121.34985740175937">
        <ele>3.4000000953674316</ele>
        <time>2026-09-19T10:49:36Z</time>
        <extensions>
          <gpxtpx:TrackPointExtension>
            <gpxtpx:hr>134</gpxtpx:hr>
          </gpxtpx:TrackPointExtension>
        </extensions>
      </trkpt>
      <trkpt lat="31.20336884243741" lon="121.34988635288553">
        <ele>3.200000047683716</ele>
        <time>2026-09-19T10:49:40Z</time>
        <extensions>
          <gpxtpx:TrackPointExtension>
            <gpxtpx:hr>135</gpxtpx:hr>
          </gpxtpx:TrackPointExtension>
        </extensions>
      </trkpt>
      <trkpt lat="31.20323385730507" lon="121.34991730448233">
        <ele>3.0</ele>
        <time>2026-09-19T10:49:44Z</time>
        <extensions>
          <gpxtpx:TrackPointExtension>
            <gpxtpx:hr>135</gpxtpx:hr>
          </gpxtpx:TrackPointExtension>
        </extensions>
      </trkpt>
      <trkpt lat="31.20314885604404" lon="121.34994326146263">
        <ele>3.0</ele>
        <time>2026-09-19T10:49:48Z</time>
        <extensions>
          <gpxtpx:TrackPointExtension>
            <gpxtpx:hr>135</gpxtpx:hr>
          </gpxtpx:TrackPointExtension>
        </extensions>
      </trkpt>
      <trkpt lat="31.20303887191278" lon="121.34996622643185">
        <ele>3.0</ele>
        <time>2026-09-19T10:49:52Z</time>
        <extensions>
          <gpxtpx:TrackPointExtension>
            <gpxtpx:hr>135</gpxtpx:hr>
          </gpxtpx:TrackPointExtension>
        </extensions>
      </trkpt>
      <trkpt lat="31.20289690504586" lon="121.34998819611842">
        <ele>2.799999952316284</ele>
        <time>2026-09-19T10:49:56Z</time>
        <extensions>
          <gpxtpx:TrackPointExtension>
            <gpxtpx:hr>134</gpxtpx:hr>
          </gpxtpx:TrackPointExtension>
        </extensions>
      </trkpt>
      <trkpt lat="31.20279890690601" lon="121.3500161503984">
        <ele>2.799999952316284</ele>
        <time>2026-09-19T10:50:00Z</time>
        <extensions>
          <gpxtpx:TrackPointExtension>
            <gpxtpx:hr>134</gpxtpx:hr>
          </gpxtpx:TrackPointExtension>
        </extensions>
      </trkpt>
      <trkpt lat="31.202694919914347" lon="121.35003911489017">
        <ele>2.5999999046325684</ele>
        <time>2026-09-19T10:50:04Z</time>
        <extensions>
          <gpxtpx:TrackPointExtension>
            <gpxtpx:hr>136</gpxtpx:hr>
          </gpxtpx:TrackPointExtension>
        </extensions>
      </trkpt>
      <trkpt lat="31.202606921858706" lon="121.35006407414267">
        <ele>2.799999952316284</ele>
        <time>2026-09-19T10:50:08Z</time>
        <extensions>
          <gpxtpx:TrackPointExtension>
            <gpxtpx:hr>138</gpxtpx:hr>
          </gpxtpx:TrackPointExtension>
        </extensions>
      </trkpt>
      <trkpt lat="31.20250688053031" lon="121.35011897645542">
        <ele>3.0</ele>
        <time>2026-09-19T10:50:12Z</time>
        <extensions>
          <gpxtpx:TrackPointExtension>
            <gpxtpx:hr>139</gpxtpx:hr>
          </gpxtpx:TrackPointExtension>
        </extensions>
      </trkpt>
      <trkpt lat="31.202420807890558" lon="121.35018884866427">
        <ele>3.0</ele>
        <time>2026-09-19T10:50:16Z</time>
        <extensions>
          <gpxtpx:TrackPointExtension>
            <gpxtpx:hr>139</gpxtpx:hr>
          </gpxtpx:TrackPointExtension>
        </extensions>
      </trkpt>
      <trkpt lat="31.2022957233309" lon="121.35027768771748">
        <ele>2.799999952316284</ele>
        <time>2026-09-19T10:50:20Z</time>
        <extensions>
          <gpxtpx:TrackPointExtension>
            <gpxtpx:hr>138</gpxtpx:hr>
          </gpxtpx:TrackPointExtension>
        </extensions>
      </trkpt>
      <trkpt lat="31.20221474488994" lon="121.35028867350987">
        <ele>2.799999952316284</ele>
        <time>2026-09-19T10:50:24Z</time>
        <extensions>
          <gpxtpx:TrackPointExtension>
            <gpxtpx:hr>138</gpxtpx:hr>
          </gpxtpx:TrackPointExtension>
        </extensions>
      </trkpt>
      <trkpt lat="31.20208989747792" lon="121.35023279235962">
        <ele>2.5999999046325684</ele>
        <time>2026-09-19T10:50:28Z</time>
        <extensions>
          <gpxtpx:TrackPointExtension>
            <gpxtpx:hr>138</gpxtpx:hr>
          </gpxtpx:TrackPointExtension>
        </extensions>
      </trkpt>
      <trkpt lat="31.201979053127012" lon="121.35017092166402">
        <ele>2.5999999046325684</ele>
        <time>2026-09-19T10:50:32Z</time>
        <extensions>
          <gpxtpx:TrackPointExtension>
            <gpxtpx:hr>138</gpxtpx:hr>
          </gpxtpx:TrackPointExtension>
        </extensions>
      </trkpt>
      <trkpt lat="31.201905143295782" lon="121.35013799181674">
        <ele>2.5999999046325684</ele>
        <time>2026-09-19T10:50:36Z</time>
        <extensions>
          <gpxtpx:TrackPointExtension>
            <gpxtpx:hr>138</gpxtpx:hr>
          </gpxtpx:TrackPointExtension>
        </extensions>
      </trkpt>
      <trkpt lat="31.201792268926212" lon="121.35009508470209">
        <ele>2.799999952316284</ele>
        <time>2026-09-19T10:50:40Z</time>
        <extensions>
          <gpxtpx:TrackPointExtension>
            <gpxtpx:hr>139</gpxtpx:hr>
          </gpxtpx:TrackPointExtension>
        </extensions>
      </trkpt>
      <trkpt lat="31.20166841309493" lon="121.35004419406033">
        <ele>2.5999999046325684</ele>
        <time>2026-09-19T10:50:44Z</time>
        <extensions>
          <gpxtpx:TrackPointExtension>
            <gpxtpx:hr>140</gpxtpx:hr>
          </gpxtpx:TrackPointExtension>
        </extensions>
      </trkpt>
      <trkpt lat="31.201591483514594" lon="121.35002423941776">
        <ele>3.0</ele>
        <time>2026-09-19T10:50:48Z</time>
        <extensions>
          <gpxtpx:TrackPointExtension>
            <gpxtpx:hr>141</gpxtpx:hr>
          </gpxtpx:TrackPointExtension>
        </extensions>
      </trkpt>
      <trkpt lat="31.20148450957329" lon="121.3500402177159">
        <ele>3.0</ele>
        <time>2026-09-19T10:50:52Z</time>
        <extensions>
          <gpxtpx:TrackPointExtension>
            <gpxtpx:hr>141</gpxtpx:hr>
          </gpxtpx:TrackPointExtension>
        </extensions>
      </trkpt>
      <trkpt lat="31.20137343109628" lon="121.35012107069078">
        <ele>3.200000047683716</ele>
        <time>2026-09-19T10:50:56Z</time>
        <extensions>
          <gpxtpx:TrackPointExtension>
            <gpxtpx:hr>141</gpxtpx:hr>
          </gpxtpx:TrackPointExtension>
        </extensions>
      </trkpt>
      <trkpt lat="31.201310384938488" lon="121.35016798533276">
        <ele>3.200000047683716</ele>
        <time>2026-09-19T10:51:00Z</time>
        <extensions>
          <gpxtpx:TrackPointExtension>
            <gpxtpx:hr>143</gpxtpx:hr>
          </gpxtpx:TrackPointExtension>
        </extensions>
      </trkpt>
      <trkpt lat="31.201179347544205" lon="121.35022987696003">
        <ele>3.4000000953674316</ele>
        <time>2026-09-19T10:51:04Z</time>
        <extensions>
          <gpxtpx:TrackPointExtension>
            <gpxtpx:hr>145</gpxtpx:hr>
          </gpxtpx:TrackPointExtension>
        </extensions>
      </trkpt>
      <trkpt lat="31.201103334017432" lon="121.35026082371793">
        <ele>3.200000047683716</ele>
        <time>2026-09-19T10:51:08Z</time>
        <extensions>
          <gpxtpx:TrackPointExtension>
            <gpxtpx:hr>145</gpxtpx:hr>
          </gpxtpx:TrackPointExtension>
        </extensions>
      </trkpt>
      <trkpt lat="31.20096133319007" lon="121.35030375307026">
        <ele>3.0</ele>
        <time>2026-09-19T10:51:12Z</time>
        <extensions>
          <gpxtpx:TrackPointExtension>
            <gpxtpx:hr>145</gpxtpx:hr>
          </gpxtpx:TrackPointExtension>
        </extensions>
      </trkpt>
      <trkpt lat="31.200883386058464" lon="121.35029477717201">
        <ele>2.799999952316284</ele>
        <time>2026-09-19T10:51:16Z</time>
        <extensions>
          <gpxtpx:TrackPointExtension>
            <gpxtpx:hr>145</gpxtpx:hr>
          </gpxtpx:TrackPointExtension>
        </extensions>
      </trkpt>
      <trkpt lat="31.20076948597424" lon="121.35026783910808">
        <ele>3.0</ele>
        <time>2026-09-19T10:51:20Z</time>
        <extensions>
          <gpxtpx:TrackPointExtension>
            <gpxtpx:hr>144</gpxtpx:hr>
          </gpxtpx:TrackPointExtension>
        </extensions>
      </trkpt>
      <trkpt lat="31.200627606162705" lon="121.35023691120321">
        <ele>2.799999952316284</ele>
        <time>2026-09-19T10:51:24Z</time>
        <extensions>
          <gpxtpx:TrackPointExtension>
            <gpxtpx:hr>144</gpxtpx:hr>
          </gpxtpx:TrackPointExtension>
        </extensions>
      </trkpt>
      <trkpt lat="31.20051472200679" lon="121.35019999239701">
        <ele>3.0</ele>
        <time>2026-09-19T10:51:28Z</time>
        <extensions>
          <gpxtpx:TrackPointExtension>
            <gpxtpx:hr>144</gpxtpx:hr>
          </gpxtpx:TrackPointExtension>
        </extensions>
      </trkpt>
      <trkpt lat="31.200408729734598" lon="121.35022694944708">
        <ele>3.0</ele>
        <time>2026-09-19T10:51:32Z</time>
        <extensions>
          <gpxtpx:TrackPointExtension>
            <gpxtpx:hr>144</gpxtpx:hr>
          </gpxtpx:TrackPointExtension>
        </extensions>
      </trkpt>
      <trkpt lat="31.200301713451488" lon="121.35026887766449">
        <ele>2.799999952316284</ele>
        <time>2026-09-19T10:51:36Z</time>
        <extensions>
          <gpxtpx:TrackPointExtension>
            <gpxtpx:hr>144</gpxtpx:hr>
          </gpxtpx:TrackPointExtension>
        </extensions>
      </trkpt>
      <trkpt lat="31.200228677292316" lon="121.35031279912891">
        <ele>3.0</ele>
        <time>2026-09-19T10:51:40Z</time>
        <extensions>
          <gpxtpx:TrackPointExtension>
            <gpxtpx:hr>143</gpxtpx:hr>
          </gpxtpx:TrackPointExtension>
        </extensions>
      </trkpt>
      <trkpt lat="31.20011368461705" lon="121.35034275125231">
        <ele>3.0</ele>
        <time>2026-09-19T10:51:44Z</time>
        <extensions>
          <gpxtpx:TrackPointExtension>
            <gpxtpx:hr>143</gpxtpx:hr>
          </gpxtpx:TrackPointExtension>
        </extensions>
      </trkpt>
      <trkpt lat="31.20000173785802" lon="121.35034375901402">
        <ele>2.799999952316284</ele>
        <time>2026-09-19T10:51:48Z</time>
        <extensions>
          <gpxtpx:TrackPointExtension>
            <gpxtpx:hr>143</gpxtpx:hr>
          </gpxtpx:TrackPointExtension>
        </extensions>
      </trkpt>
      <trkpt lat="31.1999116171041" lon="121.35044457229061">
        <ele>3.0</ele>
        <time>2026-09-19T10:51:52Z</time>
        <extensions>
          <gpxtpx:TrackPointExtension>
            <gpxtpx:hr>143</gpxtpx:hr>
          </gpxtpx:TrackPointExtension>
        </extensions>
      </trkpt>
      <trkpt lat="31.199858511019954" lon="121.35052542106776">
        <ele>3.0</ele>
        <time>2026-09-19T10:51:56Z</time>
        <extensions>
          <gpxtpx:TrackPointExtension>
            <gpxtpx:hr>143</gpxtpx:hr>
          </gpxtpx:TrackPointExtension>
        </extensions>
      </trkpt>
      <trkpt lat="31.199884376122238" lon="121.35060027469875">
        <ele>3.0</ele>
        <time>2026-09-19T10:52:00Z</time>
        <extensions>
          <gpxtpx:TrackPointExtension>
            <gpxtpx:hr>142</gpxtpx:hr>
          </gpxtpx:TrackPointExtension>
        </extensions>
      </trkpt>
      <trkpt lat="31.2000203143614" lon="121.35059726869514">
        <ele>2.799999952316284</ele>
        <time>2026-09-19T10:52:04Z</time>
        <extensions>
          <gpxtpx:TrackPointExtension>
            <gpxtpx:hr>142</gpxtpx:hr>
          </gpxtpx:TrackPointExtension>
        </extensions>
      </trkpt>
      <trkpt lat="31.200095261336145" lon="121.3506072430006">
        <ele>2.799999952316284</ele>
        <time>2026-09-19T10:52:08Z</time>
        <extensions>
          <gpxtpx:TrackPointExtension>
            <gpxtpx:hr>143</gpxtpx:hr>
          </gpxtpx:TrackPointExtension>
        </extensions>
      </trkpt>
      <trkpt lat="31.20021111013355" lon="121.35066512161936">
        <ele>2.799999952316284</ele>
        <time>2026-09-19T10:52:12Z</time>
        <extensions>
          <gpxtpx:TrackPointExtension>
            <gpxtpx:hr>142</gpxtpx:hr>
          </gpxtpx:TrackPointExtension>
        </extensions>
      </trkpt>
      <trkpt lat="31.200315956272753" lon="121.35072799168678">
        <ele>3.0</ele>
        <time>2026-09-19T10:52:16Z</time>
        <extensions>
          <gpxtpx:TrackPointExtension>
            <gpxtpx:hr>143</gpxtpx:hr>
          </gpxtpx:TrackPointExtension>
        </extensions>
      </trkpt>
      <trkpt lat="31.20040578386844" lon="121.35080683250173">
        <ele>3.0</ele>
        <time>2026-09-19T10:52:20Z</time>
        <extensions>
          <gpxtpx:TrackPointExtension>
            <gpxtpx:hr>143</gpxtpx:hr>
          </gpxtpx:TrackPointExtension>
        </extensions>
      </trkpt>
      <trkpt lat="31.200503617417365" lon="121.3508796842634">
        <ele>3.0</ele>
        <time>2026-09-19T10:52:24Z</time>
        <extensions>
          <gpxtpx:TrackPointExtension>
            <gpxtpx:hr>144</gpxtpx:hr>
          </gpxtpx:TrackPointExtension>
        </extensions>
      </trkpt>
      <trkpt lat="31.200567505008028" lon="121.35092958307841">
        <ele>3.0</ele>
        <time>2026-09-19T10:52:28Z</time>
        <extensions>
          <gpxtpx:TrackPointExtension>
            <gpxtpx:hr>146</gpxtpx:hr>
          </gpxtpx:TrackPointExtension>
        </extensions>
      </trkpt>
      <trkpt lat="31.200650342862193" lon="121.35100443254474">
        <ele>3.200000047683716</ele>
        <time>2026-09-19T10:52:32Z</time>
        <extensions>
          <gpxtpx:TrackPointExtension>
            <gpxtpx:hr>147</gpxtpx:hr>
          </gpxtpx:TrackPointExtension>
        </extensions>
      </trkpt>
      <trkpt lat="31.20073217647694" lon="121.3510822765154">
        <ele>2.799999952316284</ele>
        <time>2026-09-19T10:52:36Z</time>
        <extensions>
          <gpxtpx:TrackPointExtension>
            <gpxtpx:hr>146</gpxtpx:hr>
          </gpxtpx:TrackPointExtension>
        </extensions>
      </trkpt>
      <trkpt lat="31.200822033789056" lon="121.35114315236203">
        <ele>2.5999999046325684</ele>
        <time>2026-09-19T10:52:40Z</time>
        <extensions>
          <gpxtpx:TrackPointExtension>
            <gpxtpx:hr>147</gpxtpx:hr>
          </gpxtpx:TrackPointExtension>
        </extensions>
      </trkpt>
      <trkpt lat="31.200927983542346" lon="121.35114214509706">
        <ele>2.5999999046325684</ele>
        <time>2026-09-19T10:52:44Z</time>
        <extensions>
          <gpxtpx:TrackPointExtension>
            <gpxtpx:hr>148</gpxtpx:hr>
          </gpxtpx:TrackPointExtension>
        </extensions>
      </trkpt>
      <trkpt lat="31.201060941115127" lon="121.35112816028789">
        <ele>2.5999999046325684</ele>
        <time>2026-09-19T10:52:48Z</time>
        <extensions>
          <gpxtpx:TrackPointExtension>
            <gpxtpx:hr>148</gpxtpx:hr>
          </gpxtpx:TrackPointExtension>
        </extensions>
      </trkpt>
      <trkpt lat="31.20114592218021" lon="121.3511141796371">
        <ele>2.5999999046325684</ele>
        <time>2026-09-19T10:52:52Z</time>
        <extensions>
          <gpxtpx:TrackPointExtension>
            <gpxtpx:hr>147</gpxtpx:hr>
          </gpxtpx:TrackPointExtension>
        </extensions>
      </trkpt>
      <trkpt lat="31.20125589426598" lon="121.35109820064415">
        <ele>2.5999999046325684</ele>
        <time>2026-09-19T10:52:56Z</time>
        <extensions>
          <gpxtpx:TrackPointExtension>
            <gpxtpx:hr>146</gpxtpx:hr>
          </gpxtpx:TrackPointExtension>
        </extensions>
      </trkpt>
      <trkpt lat="31.201364871709515" lon="121.35107922746971">
        <ele>2.799999952316284</ele>
        <time>2026-09-19T10:53:00Z</time>
        <extensions>
          <gpxtpx:TrackPointExtension>
            <gpxtpx:hr>146</gpxtpx:hr>
          </gpxtpx:TrackPointExtension>
        </extensions>
      </trkpt>
      <trkpt lat="31.20147384917051" lon="121.35106025430457">
        <ele>2.5999999046325684</ele>
        <time>2026-09-19T10:53:04Z</time>
        <extensions>
          <gpxtpx:TrackPointExtension>
            <gpxtpx:hr>146</gpxtpx:hr>
          </gpxtpx:TrackPointExtension>
        </extensions>
      </trkpt>
      <trkpt lat="31.201608836606603" lon="121.35102730563429">
        <ele>2.4000000953674316</ele>
        <time>2026-09-19T10:53:08Z</time>
        <extensions>
          <gpxtpx:TrackPointExtension>
            <gpxtpx:hr>146</gpxtpx:hr>
          </gpxtpx:TrackPointExtension>
        </extensions>
      </trkpt>
      <trkpt lat="31.201689827791064" lon="121.35100833491725">
        <ele>2.5999999046325684</ele>
        <time>2026-09-19T10:53:12Z</time>
        <extensions>
          <gpxtpx:TrackPointExtension>
            <gpxtpx:hr>145</gpxtpx:hr>
          </gpxtpx:TrackPointExtension>
        </extensions>
      </trkpt>
      <trkpt lat="31.201813804461505" lon="121.3509853681323">
        <ele>2.4000000953674316</ele>
        <time>2026-09-19T10:53:16Z</time>
        <extensions>
          <gpxtpx:TrackPointExtension>
            <gpxtpx:hr>144</gpxtpx:hr>
          </gpxtpx:TrackPointExtension>
        </extensions>
      </trkpt>
      <trkpt lat="31.20195976717066" lon="121.35096439563435">
        <ele>2.4000000953674316</ele>
        <time>2026-09-19T10:53:20Z</time>
        <extensions>
          <gpxtpx:TrackPointExtension>
            <gpxtpx:hr>144</gpxtpx:hr>
          </gpxtpx:TrackPointExtension>
        </extensions>
      </trkpt>
      <trkpt lat="31.2020707226877" lon="121.35095839749907">
        <ele>2.5999999046325684</ele>
        <time>2026-09-19T10:53:24Z</time>
        <extensions>
          <gpxtpx:TrackPointExtension>
            <gpxtpx:hr>143</gpxtpx:hr>
          </gpxtpx:TrackPointExtension>
        </extensions>
      </trkpt>
      <trkpt lat="31.202180690048223" lon="121.35094541283424">
        <ele>2.5999999046325684</ele>
        <time>2026-09-19T10:53:28Z</time>
        <extensions>
          <gpxtpx:TrackPointExtension>
            <gpxtpx:hr>144</gpxtpx:hr>
          </gpxtpx:TrackPointExtension>
        </extensions>
      </trkpt>
      <trkpt lat="31.202282638635737" lon="121.35094640209653">
        <ele>2.5999999046325684</ele>
        <time>2026-09-19T10:53:32Z</time>
        <extensions>
          <gpxtpx:TrackPointExtension>
            <gpxtpx:hr>144</gpxtpx:hr>
          </gpxtpx:TrackPointExtension>
        </extensions>
      </trkpt>
      <trkpt lat="31.20236260607222" lon="121.35094240282223">
        <ele>2.799999952316284</ele>
        <time>2026-09-19T10:53:36Z</time>
        <extensions>
          <gpxtpx:TrackPointExtension>
            <gpxtpx:hr>144</gpxtpx:hr>
          </gpxtpx:TrackPointExtension>
        </extensions>
      </trkpt>
      <trkpt lat="31.202470580923926" lon="121.35092542598538">
        <ele>3.200000047683716</ele>
        <time>2026-09-19T10:53:40Z</time>
        <extensions>
          <gpxtpx:TrackPointExtension>
            <gpxtpx:hr>144</gpxtpx:hr>
          </gpxtpx:TrackPointExtension>
        </extensions>
      </trkpt>
      <trkpt lat="31.202605539376368" lon="121.35091044299395">
        <ele>3.200000047683716</ele>
        <time>2026-09-19T10:53:44Z</time>
        <extensions>
          <gpxtpx:TrackPointExtension>
            <gpxtpx:hr>145</gpxtpx:hr>
          </gpxtpx:TrackPointExtension>
        </extensions>
      </trkpt>
      <trkpt lat="31.202681521761217" lon="121.35089845937382">
        <ele>3.200000047683716</ele>
        <time>2026-09-19T10:53:48Z</time>
        <extensions>
          <gpxtpx:TrackPointExtension>
            <gpxtpx:hr>145</gpxtpx:hr>
          </gpxtpx:TrackPointExtension>
        </extensions>
      </trkpt>
      <trkpt lat="31.202823462234992" lon="121.35089245856625">
        <ele>3.200000047683716</ele>
        <time>2026-09-19T10:53:52Z</time>
        <extensions>
          <gpxtpx:TrackPointExtension>
            <gpxtpx:hr>145</gpxtpx:hr>
          </gpxtpx:TrackPointExtension>
        </extensions>
      </trkpt>
      <trkpt lat="31.202906444469114" lon="121.35087847817324">
        <ele>3.4000000953674316</ele>
        <time>2026-09-19T10:53:56Z</time>
        <extensions>
          <gpxtpx:TrackPointExtension>
            <gpxtpx:hr>145</gpxtpx:hr>
          </gpxtpx:TrackPointExtension>
        </extensions>
      </trkpt>
      <trkpt lat="31.20304442423874" lon="121.35084952173936">
        <ele>3.4000000953674316</ele>
        <time>2026-09-19T10:54:00Z</time>
        <extensions>
          <gpxtpx:TrackPointExtension>
            <gpxtpx:hr>144</gpxtpx:hr>
          </gpxtpx:TrackPointExtension>
        </extensions>
      </trkpt>
      <trkpt lat="31.203127401631825" lon="121.35083853561756">
        <ele>3.5999999046325684</ele>
        <time>2026-09-19T10:54:04Z</time>
        <extensions>
          <gpxtpx:TrackPointExtension>
            <gpxtpx:hr>143</gpxtpx:hr>
          </gpxtpx:TrackPointExtension>
        </extensions>
      </trkpt>
      <trkpt lat="31.203261402884582" lon="121.35079760254627">
        <ele>3.799999952316284</ele>
        <time>2026-09-19T10:54:08Z</time>
        <extensions>
          <gpxtpx:TrackPointExtension>
            <gpxtpx:hr>144</gpxtpx:hr>
          </gpxtpx:TrackPointExtension>
        </extensions>
      </trkpt>
      <trkpt lat="31.203356400445266" lon="121.35077064606004">
        <ele>3.799999952316284</ele>
        <time>2026-09-19T10:54:12Z</time>
        <extensions>
          <gpxtpx:TrackPointExtension>
            <gpxtpx:hr>144</gpxtpx:hr>
          </gpxtpx:TrackPointExtension>
        </extensions>
      </trkpt>
      <trkpt lat="31.20346937788623" lon="121.35075067461581">
        <ele>3.799999952316284</ele>
        <time>2026-09-19T10:54:16Z</time>
        <extensions>
          <gpxtpx:TrackPointExtension>
            <gpxtpx:hr>145</gpxtpx:hr>
          </gpxtpx:TrackPointExtension>
        </extensions>
      </trkpt>
      <trkpt lat="31.203586361524405" lon="121.35072571242308">
        <ele>3.799999952316284</ele>
        <time>2026-09-19T10:54:20Z</time>
        <extensions>
          <gpxtpx:TrackPointExtension>
            <gpxtpx:hr>144</gpxtpx:hr>
          </gpxtpx:TrackPointExtension>
        </extensions>
      </trkpt>
      <trkpt lat="31.203670349875917" lon="121.35070773967493">
        <ele>3.799999952316284</ele>
        <time>2026-09-19T10:54:24Z</time>
        <extensions>
          <gpxtpx:TrackPointExtension>
            <gpxtpx:hr>144</gpxtpx:hr>
          </gpxtpx:TrackPointExtension>
        </extensions>
      </trkpt>
      <trkpt lat="31.203807367734665" lon="121.35065582759161">
        <ele>3.799999952316284</ele>
        <time>2026-09-19T10:54:28Z</time>
        <extensions>
          <gpxtpx:TrackPointExtension>
            <gpxtpx:hr>142</gpxtpx:hr>
          </gpxtpx:TrackPointExtension>
        </extensions>
      </trkpt>
      <trkpt lat="31.203915352581664" lon="121.350632862398">
        <ele>4.199999809265137</ele>
        <time>2026-09-19T10:54:32Z</time>
        <extensions>
          <gpxtpx:TrackPointExtension>
            <gpxtpx:hr>140</gpxtpx:hr>
          </gpxtpx:TrackPointExtension>
        </extensions>
      </trkpt>
      <trkpt lat="31.204027353409234" lon="121.3505989179986">
        <ele>4.400000095367432</ele>
        <time>2026-09-19T10:54:36Z</time>
        <extensions>
          <gpxtpx:TrackPointExtension>
            <gpxtpx:hr>140</gpxtpx:hr>
          </gpxtpx:TrackPointExtension>
        </extensions>
      </trkpt>
      <trkpt lat="31.204112356008796" lon="121.35057196251383">
        <ele>4.400000095367432</ele>
        <time>2026-09-19T10:54:40Z</time>
        <extensions>
          <gpxtpx:TrackPointExtension>
            <gpxtpx:hr>140</gpxtpx:hr>
          </gpxtpx:TrackPointExtension>
        </extensions>
      </trkpt>
      <trkpt lat="31.204260365455188" lon="121.350522045812">
        <ele>4.400000095367432</ele>
        <time>2026-09-19T10:54:44Z</time>
        <extensions>
          <gpxtpx:TrackPointExtension>
            <gpxtpx:hr>140</gpxtpx:hr>
          </gpxtpx:TrackPointExtension>
        </extensions>
      </trkpt>
      <trkpt lat="31.204339380814186" lon="121.35048910243957">
        <ele>4.0</ele>
        <time>2026-09-19T10:54:48Z</time>
        <extensions>
          <gpxtpx:TrackPointExtension>
            <gpxtpx:hr>140</gpxtpx:hr>
          </gpxtpx:TrackPointExtension>
        </extensions>
      </trkpt>
      <trkpt lat="31.204460444293886" lon="121.350414236306">
        <ele>3.799999952316284</ele>
        <time>2026-09-19T10:54:52Z</time>
        <extensions>
          <gpxtpx:TrackPointExtension>
            <gpxtpx:hr>141</gpxtpx:hr>
          </gpxtpx:TrackPointExtension>
        </extensions>
      </trkpt>
      <trkpt lat="31.204557508138365" lon="121.35034635889953">
        <ele>3.799999952316284</ele>
        <time>2026-09-19T10:54:56Z</time>
        <extensions>
          <gpxtpx:TrackPointExtension>
            <gpxtpx:hr>142</gpxtpx:hr>
          </gpxtpx:TrackPointExtension>
        </extensions>
      </trkpt>
      <trkpt lat="31.204669535374194" lon="121.35029644559623">
        <ele>3.799999952316284</ele>
        <time>2026-09-19T10:55:00Z</time>
        <extensions>
          <gpxtpx:TrackPointExtension>
            <gpxtpx:hr>142</gpxtpx:hr>
          </gpxtpx:TrackPointExtension>
        </extensions>
      </trkpt>
      <trkpt lat="31.204785560727988" lon="121.35024653200932">
        <ele>3.5999999046325684</ele>
        <time>2026-09-19T10:55:04Z</time>
        <extensions>
          <gpxtpx:TrackPointExtension>
            <gpxtpx:hr>142</gpxtpx:hr>
          </gpxtpx:TrackPointExtension>
        </extensions>
      </trkpt>
      <trkpt lat="31.20490055390807" lon="121.35021657995912">
        <ele>3.5999999046325684</ele>
        <time>2026-09-19T10:55:08Z</time>
        <extensions>
          <gpxtpx:TrackPointExtension>
            <gpxtpx:hr>141</gpxtpx:hr>
          </gpxtpx:TrackPointExtension>
        </extensions>
      </trkpt>
      <trkpt lat="31.2050005429502" lon="121.35019361571202">
        <ele>3.799999952316284</ele>
        <time>2026-09-19T10:55:12Z</time>
        <extensions>
          <gpxtpx:TrackPointExtension>
            <gpxtpx:hr>140</gpxtpx:hr>
          </gpxtpx:TrackPointExtension>
        </extensions>
      </trkpt>
      <trkpt lat="31.205102526129536" lon="121.35017364551067">
        <ele>3.799999952316284</ele>
        <time>2026-09-19T10:55:16Z</time>
        <extensions>
          <gpxtpx:TrackPointExtension>
            <gpxtpx:hr>140</gpxtpx:hr>
          </gpxtpx:TrackPointExtension>
        </extensions>
      </trkpt>
      <trkpt lat="31.205171522079354" lon="121.35015567431063">
        <ele>3.4000000953674316</ele>
        <time>2026-09-19T10:55:20Z</time>
        <extensions>
          <gpxtpx:TrackPointExtension>
            <gpxtpx:hr>140</gpxtpx:hr>
          </gpxtpx:TrackPointExtension>
        </extensions>
      </trkpt>
      <trkpt lat="31.205274527731405" lon="121.35012173109743">
        <ele>3.4000000953674316</ele>
        <time>2026-09-19T10:55:24Z</time>
        <extensions>
          <gpxtpx:TrackPointExtension>
            <gpxtpx:hr>140</gpxtpx:hr>
          </gpxtpx:TrackPointExtension>
        </extensions>
      </trkpt>
      <trkpt lat="31.20539351745501" lon="121.35009277686115">
        <ele>3.4000000953674316</ele>
        <time>2026-09-19T10:55:28Z</time>
        <extensions>
          <gpxtpx:TrackPointExtension>
            <gpxtpx:hr>139</gpxtpx:hr>
          </gpxtpx:TrackPointExtension>
        </extensions>
      </trkpt>
      <trkpt lat="31.20549750301626" lon="121.35007081040499">
        <ele>3.200000047683716</ele>
        <time>2026-09-19T10:55:32Z</time>
        <extensions>
          <gpxtpx:TrackPointExtension>
            <gpxtpx:hr>139</gpxtpx:hr>
          </gpxtpx:TrackPointExtension>
        </extensions>
      </trkpt>
      <trkpt lat="31.20562348775555" lon="121.35004285366512">
        <ele>3.200000047683716</ele>
        <time>2026-09-19T10:55:36Z</time>
        <extensions>
          <gpxtpx:TrackPointExtension>
            <gpxtpx:hr>140</gpxtpx:hr>
          </gpxtpx:TrackPointExtension>
        </extensions>
      </trkpt>
      <trkpt lat="31.205731482898432" lon="121.35001390043745">
        <ele>3.0</ele>
        <time>2026-09-19T10:55:40Z</time>
        <extensions>
          <gpxtpx:TrackPointExtension>
            <gpxtpx:hr>141</gpxtpx:hr>
          </gpxtpx:TrackPointExtension>
        </extensions>
      </trkpt>
      <trkpt lat="31.205860472802435" lon="121.3499819512222">
        <ele>3.0</ele>
        <time>2026-09-19T10:55:44Z</time>
        <extensions>
          <gpxtpx:TrackPointExtension>
            <gpxtpx:hr>141</gpxtpx:hr>
          </gpxtpx:TrackPointExtension>
        </extensions>
      </trkpt>
      <trkpt lat="31.205944474720262" lon="121.34995599430414">
        <ele>3.0</ele>
        <time>2026-09-19T10:55:48Z</time>
        <extensions>
          <gpxtpx:TrackPointExtension>
            <gpxtpx:hr>140</gpxtpx:hr>
          </gpxtpx:TrackPointExtension>
        </extensions>
      </trkpt>
      <trkpt lat="31.206091455956148" lon="121.34992404357753">
        <ele>3.0</ele>
        <time>2026-09-19T10:55:52Z</time>
        <extensions>
          <gpxtpx:TrackPointExtension>
            <gpxtpx:hr>138</gpxtpx:hr>
          </gpxtpx:TrackPointExtension>
        </extensions>
      </trkpt>
      <trkpt lat="31.20617944941191" lon="121.34990207859781">
        <ele>3.0</ele>
        <time>2026-09-19T10:55:56Z</time>
        <extensions>
          <gpxtpx:TrackPointExtension>
            <gpxtpx:hr>139</gpxtpx:hr>
          </gpxtpx:TrackPointExtension>
        </extensions>
      </trkpt>
      <trkpt lat="31.206324446469427" lon="121.3498611455386">
        <ele>2.799999952316284</ele>
        <time>2026-09-19T10:56:00Z</time>
        <extensions>
          <gpxtpx:TrackPointExtension>
            <gpxtpx:hr>139</gpxtpx:hr>
          </gpxtpx:TrackPointExtension>
        </extensions>
      </trkpt>
      <trkpt lat="31.20644042804385" lon="121.34983818011032">
        <ele>2.799999952316284</ele>
        <time>2026-09-19T10:56:04Z</time>
        <extensions>
          <gpxtpx:TrackPointExtension>
            <gpxtpx:hr>139</gpxtpx:hr>
          </gpxtpx:TrackPointExtension>
        </extensions>
      </trkpt>
      <trkpt lat="31.20651841818932" lon="121.34982120634129">
        <ele>2.799999952316284</ele>
        <time>2026-09-19T10:56:08Z</time>
        <extensions>
          <gpxtpx:TrackPointExtension>
            <gpxtpx:hr>139</gpxtpx:hr>
          </gpxtpx:TrackPointExtension>
        </extensions>
      </trkpt>
      <trkpt lat="31.206621407744162" lon="121.34979724400118">
        <ele>2.799999952316284</ele>
        <time>2026-09-19T10:56:12Z</time>
        <extensions>
          <gpxtpx:TrackPointExtension>
            <gpxtpx:hr>139</gpxtpx:hr>
          </gpxtpx:TrackPointExtension>
        </extensions>
      </trkpt>
      <trkpt lat="31.2067444040825" lon="121.34976329935961">
        <ele>2.5999999046325684</ele>
        <time>2026-09-19T10:56:16Z</time>
        <extensions>
          <gpxtpx:TrackPointExtension>
            <gpxtpx:hr>138</gpxtpx:hr>
          </gpxtpx:TrackPointExtension>
        </extensions>
      </trkpt>
      <trkpt lat="31.206829412277127" lon="121.34973335026456">
        <ele>2.5999999046325684</ele>
        <time>2026-09-19T10:56:20Z</time>
        <extensions>
          <gpxtpx:TrackPointExtension>
            <gpxtpx:hr>138</gpxtpx:hr>
          </gpxtpx:TrackPointExtension>
        </extensions>
      </trkpt>
      <trkpt lat="31.206925405291337" lon="121.34970938858197">
        <ele>2.200000047683716</ele>
        <time>2026-09-19T10:56:24Z</time>
        <extensions>
          <gpxtpx:TrackPointExtension>
            <gpxtpx:hr>139</gpxtpx:hr>
          </gpxtpx:TrackPointExtension>
        </extensions>
      </trkpt>
      <trkpt lat="31.20703638776919" lon="121.34968742172882">
        <ele>2.4000000953674316</ele>
        <time>2026-09-19T10:56:28Z</time>
        <extensions>
          <gpxtpx:TrackPointExtension>
            <gpxtpx:hr>139</gpxtpx:hr>
          </gpxtpx:TrackPointExtension>
        </extensions>
      </trkpt>
      <trkpt lat="31.207146382281923" lon="121.3496584685826">
        <ele>2.4000000953674316</ele>
        <time>2026-09-19T10:56:32Z</time>
        <extensions>
          <gpxtpx:TrackPointExtension>
            <gpxtpx:hr>139</gpxtpx:hr>
          </gpxtpx:TrackPointExtension>
        </extensions>
      </trkpt>
      <trkpt lat="31.207263355308484" lon="121.34964049345923">
        <ele>2.4000000953674316</ele>
        <time>2026-09-19T10:56:36Z</time>
        <extensions>
          <gpxtpx:TrackPointExtension>
            <gpxtpx:hr>139</gpxtpx:hr>
          </gpxtpx:TrackPointExtension>
        </extensions>
      </trkpt>
      <trkpt lat="31.207378357340367" lon="121.34960555158617">
        <ele>2.200000047683716</ele>
        <time>2026-09-19T10:56:40Z</time>
        <extensions>
          <gpxtpx:TrackPointExtension>
            <gpxtpx:hr>140</gpxtpx:hr>
          </gpxtpx:TrackPointExtension>
        </extensions>
      </trkpt>
      <trkpt lat="31.207485333597912" lon="121.34958857540542">
        <ele>2.4000000953674316</ele>
        <time>2026-09-19T10:56:44Z</time>
        <extensions>
          <gpxtpx:TrackPointExtension>
            <gpxtpx:hr>140</gpxtpx:hr>
          </gpxtpx:TrackPointExtension>
        </extensions>
      </trkpt>
      <trkpt lat="31.20761932319958" lon="121.34955562803962">
        <ele>2.4000000953674316</ele>
        <time>2026-09-19T10:56:48Z</time>
        <extensions>
          <gpxtpx:TrackPointExtension>
            <gpxtpx:hr>141</gpxtpx:hr>
          </gpxtpx:TrackPointExtension>
        </extensions>
      </trkpt>
      <trkpt lat="31.20769832458465" lon="121.34953166793234">
        <ele>2.4000000953674316</ele>
        <time>2026-09-19T10:56:52Z</time>
        <extensions>
          <gpxtpx:TrackPointExtension>
            <gpxtpx:hr>142</gpxtpx:hr>
          </gpxtpx:TrackPointExtension>
        </extensions>
      </trkpt>
      <trkpt lat="31.207810336439042" lon="121.34949173615281">
        <ele>2.4000000953674316</ele>
        <time>2026-09-19T10:56:56Z</time>
        <extensions>
          <gpxtpx:TrackPointExtension>
            <gpxtpx:hr>142</gpxtpx:hr>
          </gpxtpx:TrackPointExtension>
        </extensions>
      </trkpt>
      <trkpt lat="31.20793933351273" lon="121.34945579514483">
        <ele>2.200000047683716</ele>
        <time>2026-09-19T10:57:00Z</time>
        <extensions>
          <gpxtpx:TrackPointExtension>
            <gpxtpx:hr>142</gpxtpx:hr>
          </gpxtpx:TrackPointExtension>
        </extensions>
      </trkpt>
      <trkpt lat="31.20802430398843" lon="121.34944880143556">
        <ele>2.4000000953674316</ele>
        <time>2026-09-19T10:57:04Z</time>
        <extensions>
          <gpxtpx:TrackPointExtension>
            <gpxtpx:hr>143</gpxtpx:hr>
          </gpxtpx:TrackPointExtension>
        </extensions>
      </trkpt>
      <trkpt lat="31.208163286371278" lon="121.3494188478996">
        <ele>2.4000000953674316</ele>
        <time>2026-09-19T10:57:08Z</time>
        <extensions>
          <gpxtpx:TrackPointExtension>
            <gpxtpx:hr>143</gpxtpx:hr>
          </gpxtpx:TrackPointExtension>
        </extensions>
      </trkpt>
      <trkpt lat="31.208251278552684" lon="121.34939788124201">
        <ele>2.4000000953674316</ele>
        <time>2026-09-19T10:57:12Z</time>
        <extensions>
          <gpxtpx:TrackPointExtension>
            <gpxtpx:hr>143</gpxtpx:hr>
          </gpxtpx:TrackPointExtension>
        </extensions>
      </trkpt>
      <trkpt lat="31.208380284008772" lon="121.34935695007354">
        <ele>2.4000000953674316</ele>
        <time>2026-09-19T10:57:16Z</time>
        <extensions>
          <gpxtpx:TrackPointExtension>
            <gpxtpx:hr>144</gpxtpx:hr>
          </gpxtpx:TrackPointExtension>
        </extensions>
      </trkpt>
      <trkpt lat="31.208496277595373" lon="121.34932699859436">
        <ele>2.4000000953674316</ele>
        <time>2026-09-19T10:57:20Z</time>
        <extensions>
          <gpxtpx:TrackPointExtension>
            <gpxtpx:hr>146</gpxtpx:hr>
          </gpxtpx:TrackPointExtension>
        </extensions>
      </trkpt>
      <trkpt lat="31.208604275073853" lon="121.34929704782905">
        <ele>2.4000000953674316</ele>
        <time>2026-09-19T10:57:24Z</time>
        <extensions>
          <gpxtpx:TrackPointExtension>
            <gpxtpx:hr>147</gpxtpx:hr>
          </gpxtpx:TrackPointExtension>
        </extensions>
      </trkpt>
      <trkpt lat="31.208691262857066" lon="121.34927907545975">
        <ele>2.5999999046325684</ele>
        <time>2026-09-19T10:57:28Z</time>
        <extensions>
          <gpxtpx:TrackPointExtension>
            <gpxtpx:hr>148</gpxtpx:hr>
          </gpxtpx:TrackPointExtension>
        </extensions>
      </trkpt>
      <trkpt lat="31.208843262325274" lon="121.34923514828282">
        <ele>2.4000000953674316</ele>
        <time>2026-09-19T10:57:32Z</time>
        <extensions>
          <gpxtpx:TrackPointExtension>
            <gpxtpx:hr>148</gpxtpx:hr>
          </gpxtpx:TrackPointExtension>
        </extensions>
      </trkpt>
      <trkpt lat="31.2089252575296" lon="121.34921418223782">
        <ele>2.5999999046325684</ele>
        <time>2026-09-19T10:57:36Z</time>
        <extensions>
          <gpxtpx:TrackPointExtension>
            <gpxtpx:hr>149</gpxtpx:hr>
          </gpxtpx:TrackPointExtension>
        </extensions>
      </trkpt>
      <trkpt lat="31.209038259329866" lon="121.34918023894475">
        <ele>2.5999999046325684</ele>
        <time>2026-09-19T10:57:40Z</time>
        <extensions>
          <gpxtpx:TrackPointExtension>
            <gpxtpx:hr>149</gpxtpx:hr>
          </gpxtpx:TrackPointExtension>
        </extensions>
      </trkpt>
      <trkpt lat="31.20917725691094" lon="121.34914130321354">
        <ele>2.5999999046325684</ele>
        <time>2026-09-19T10:57:44Z</time>
        <extensions>
          <gpxtpx:TrackPointExtension>
            <gpxtpx:hr>148</gpxtpx:hr>
          </gpxtpx:TrackPointExtension>
        </extensions>
      </trkpt>
      <trkpt lat="31.209292246212136" lon="121.34911434610501">
        <ele>2.799999952316284</ele>
        <time>2026-09-19T10:57:48Z</time>
        <extensions>
          <gpxtpx:TrackPointExtension>
            <gpxtpx:hr>149</gpxtpx:hr>
          </gpxtpx:TrackPointExtension>
        </extensions>
      </trkpt>
      <trkpt lat="31.209394248441992" lon="121.34908339797089">
        <ele>2.5999999046325684</ele>
        <time>2026-09-19T10:57:52Z</time>
        <extensions>
          <gpxtpx:TrackPointExtension>
            <gpxtpx:hr>147</gpxtpx:hr>
          </gpxtpx:TrackPointExtension>
        </extensions>
      </trkpt>
      <trkpt lat="31.209503219117774" lon="121.34906941595719">
        <ele>2.799999952316284</ele>
        <time>2026-09-19T10:57:56Z</time>
        <extensions>
          <gpxtpx:TrackPointExtension>
            <gpxtpx:hr>146</gpxtpx:hr>
          </gpxtpx:TrackPointExtension>
        </extensions>
      </trkpt>
      <trkpt lat="31.209618208489196" lon="121.34904245889534">
        <ele>2.799999952316284</ele>
        <time>2026-09-19T10:58:00Z</time>
        <extensions>
          <gpxtpx:TrackPointExtension>
            <gpxtpx:hr>145</gpxtpx:hr>
          </gpxtpx:TrackPointExtension>
        </extensions>
      </trkpt>
      <trkpt lat="31.209731203830536" lon="121.34901250790334">
        <ele>2.799999952316284</ele>
        <time>2026-09-19T10:58:04Z</time>
        <extensions>
          <gpxtpx:TrackPointExtension>
            <gpxtpx:hr>146</gpxtpx:hr>
          </gpxtpx:TrackPointExtension>
        </extensions>
      </trkpt>
      <trkpt lat="31.209832203320968" lon="121.34898355601045">
        <ele>3.200000047683716</ele>
        <time>2026-09-19T10:58:08Z</time>
        <extensions>
          <gpxtpx:TrackPointExtension>
            <gpxtpx:hr>146</gpxtpx:hr>
          </gpxtpx:TrackPointExtension>
        </extensions>
      </trkpt>
      <trkpt lat="31.209938205412328" lon="121.34895160958887">
        <ele>3.0</ele>
        <time>2026-09-19T10:58:12Z</time>
        <extensions>
          <gpxtpx:TrackPointExtension>
            <gpxtpx:hr>146</gpxtpx:hr>
          </gpxtpx:TrackPointExtension>
        </extensions>
      </trkpt>
      <trkpt lat="31.210030184362168" lon="121.34893762909012">
        <ele>2.799999952316284</ele>
        <time>2026-09-19T10:58:16Z</time>
        <extensions>
          <gpxtpx:TrackPointExtension>
            <gpxtpx:hr>145</gpxtpx:hr>
          </gpxtpx:TrackPointExtension>
        </extensions>
      </trkpt>
      <trkpt lat="31.210142175299815" lon="121.34891067237308">
        <ele>2.4000000953674316</ele>
        <time>2026-09-19T10:58:20Z</time>
        <extensions>
          <gpxtpx:TrackPointExtension>
            <gpxtpx:hr>145</gpxtpx:hr>
          </gpxtpx:TrackPointExtension>
        </extensions>
      </trkpt>
      <trkpt lat="31.210258277449498" lon="121.34881584885873">
        <ele>2.200000047683716</ele>
        <time>2026-09-19T10:58:24Z</time>
        <extensions>
          <gpxtpx:TrackPointExtension>
            <gpxtpx:hr>145</gpxtpx:hr>
          </gpxtpx:TrackPointExtension>
        </extensions>
      </trkpt>
      <trkpt lat="31.210254389247606" lon="121.34874997891329">
        <ele>2.0</ele>
        <time>2026-09-19T10:58:28Z</time>
        <extensions>
          <gpxtpx:TrackPointExtension>
            <gpxtpx:hr>146</gpxtpx:hr>
          </gpxtpx:TrackPointExtension>
        </extensions>
      </trkpt>
      <trkpt lat="31.2101194725677" lon="121.34873901221961">
        <ele>2.0</ele>
        <time>2026-09-19T10:58:32Z</time>
        <extensions>
          <gpxtpx:TrackPointExtension>
            <gpxtpx:hr>146</gpxtpx:hr>
          </gpxtpx:TrackPointExtension>
        </extensions>
      </trkpt>
      <trkpt lat="31.210043577472675" lon="121.34869809943272">
        <ele>2.200000047683716</ele>
        <time>2026-09-19T10:58:36Z</time>
        <extensions>
          <gpxtpx:TrackPointExtension>
            <gpxtpx:hr>145</gpxtpx:hr>
          </gpxtpx:TrackPointExtension>
        </extensions>
      </trkpt>
      <trkpt lat="31.210006778713378" lon="121.34858831917659">
        <ele>2.200000047683716</ele>
        <time>2026-09-19T10:58:40Z</time>
        <extensions>
          <gpxtpx:TrackPointExtension>
            <gpxtpx:hr>144</gpxtpx:hr>
          </gpxtpx:TrackPointExtension>
        </extensions>
      </trkpt>
      <trkpt lat="31.209921020500143" lon="121.34846856316817">
        <ele>2.5999999046325684</ele>
        <time>2026-09-19T10:58:44Z</time>
        <extensions>
          <gpxtpx:TrackPointExtension>
            <gpxtpx:hr>144</gpxtpx:hr>
          </gpxtpx:TrackPointExtension>
        </extensions>
      </trkpt>
      <trkpt lat="31.209832173693712" lon="121.34840270111373">
        <ele>2.799999952316284</ele>
        <time>2026-09-19T10:58:48Z</time>
        <extensions>
          <gpxtpx:TrackPointExtension>
            <gpxtpx:hr>144</gpxtpx:hr>
          </gpxtpx:TrackPointExtension>
        </extensions>
      </trkpt>
      <trkpt lat="31.209764353678487" lon="121.34831488081616">
        <ele>2.799999952316284</ele>
        <time>2026-09-19T10:58:52Z</time>
        <extensions>
          <gpxtpx:TrackPointExtension>
            <gpxtpx:hr>144</gpxtpx:hr>
          </gpxtpx:TrackPointExtension>
        </extensions>
      </trkpt>
      <trkpt lat="31.209699470389566" lon="121.3482639872576">
        <ele>2.5999999046325684</ele>
        <time>2026-09-19T10:58:56Z</time>
        <extensions>
          <gpxtpx:TrackPointExtension>
            <gpxtpx:hr>144</gpxtpx:hr>
          </gpxtpx:TrackPointExtension>
        </extensions>
      </trkpt>
      <trkpt lat="31.209594537742078" lon="121.34825401611494">
        <ele>2.4000000953674316</ele>
        <time>2026-09-19T10:59:00Z</time>
        <extensions>
          <gpxtpx:TrackPointExtension>
            <gpxtpx:hr>144</gpxtpx:hr>
          </gpxtpx:TrackPointExtension>
        </extensions>
      </trkpt>
      <trkpt lat="31.209482566606848" lon="121.34826899613971">
        <ele>2.4000000953674316</ele>
        <time>2026-09-19T10:59:04Z</time>
        <extensions>
          <gpxtpx:TrackPointExtension>
            <gpxtpx:hr>144</gpxtpx:hr>
          </gpxtpx:TrackPointExtension>
        </extensions>
      </trkpt>
      <trkpt lat="31.20936255916358" lon="121.34830792942111">
        <ele>2.4000000953674316</ele>
        <time>2026-09-19T10:59:08Z</time>
        <extensions>
          <gpxtpx:TrackPointExtension>
            <gpxtpx:hr>144</gpxtpx:hr>
          </gpxtpx:TrackPointExtension>
        </extensions>
      </trkpt>
      <trkpt lat="31.209195643047426" lon="121.34830594781832">
        <ele>2.200000047683716</ele>
        <time>2026-09-19T10:59:12Z</time>
        <extensions>
          <gpxtpx:TrackPointExtension>
            <gpxtpx:hr>144</gpxtpx:hr>
          </gpxtpx:TrackPointExtension>
        </extensions>
      </trkpt>
      <trkpt lat="31.20911568833199" lon="121.34830196264372">
        <ele>2.4000000953674316</ele>
        <time>2026-09-19T10:59:16Z</time>
        <extensions>
          <gpxtpx:TrackPointExtension>
            <gpxtpx:hr>144</gpxtpx:hr>
          </gpxtpx:TrackPointExtension>
        </extensions>
      </trkpt>
      <trkpt lat="31.208998734733285" lon="121.34830796090445">
        <ele>2.5999999046325684</ele>
        <time>2026-09-19T10:59:20Z</time>
        <extensions>
          <gpxtpx:TrackPointExtension>
            <gpxtpx:hr>145</gpxtpx:hr>
          </gpxtpx:TrackPointExtension>
        </extensions>
      </trkpt>
      <trkpt lat="31.208860757808473" lon="121.34833392146177">
        <ele>2.4000000953674316</ele>
        <time>2026-09-19T10:59:24Z</time>
        <extensions>
          <gpxtpx:TrackPointExtension>
            <gpxtpx:hr>148</gpxtpx:hr>
          </gpxtpx:TrackPointExtension>
        </extensions>
      </trkpt>
      <trkpt lat="31.208751786991016" lon="121.34834790323056">
        <ele>2.5999999046325684</ele>
        <time>2026-09-19T10:59:28Z</time>
        <extensions>
          <gpxtpx:TrackPointExtension>
            <gpxtpx:hr>149</gpxtpx:hr>
          </gpxtpx:TrackPointExtension>
        </extensions>
      </trkpt>
      <trkpt lat="31.20863079187156" lon="121.34837985049309">
        <ele>2.5999999046325684</ele>
        <time>2026-09-19T10:59:32Z</time>
        <extensions>
          <gpxtpx:TrackPointExtension>
            <gpxtpx:hr>149</gpxtpx:hr>
          </gpxtpx:TrackPointExtension>
        </extensions>
      </trkpt>
      <trkpt lat="31.208520756365566" lon="121.34843275537985">
        <ele>2.5999999046325684</ele>
        <time>2026-09-19T10:59:36Z</time>
        <extensions>
          <gpxtpx:TrackPointExtension>
            <gpxtpx:hr>150</gpxtpx:hr>
          </gpxtpx:TrackPointExtension>
        </extensions>
      </trkpt>
      <trkpt lat="31.208412723299112" lon="121.3484836641039">
        <ele>2.5999999046325684</ele>
        <time>2026-09-19T10:59:40Z</time>
        <extensions>
          <gpxtpx:TrackPointExtension>
            <gpxtpx:hr>152</gpxtpx:hr>
          </gpxtpx:TrackPointExtension>
        </extensions>
      </trkpt>
      <trkpt lat="31.208336679843615" lon="121.3485315760345">
        <ele>2.4000000953674316</ele>
        <time>2026-09-19T10:59:44Z</time>
        <extensions>
          <gpxtpx:TrackPointExtension>
            <gpxtpx:hr>154</gpxtpx:hr>
          </gpxtpx:TrackPointExtension>
        </extensions>
      </trkpt>
      <trkpt lat="31.208231645442204" lon="121.34858248461755">
        <ele>2.4000000953674316</ele>
        <time>2026-09-19T10:59:48Z</time>
        <extensions>
          <gpxtpx:TrackPointExtension>
            <gpxtpx:hr>154</gpxtpx:hr>
          </gpxtpx:TrackPointExtension>
        </extensions>
      </trkpt>
      <trkpt lat="31.208092669228208" lon="121.34860844542924">
        <ele>2.799999952316284</ele>
        <time>2026-09-19T10:59:52Z</time>
        <extensions>
          <gpxtpx:TrackPointExtension>
            <gpxtpx:hr>154</gpxtpx:hr>
          </gpxtpx:TrackPointExtension>
        </extensions>
      </trkpt>
      <trkpt lat="31.20799872466708" lon="121.34860246537637">
        <ele>3.0</ele>
        <time>2026-09-19T10:59:56Z</time>
        <extensions>
          <gpxtpx:TrackPointExtension>
            <gpxtpx:hr>153</gpxtpx:hr>
          </gpxtpx:TrackPointExtension>
        </extensions>
      </trkpt>
      <trkpt lat="31.207888756153217" lon="121.34861544928943">
        <ele>2.799999952316284</ele>
        <time>2026-09-19T11:00:00Z</time>
        <extensions>
          <gpxtpx:TrackPointExtension>
            <gpxtpx:hr>154</gpxtpx:hr>
          </gpxtpx:TrackPointExtension>
        </extensions>
      </trkpt>
      <trkpt lat="31.207776820310702" lon="121.3486094707924">
        <ele>2.799999952316284</ele>
        <time>2026-09-19T11:00:04Z</time>
        <extensions>
          <gpxtpx:TrackPointExtension>
            <gpxtpx:hr>155</gpxtpx:hr>
          </gpxtpx:TrackPointExtension>
        </extensions>
      </trkpt>
      <trkpt lat="31.207663876622128" lon="121.34860848253562">
        <ele>2.799999952316284</ele>
        <time>2026-09-19T11:00:08Z</time>
        <extensions>
          <gpxtpx:TrackPointExtension>
            <gpxtpx:hr>154</gpxtpx:hr>
          </gpxtpx:TrackPointExtension>
        </extensions>
      </trkpt>
      <trkpt lat="31.2075488938815" lon="121.34863144719377">
        <ele>2.799999952316284</ele>
        <time>2026-09-19T11:00:12Z</time>
        <extensions>
          <gpxtpx:TrackPointExtension>
            <gpxtpx:hr>155</gpxtpx:hr>
          </gpxtpx:TrackPointExtension>
        </extensions>
      </trkpt>
      <trkpt lat="31.207441887286283" lon="121.34866638755501">
        <ele>2.5999999046325684</ele>
        <time>2026-09-19T11:00:16Z</time>
        <extensions>
          <gpxtpx:TrackPointExtension>
            <gpxtpx:hr>155</gpxtpx:hr>
          </gpxtpx:TrackPointExtension>
        </extensions>
      </trkpt>
      <trkpt lat="31.207343823056885" lon="121.34873326422995">
        <ele>2.5999999046325684</ele>
        <time>2026-09-19T11:00:20Z</time>
        <extensions>
          <gpxtpx:TrackPointExtension>
            <gpxtpx:hr>155</gpxtpx:hr>
          </gpxtpx:TrackPointExtension>
        </extensions>
      </trkpt>
      <trkpt lat="31.207246745124618" lon="121.34880812520674">
        <ele>2.5999999046325684</ele>
        <time>2026-09-19T11:00:24Z</time>
        <extensions>
          <gpxtpx:TrackPointExtension>
            <gpxtpx:hr>156</gpxtpx:hr>
          </gpxtpx:TrackPointExtension>
        </extensions>
      </trkpt>
      <trkpt lat="31.2071387108839" lon="121.34886003242008">
        <ele>2.5999999046325684</ele>
        <time>2026-09-19T11:00:28Z</time>
        <extensions>
          <gpxtpx:TrackPointExtension>
            <gpxtpx:hr>155</gpxtpx:hr>
          </gpxtpx:TrackPointExtension>
        </extensions>
      </trkpt>
      <trkpt lat="31.20702173260116" lon="121.34888100131441">
        <ele>2.5999999046325684</ele>
        <time>2026-09-19T11:00:32Z</time>
        <extensions>
          <gpxtpx:TrackPointExtension>
            <gpxtpx:hr>155</gpxtpx:hr>
          </gpxtpx:TrackPointExtension>
        </extensions>
      </trkpt>
      <trkpt lat="31.206901823966287" lon="121.3488610509567">
        <ele>2.799999952316284</ele>
        <time>2026-09-19T11:00:36Z</time>
        <extensions>
          <gpxtpx:TrackPointExtension>
            <gpxtpx:hr>149</gpxtpx:hr>
          </gpxtpx:TrackPointExtension>
        </extensions>
      </trkpt>
      <trkpt lat="31.206778888526124" lon="121.34885806748603">
        <ele>3.0</ele>
        <time>2026-09-19T11:00:40Z</time>
        <extensions>
          <gpxtpx:TrackPointExtension>
            <gpxtpx:hr>149</gpxtpx:hr>
          </gpxtpx:TrackPointExtension>
        </extensions>
      </trkpt>
      <trkpt lat="31.206661900301224" lon="121.34888502460223">
        <ele>3.4000000953674316</ele>
        <time>2026-09-19T11:00:44Z</time>
        <extensions>
          <gpxtpx:TrackPointExtension>
            <gpxtpx:hr>150</gpxtpx:hr>
          </gpxtpx:TrackPointExtension>
        </extensions>
      </trkpt>
      <trkpt lat="31.20652988613045" lon="121.34893194379511">
        <ele>4.0</ele>
        <time>2026-09-19T11:00:48Z</time>
        <extensions>
          <gpxtpx:TrackPointExtension>
            <gpxtpx:hr>150</gpxtpx:hr>
          </gpxtpx:TrackPointExtension>
        </extensions>
      </trkpt>
      <trkpt lat="31.20640790205391" lon="121.3489579033525">
        <ele>4.0</ele>
        <time>2026-09-19T11:00:52Z</time>
        <extensions>
          <gpxtpx:TrackPointExtension>
            <gpxtpx:hr>151</gpxtpx:hr>
          </gpxtpx:TrackPointExtension>
        </extensions>
      </trkpt>
      <trkpt lat="31.206281931568277" lon="121.34897687699561">
        <ele>3.5999999046325684</ele>
        <time>2026-09-19T11:00:56Z</time>
        <extensions>
          <gpxtpx:TrackPointExtension>
            <gpxtpx:hr>152</gpxtpx:hr>
          </gpxtpx:TrackPointExtension>
        </extensions>
      </trkpt>
      <trkpt lat="31.206192986343915" lon="121.34896989841866">
        <ele>3.200000047683716</ele>
        <time>2026-09-19T11:01:00Z</time>
        <extensions>
          <gpxtpx:TrackPointExtension>
            <gpxtpx:hr>153</gpxtpx:hr>
          </gpxtpx:TrackPointExtension>
        </extensions>
      </trkpt>
      <trkpt lat="31.20603511446372" lon="121.34893897288008">
        <ele>2.799999952316284</ele>
        <time>2026-09-19T11:01:04Z</time>
        <extensions>
          <gpxtpx:TrackPointExtension>
            <gpxtpx:hr>153</gpxtpx:hr>
          </gpxtpx:TrackPointExtension>
        </extensions>
      </trkpt>
      <trkpt lat="31.205930130501102" lon="121.34895994077611">
        <ele>2.5999999046325684</ele>
        <time>2026-09-19T11:01:08Z</time>
        <extensions>
          <gpxtpx:TrackPointExtension>
            <gpxtpx:hr>153</gpxtpx:hr>
          </gpxtpx:TrackPointExtension>
        </extensions>
      </trkpt>
      <trkpt lat="31.205839139764212" lon="121.34898090747174">
        <ele>2.5999999046325684</ele>
        <time>2026-09-19T11:01:12Z</time>
        <extensions>
          <gpxtpx:TrackPointExtension>
            <gpxtpx:hr>153</gpxtpx:hr>
          </gpxtpx:TrackPointExtension>
        </extensions>
      </trkpt>
      <trkpt lat="31.205735120486217" lon="121.34902283414787">
        <ele>2.799999952316284</ele>
        <time>2026-09-19T11:01:16Z</time>
        <extensions>
          <gpxtpx:TrackPointExtension>
            <gpxtpx:hr>153</gpxtpx:hr>
          </gpxtpx:TrackPointExtension>
        </extensions>
      </trkpt>
      <trkpt lat="31.205626121930994" lon="121.34905378284346">
        <ele>2.799999952316284</ele>
        <time>2026-09-19T11:01:20Z</time>
        <extensions>
          <gpxtpx:TrackPointExtension>
            <gpxtpx:hr>153</gpxtpx:hr>
          </gpxtpx:TrackPointExtension>
        </extensions>
      </trkpt>
      <trkpt lat="31.205489112117093" lon="121.34909970461665">
        <ele>2.799999952316284</ele>
        <time>2026-09-19T11:01:24Z</time>
        <extensions>
          <gpxtpx:TrackPointExtension>
            <gpxtpx:hr>154</gpxtpx:hr>
          </gpxtpx:TrackPointExtension>
        </extensions>
      </trkpt>
      <trkpt lat="31.20537014833202" lon="121.34911268946257">
        <ele>2.5999999046325684</ele>
        <time>2026-09-19T11:01:28Z</time>
        <extensions>
          <gpxtpx:TrackPointExtension>
            <gpxtpx:hr>154</gpxtpx:hr>
          </gpxtpx:TrackPointExtension>
        </extensions>
      </trkpt>
      <trkpt lat="31.205260148693263" lon="121.34914463635504">
        <ele>2.5999999046325684</ele>
        <time>2026-09-19T11:01:32Z</time>
        <extensions>
          <gpxtpx:TrackPointExtension>
            <gpxtpx:hr>154</gpxtpx:hr>
          </gpxtpx:TrackPointExtension>
        </extensions>
      </trkpt>
      <trkpt lat="31.205197031841397" lon="121.34923346776527">
        <ele>2.799999952316284</ele>
        <time>2026-09-19T11:01:36Z</time>
        <extensions>
          <gpxtpx:TrackPointExtension>
            <gpxtpx:hr>153</gpxtpx:hr>
          </gpxtpx:TrackPointExtension>
        </extensions>
      </trkpt>
      <trkpt lat="31.20515591935162" lon="121.34931331503444">
        <ele>2.799999952316284</ele>
        <time>2026-09-19T11:01:40Z</time>
        <extensions>
          <gpxtpx:TrackPointExtension>
            <gpxtpx:hr>152</gpxtpx:hr>
          </gpxtpx:TrackPointExtension>
        </extensions>
      </trkpt>
      <trkpt lat="31.20504374235848" lon="121.34945305160868">
        <ele>2.4000000953674316</ele>
        <time>2026-09-19T11:01:44Z</time>
        <extensions>
          <gpxtpx:TrackPointExtension>
            <gpxtpx:hr>153</gpxtpx:hr>
          </gpxtpx:TrackPointExtension>
        </extensions>
      </trkpt>
      <trkpt lat="31.204954612307535" lon="121.34955785478343">
        <ele>2.5999999046325684</ele>
        <time>2026-09-19T11:01:48Z</time>
        <extensions>
          <gpxtpx:TrackPointExtension>
            <gpxtpx:hr>153</gpxtpx:hr>
          </gpxtpx:TrackPointExtension>
        </extensions>
      </trkpt>
      <trkpt lat="31.20484357721127" lon="121.34961175930607">
        <ele>2.4000000953674316</ele>
        <time>2026-09-19T11:01:52Z</time>
        <extensions>
          <gpxtpx:TrackPointExtension>
            <gpxtpx:hr>152</gpxtpx:hr>
          </gpxtpx:TrackPointExtension>
        </extensions>
      </trkpt>
      <trkpt lat="31.20475959496319" lon="121.34962573934142">
        <ele>2.4000000953674316</ele>
        <time>2026-09-19T11:01:56Z</time>
        <extensions>
          <gpxtpx:TrackPointExtension>
            <gpxtpx:hr>153</gpxtpx:hr>
          </gpxtpx:TrackPointExtension>
        </extensions>
      </trkpt>
      <trkpt lat="31.204640616558887" lon="121.3496477068535">
        <ele>2.4000000953674316</ele>
        <time>2026-09-19T11:02:00Z</time>
        <extensions>
          <gpxtpx:TrackPointExtension>
            <gpxtpx:hr>152</gpxtpx:hr>
          </gpxtpx:TrackPointExtension>
        </extensions>
      </trkpt>
      <trkpt lat="31.20449666351008" lon="121.34966169209162">
        <ele>2.4000000953674316</ele>
        <time>2026-09-19T11:02:04Z</time>
        <extensions>
          <gpxtpx:TrackPointExtension>
            <gpxtpx:hr>153</gpxtpx:hr>
          </gpxtpx:TrackPointExtension>
        </extensions>
      </trkpt>
      <trkpt lat="31.204410685567108" lon="121.34967367620455">
        <ele>2.5999999046325684</ele>
        <time>2026-09-19T11:02:08Z</time>
        <extensions>
          <gpxtpx:TrackPointExtension>
            <gpxtpx:hr>152</gpxtpx:hr>
          </gpxtpx:TrackPointExtension>
        </extensions>
      </trkpt>
      <trkpt lat="31.204269740974592" lon="121.3496816728529">
        <ele>2.799999952316284</ele>
        <time>2026-09-19T11:02:12Z</time>
        <extensions>
          <gpxtpx:TrackPointExtension>
            <gpxtpx:hr>148</gpxtpx:hr>
          </gpxtpx:TrackPointExtension>
        </extensions>
      </trkpt>
      <trkpt lat="31.20416078412322" lon="121.3496876706213">
        <ele>3.0</ele>
        <time>2026-09-19T11:02:16Z</time>
        <extensions>
          <gpxtpx:TrackPointExtension>
            <gpxtpx:hr>148</gpxtpx:hr>
          </gpxtpx:TrackPointExtension>
        </extensions>
      </trkpt>
      <trkpt lat="31.204043829529066" lon="121.34969466713939">
        <ele>3.4000000953674316</ele>
        <time>2026-09-19T11:02:20Z</time>
        <extensions>
          <gpxtpx:TrackPointExtension>
            <gpxtpx:hr>148</gpxtpx:hr>
          </gpxtpx:TrackPointExtension>
        </extensions>
      </trkpt>
      <trkpt lat="31.20392183622635" lon="121.34972661552266">
        <ele>3.799999952316284</ele>
        <time>2026-09-19T11:02:24Z</time>
        <extensions>
          <gpxtpx:TrackPointExtension>
            <gpxtpx:hr>148</gpxtpx:hr>
          </gpxtpx:TrackPointExtension>
        </extensions>
      </trkpt>
      <trkpt lat="31.20380285959558" lon="121.34974758503117">
        <ele>3.799999952316284</ele>
        <time>2026-09-19T11:02:28Z</time>
        <extensions>
          <gpxtpx:TrackPointExtension>
            <gpxtpx:hr>148</gpxtpx:hr>
          </gpxtpx:TrackPointExtension>
        </extensions>
      </trkpt>
      <trkpt lat="31.203681875734254" lon="121.34977354501683">
        <ele>3.5999999046325684</ele>
        <time>2026-09-19T11:02:32Z</time>
        <extensions>
          <gpxtpx:TrackPointExtension>
            <gpxtpx:hr>150</gpxtpx:hr>
          </gpxtpx:TrackPointExtension>
        </extensions>
      </trkpt>
      <trkpt lat="31.203599869615523" lon="121.3498014977641">
        <ele>3.0</ele>
        <time>2026-09-19T11:02:36Z</time>
        <extensions>
          <gpxtpx:TrackPointExtension>
            <gpxtpx:hr>151</gpxtpx:hr>
          </gpxtpx:TrackPointExtension>
        </extensions>
      </trkpt>
      <trkpt lat="31.203493834118824" lon="121.34985440411681">
        <ele>2.5999999046325684</ele>
        <time>2026-09-19T11:02:40Z</time>
        <extensions>
          <gpxtpx:TrackPointExtension>
            <gpxtpx:hr>151</gpxtpx:hr>
          </gpxtpx:TrackPointExtension>
        </extensions>
      </trkpt>
      <trkpt lat="31.20338084973308" lon="121.34987836735627">
        <ele>2.4000000953674316</ele>
        <time>2026-09-19T11:02:44Z</time>
        <extensions>
          <gpxtpx:TrackPointExtension>
            <gpxtpx:hr>151</gpxtpx:hr>
          </gpxtpx:TrackPointExtension>
        </extensions>
      </trkpt>
      <trkpt lat="31.20327484225173" lon="121.34991430674881">
        <ele>2.200000047683716</ele>
        <time>2026-09-19T11:02:48Z</time>
        <extensions>
          <gpxtpx:TrackPointExtension>
            <gpxtpx:hr>151</gpxtpx:hr>
          </gpxtpx:TrackPointExtension>
        </extensions>
      </trkpt>
      <trkpt lat="31.203127848223954" lon="121.34995424197271">
        <ele>2.0</ele>
        <time>2026-09-19T11:02:52Z</time>
        <extensions>
          <gpxtpx:TrackPointExtension>
            <gpxtpx:hr>150</gpxtpx:hr>
          </gpxtpx:TrackPointExtension>
        </extensions>
      </trkpt>
      <trkpt lat="31.20301385456446" lon="121.34998419374101">
        <ele>1.7999999523162842</ele>
        <time>2026-09-19T11:02:56Z</time>
        <extensions>
          <gpxtpx:TrackPointExtension>
            <gpxtpx:hr>151</gpxtpx:hr>
          </gpxtpx:TrackPointExtension>
        </extensions>
      </trkpt>
      <trkpt lat="31.202925851536964" lon="121.35001214715308">
        <ele>1.7999999523162842</ele>
        <time>2026-09-19T11:03:00Z</time>
        <extensions>
          <gpxtpx:TrackPointExtension>
            <gpxtpx:hr>151</gpxtpx:hr>
          </gpxtpx:TrackPointExtension>
        </extensions>
      </trkpt>
      <trkpt lat="31.202792847525515" lon="121.35005407739415">
        <ele>1.7999999523162842</ele>
        <time>2026-09-19T11:03:04Z</time>
        <extensions>
          <gpxtpx:TrackPointExtension>
            <gpxtpx:hr>151</gpxtpx:hr>
          </gpxtpx:TrackPointExtension>
        </extensions>
      </trkpt>
      <trkpt lat="31.202718886895436" lon="121.35005208766464">
        <ele>1.7999999523162842</ele>
        <time>2026-09-19T11:03:08Z</time>
        <extensions>
          <gpxtpx:TrackPointExtension>
            <gpxtpx:hr>152</gpxtpx:hr>
          </gpxtpx:TrackPointExtension>
        </extensions>
      </trkpt>
      <trkpt lat="31.202613903693155" lon="121.35007305613117">
        <ele>1.7999999523162842</ele>
        <time>2026-09-19T11:03:12Z</time>
        <extensions>
          <gpxtpx:TrackPointExtension>
            <gpxtpx:hr>152</gpxtpx:hr>
          </gpxtpx:TrackPointExtension>
        </extensions>
      </trkpt>
      <trkpt lat="31.202473840954713" lon="121.3501529136114">
        <ele>2.0</ele>
        <time>2026-09-19T11:03:16Z</time>
        <extensions>
          <gpxtpx:TrackPointExtension>
            <gpxtpx:hr>152</gpxtpx:hr>
          </gpxtpx:TrackPointExtension>
        </extensions>
      </trkpt>
      <trkpt lat="31.20237673775219" lon="121.35024474437354">
        <ele>2.200000047683716</ele>
        <time>2026-09-19T11:03:20Z</time>
        <extensions>
          <gpxtpx:TrackPointExtension>
            <gpxtpx:hr>153</gpxtpx:hr>
          </gpxtpx:TrackPointExtension>
        </extensions>
      </trkpt>
      <trkpt lat="31.202269701698622" lon="121.35029864946773">
        <ele>2.200000047683716</ele>
        <time>2026-09-19T11:03:24Z</time>
        <extensions>
          <gpxtpx:TrackPointExtension>
            <gpxtpx:hr>153</gpxtpx:hr>
          </gpxtpx:TrackPointExtension>
        </extensions>
      </trkpt>
      <trkpt lat="31.202180782737493" lon="121.35027570152408">
        <ele>2.0</ele>
        <time>2026-09-19T11:03:28Z</time>
        <extensions>
          <gpxtpx:TrackPointExtension>
            <gpxtpx:hr>153</gpxtpx:hr>
          </gpxtpx:TrackPointExtension>
        </extensions>
      </trkpt>
      <trkpt lat="31.202069903972415" lon="121.35023479023009">
        <ele>1.7999999523162842</ele>
        <time>2026-09-19T11:03:32Z</time>
        <extensions>
          <gpxtpx:TrackPointExtension>
            <gpxtpx:hr>153</gpxtpx:hr>
          </gpxtpx:TrackPointExtension>
        </extensions>
      </trkpt>
      <trkpt lat="31.201921088001146" lon="121.35016693440754">
        <ele>1.7999999523162842</ele>
        <time>2026-09-19T11:03:36Z</time>
        <extensions>
          <gpxtpx:TrackPointExtension>
            <gpxtpx:hr>153</gpxtpx:hr>
          </gpxtpx:TrackPointExtension>
        </extensions>
      </trkpt>
      <trkpt lat="31.201817248521653" lon="121.3501000728731">
        <ele>1.7999999523162842</ele>
        <time>2026-09-19T11:03:40Z</time>
        <extensions>
          <gpxtpx:TrackPointExtension>
            <gpxtpx:hr>153</gpxtpx:hr>
          </gpxtpx:TrackPointExtension>
        </extensions>
      </trkpt>
      <trkpt lat="31.20171037290147" lon="121.3500561672139">
        <ele>1.7999999523162842</ele>
        <time>2026-09-19T11:03:44Z</time>
        <extensions>
          <gpxtpx:TrackPointExtension>
            <gpxtpx:hr>153</gpxtpx:hr>
          </gpxtpx:TrackPointExtension>
        </extensions>
      </trkpt>
      <trkpt lat="31.20159349073684" lon="121.35001924892042">
        <ele>2.0</ele>
        <time>2026-09-19T11:03:48Z</time>
        <extensions>
          <gpxtpx:TrackPointExtension>
            <gpxtpx:hr>148</gpxtpx:hr>
          </gpxtpx:TrackPointExtension>
        </extensions>
      </trkpt>
      <trkpt lat="31.20148253186665" lon="121.35002724304174">
        <ele>2.200000047683716</ele>
        <time>2026-09-19T11:03:52Z</time>
        <extensions>
          <gpxtpx:TrackPointExtension>
            <gpxtpx:hr>144</gpxtpx:hr>
          </gpxtpx:TrackPointExtension>
        </extensions>
      </trkpt>
      <trkpt lat="31.201408497545323" lon="121.35007016626129">
        <ele>2.200000047683716</ele>
        <time>2026-09-19T11:03:56Z</time>
        <extensions>
          <gpxtpx:TrackPointExtension>
            <gpxtpx:hr>144</gpxtpx:hr>
          </gpxtpx:TrackPointExtension>
        </extensions>
      </trkpt>
      <trkpt lat="31.201300407835067" lon="121.35015700744584">
        <ele>2.200000047683716</ele>
        <time>2026-09-19T11:04:00Z</time>
        <extensions>
          <gpxtpx:TrackPointExtension>
            <gpxtpx:hr>144</gpxtpx:hr>
          </gpxtpx:TrackPointExtension>
        </extensions>
      </trkpt>
      <trkpt lat="31.201190358522453" lon="121.35021989530927">
        <ele>2.4000000953674316</ele>
        <time>2026-09-19T11:04:04Z</time>
        <extensions>
          <gpxtpx:TrackPointExtension>
            <gpxtpx:hr>144</gpxtpx:hr>
          </gpxtpx:TrackPointExtension>
        </extensions>
      </trkpt>
      <trkpt lat="31.2011143368128" lon="121.35025583241257">
        <ele>2.200000047683716</ele>
        <time>2026-09-19T11:04:08Z</time>
        <extensions>
          <gpxtpx:TrackPointExtension>
            <gpxtpx:hr>144</gpxtpx:hr>
          </gpxtpx:TrackPointExtension>
        </extensions>
      </trkpt>
      <trkpt lat="31.200996342216932" lon="121.35028778089544">
        <ele>2.200000047683716</ele>
        <time>2026-09-19T11:04:12Z</time>
        <extensions>
          <gpxtpx:TrackPointExtension>
            <gpxtpx:hr>144</gpxtpx:hr>
          </gpxtpx:TrackPointExtension>
        </extensions>
      </trkpt>
      <trkpt lat="31.200871395198405" lon="121.35029278206683">
        <ele>2.200000047683716</ele>
        <time>2026-09-19T11:04:16Z</time>
        <extensions>
          <gpxtpx:TrackPointExtension>
            <gpxtpx:hr>144</gpxtpx:hr>
          </gpxtpx:TrackPointExtension>
        </extensions>
      </trkpt>
      <trkpt lat="31.200749503936233" lon="121.35026285048357">
        <ele>2.200000047683716</ele>
        <time>2026-09-19T11:04:20Z</time>
        <extensions>
          <gpxtpx:TrackPointExtension>
            <gpxtpx:hr>145</gpxtpx:hr>
          </gpxtpx:TrackPointExtension>
        </extensions>
      </trkpt>
      <trkpt lat="31.20063261679997" lon="121.35022892620967">
        <ele>2.0</ele>
        <time>2026-09-19T11:04:24Z</time>
        <extensions>
          <gpxtpx:TrackPointExtension>
            <gpxtpx:hr>145</gpxtpx:hr>
          </gpxtpx:TrackPointExtension>
        </extensions>
      </trkpt>
      <trkpt lat="31.200486750442344" lon="121.35019101219638">
        <ele>2.0</ele>
        <time>2026-09-19T11:04:28Z</time>
        <extensions>
          <gpxtpx:TrackPointExtension>
            <gpxtpx:hr>145</gpxtpx:hr>
          </gpxtpx:TrackPointExtension>
        </extensions>
      </trkpt>
      <trkpt lat="31.20037774818591" lon="121.35022495598884">
        <ele>2.200000047683716</ele>
        <time>2026-09-19T11:04:32Z</time>
        <extensions>
          <gpxtpx:TrackPointExtension>
            <gpxtpx:hr>147</gpxtpx:hr>
          </gpxtpx:TrackPointExtension>
        </extensions>
      </trkpt>
      <trkpt lat="31.200273701009962" lon="121.35028484922634">
        <ele>2.200000047683716</ele>
        <time>2026-09-19T11:04:36Z</time>
        <extensions>
          <gpxtpx:TrackPointExtension>
            <gpxtpx:hr>147</gpxtpx:hr>
          </gpxtpx:TrackPointExtension>
        </extensions>
      </trkpt>
      <trkpt lat="31.20020366503113" lon="121.35032777237632">
        <ele>2.200000047683716</ele>
        <time>2026-09-19T11:04:40Z</time>
        <extensions>
          <gpxtpx:TrackPointExtension>
            <gpxtpx:hr>147</gpxtpx:hr>
          </gpxtpx:TrackPointExtension>
        </extensions>
      </trkpt>
      <trkpt lat="31.20008667987955" lon="121.35035373239118">
        <ele>2.200000047683716</ele>
        <time>2026-09-19T11:04:44Z</time>
        <extensions>
          <gpxtpx:TrackPointExtension>
            <gpxtpx:hr>147</gpxtpx:hr>
          </gpxtpx:TrackPointExtension>
        </extensions>
      </trkpt>
      <trkpt lat="31.19997470209876" lon="121.35037370354812">
        <ele>2.200000047683716</ele>
        <time>2026-09-19T11:04:48Z</time>
        <extensions>
          <gpxtpx:TrackPointExtension>
            <gpxtpx:hr>147</gpxtpx:hr>
          </gpxtpx:TrackPointExtension>
        </extensions>
      </trkpt>
      <trkpt lat="31.19987756853558" lon="121.3504844982692">
        <ele>2.0</ele>
        <time>2026-09-19T11:04:52Z</time>
        <extensions>
          <gpxtpx:TrackPointExtension>
            <gpxtpx:hr>147</gpxtpx:hr>
          </gpxtpx:TrackPointExtension>
        </extensions>
      </trkpt>
      <trkpt lat="31.199845432684842" lon="121.35057732225438">
        <ele>2.0</ele>
        <time>2026-09-19T11:04:56Z</time>
        <extensions>
          <gpxtpx:TrackPointExtension>
            <gpxtpx:hr>147</gpxtpx:hr>
          </gpxtpx:TrackPointExtension>
        </extensions>
      </trkpt>
      <trkpt lat="31.19993236236691" lon="121.35059428207053">
        <ele>2.0</ele>
        <time>2026-09-19T11:05:00Z</time>
        <extensions>
          <gpxtpx:TrackPointExtension>
            <gpxtpx:hr>146</gpxtpx:hr>
          </gpxtpx:TrackPointExtension>
        </extensions>
      </trkpt>
      <trkpt lat="31.200047307644482" lon="121.35059327404242">
        <ele>2.200000047683716</ele>
        <time>2026-09-19T11:05:04Z</time>
        <extensions>
          <gpxtpx:TrackPointExtension>
            <gpxtpx:hr>146</gpxtpx:hr>
          </gpxtpx:TrackPointExtension>
        </extensions>
      </trkpt>
      <trkpt lat="31.200154185234812" lon="121.3506361822129">
        <ele>2.0</ele>
        <time>2026-09-19T11:05:08Z</time>
        <extensions>
          <gpxtpx:TrackPointExtension>
            <gpxtpx:hr>146</gpxtpx:hr>
          </gpxtpx:TrackPointExtension>
        </extensions>
      </trkpt>
      <trkpt lat="31.20026900692399" lon="121.35071102835307">
        <ele>2.200000047683716</ele>
        <time>2026-09-19T11:05:12Z</time>
        <extensions>
          <gpxtpx:TrackPointExtension>
            <gpxtpx:hr>146</gpxtpx:hr>
          </gpxtpx:TrackPointExtension>
        </extensions>
      </trkpt>
      <trkpt lat="31.20036284552171" lon="121.35078188411585">
        <ele>2.0</ele>
        <time>2026-09-19T11:05:16Z</time>
        <extensions>
          <gpxtpx:TrackPointExtension>
            <gpxtpx:hr>145</gpxtpx:hr>
          </gpxtpx:TrackPointExtension>
        </extensions>
      </trkpt>
      <trkpt lat="31.200455684722144" lon="121.35085274009246">
        <ele>2.0</ele>
        <time>2026-09-19T11:05:20Z</time>
        <extensions>
          <gpxtpx:TrackPointExtension>
            <gpxtpx:hr>144</gpxtpx:hr>
          </gpxtpx:TrackPointExtension>
        </extensions>
      </trkpt>
      <trkpt lat="31.200533511926697" lon="121.3509355745467">
        <ele>2.200000047683716</ele>
        <time>2026-09-19T11:05:24Z</time>
        <extensions>
          <gpxtpx:TrackPointExtension>
            <gpxtpx:hr>144</gpxtpx:hr>
          </gpxtpx:TrackPointExtension>
        </extensions>
      </trkpt>
      <trkpt lat="31.20062935314105" lon="121.35100443436174">
        <ele>2.0</ele>
        <time>2026-09-19T11:05:28Z</time>
        <extensions>
          <gpxtpx:TrackPointExtension>
            <gpxtpx:hr>142</gpxtpx:hr>
          </gpxtpx:TrackPointExtension>
        </extensions>
      </trkpt>
      <trkpt lat="31.20072515563822" lon="121.35109724849768">
        <ele>2.0</ele>
        <time>2026-09-19T11:05:32Z</time>
        <extensions>
          <gpxtpx:TrackPointExtension>
            <gpxtpx:hr>143</gpxtpx:hr>
          </gpxtpx:TrackPointExtension>
        </extensions>
      </trkpt>
      <trkpt lat="31.200796049744667" lon="121.35114115842549">
        <ele>1.7999999523162842</ele>
        <time>2026-09-19T11:05:36Z</time>
        <extensions>
          <gpxtpx:TrackPointExtension>
            <gpxtpx:hr>148</gpxtpx:hr>
          </gpxtpx:TrackPointExtension>
        </extensions>
      </trkpt>
      <trkpt lat="31.20090499964455" lon="121.35113915280795">
        <ele>1.7999999523162842</ele>
        <time>2026-09-19T11:05:40Z</time>
        <extensions>
          <gpxtpx:TrackPointExtension>
            <gpxtpx:hr>150</gpxtpx:hr>
          </gpxtpx:TrackPointExtension>
        </extensions>
      </trkpt>
      <trkpt lat="31.20105094762322" lon="121.35112716306043">
        <ele>1.7999999523162842</ele>
        <time>2026-09-19T11:05:44Z</time>
        <extensions>
          <gpxtpx:TrackPointExtension>
            <gpxtpx:hr>150</gpxtpx:hr>
          </gpxtpx:TrackPointExtension>
        </extensions>
      </trkpt>
      <trkpt lat="31.201137922858468" lon="121.35111617651414">
        <ele>1.600000023841858</ele>
        <time>2026-09-19T11:05:48Z</time>
        <extensions>
          <gpxtpx:TrackPointExtension>
            <gpxtpx:hr>150</gpxtpx:hr>
          </gpxtpx:TrackPointExtension>
        </extensions>
      </trkpt>
      <trkpt lat="31.201287886707167" lon="121.3510932074157">
        <ele>1.600000023841858</ele>
        <time>2026-09-19T11:05:52Z</time>
        <extensions>
          <gpxtpx:TrackPointExtension>
            <gpxtpx:hr>151</gpxtpx:hr>
          </gpxtpx:TrackPointExtension>
        </extensions>
      </trkpt>
      <trkpt lat="31.2013698660295" lon="121.35108122322012">
        <ele>1.399999976158142</ele>
        <time>2026-09-19T11:05:56Z</time>
        <extensions>
          <gpxtpx:TrackPointExtension>
            <gpxtpx:hr>151</gpxtpx:hr>
          </gpxtpx:TrackPointExtension>
        </extensions>
      </trkpt>
      <trkpt lat="31.201474840590702" lon="121.35106524467338">
        <ele>1.600000023841858</ele>
        <time>2026-09-19T11:06:00Z</time>
        <extensions>
          <gpxtpx:TrackPointExtension>
            <gpxtpx:hr>151</gpxtpx:hr>
          </gpxtpx:TrackPointExtension>
        </extensions>
      </trkpt>
      <trkpt lat="31.20159683275734" lon="121.35103329521401">
        <ele>1.399999976158142</ele>
        <time>2026-09-19T11:06:04Z</time>
        <extensions>
          <gpxtpx:TrackPointExtension>
            <gpxtpx:hr>153</gpxtpx:hr>
          </gpxtpx:TrackPointExtension>
        </extensions>
      </trkpt>
      <trkpt lat="31.201720820741826" lon="121.35100334178689">
        <ele>1.399999976158142</ele>
        <time>2026-09-19T11:06:08Z</time>
        <extensions>
          <gpxtpx:TrackPointExtension>
            <gpxtpx:hr>154</gpxtpx:hr>
          </gpxtpx:TrackPointExtension>
        </extensions>
      </trkpt>
      <trkpt lat="31.201835796954423" lon="121.3509833700506">
        <ele>1.399999976158142</ele>
        <time>2026-09-19T11:06:12Z</time>
        <extensions>
          <gpxtpx:TrackPointExtension>
            <gpxtpx:hr>153</gpxtpx:hr>
          </gpxtpx:TrackPointExtension>
        </extensions>
      </trkpt>
      <trkpt lat="31.20195975420901" lon="121.35097238034349">
        <ele>1.399999976158142</ele>
        <time>2026-09-19T11:06:16Z</time>
        <extensions>
          <gpxtpx:TrackPointExtension>
            <gpxtpx:hr>152</gpxtpx:hr>
          </gpxtpx:TrackPointExtension>
        </extensions>
      </trkpt>
      <trkpt lat="31.202077696585928" lon="121.3509723701333">
        <ele>1.399999976158142</ele>
        <time>2026-09-19T11:06:20Z</time>
        <extensions>
          <gpxtpx:TrackPointExtension>
            <gpxtpx:hr>154</gpxtpx:hr>
          </gpxtpx:TrackPointExtension>
        </extensions>
      </trkpt>
      <trkpt lat="31.20219564383483" lon="121.35096936565697">
        <ele>1.600000023841858</ele>
        <time>2026-09-19T11:06:24Z</time>
        <extensions>
          <gpxtpx:TrackPointExtension>
            <gpxtpx:hr>156</gpxtpx:hr>
          </gpxtpx:TrackPointExtension>
        </extensions>
      </trkpt>
      <trkpt lat="31.202299609271" lon="121.35095937577272">
        <ele>1.7999999523162842</ele>
        <time>2026-09-19T11:06:28Z</time>
        <extensions>
          <gpxtpx:TrackPointExtension>
            <gpxtpx:hr>155</gpxtpx:hr>
          </gpxtpx:TrackPointExtension>
        </extensions>
      </trkpt>
      <trkpt lat="31.2024255801893" lon="121.35093940310718">
        <ele>1.7999999523162842</ele>
        <time>2026-09-19T11:06:32Z</time>
        <extensions>
          <gpxtpx:TrackPointExtension>
            <gpxtpx:hr>155</gpxtpx:hr>
          </gpxtpx:TrackPointExtension>
        </extensions>
      </trkpt>
      <trkpt lat="31.20253554596628" lon="121.35092741653621">
        <ele>2.0</ele>
        <time>2026-09-19T11:06:36Z</time>
        <extensions>
          <gpxtpx:TrackPointExtension>
            <gpxtpx:hr>156</gpxtpx:hr>
          </gpxtpx:TrackPointExtension>
        </extensions>
      </trkpt>
      <trkpt lat="31.202658500550964" lon="121.35091842310604">
        <ele>2.200000047683716</ele>
        <time>2026-09-19T11:06:40Z</time>
        <extensions>
          <gpxtpx:TrackPointExtension>
            <gpxtpx:hr>156</gpxtpx:hr>
          </gpxtpx:TrackPointExtension>
        </extensions>
      </trkpt>
      <trkpt lat="31.202769488570077" lon="121.35089246323875">
        <ele>2.200000047683716</ele>
        <time>2026-09-19T11:06:44Z</time>
        <extensions>
          <gpxtpx:TrackPointExtension>
            <gpxtpx:hr>157</gpxtpx:hr>
          </gpxtpx:TrackPointExtension>
        </extensions>
      </trkpt>
      <trkpt lat="31.202917465061994" lon="121.3508625078433">
        <ele>2.200000047683716</ele>
        <time>2026-09-19T11:06:48Z</time>
        <extensions>
          <gpxtpx:TrackPointExtension>
            <gpxtpx:hr>157</gpxtpx:hr>
          </gpxtpx:TrackPointExtension>
        </extensions>
      </trkpt>
      <trkpt lat="31.20302845313563" lon="121.35083654801319">
        <ele>2.200000047683716</ele>
        <time>2026-09-19T11:06:52Z</time>
        <extensions>
          <gpxtpx:TrackPointExtension>
            <gpxtpx:hr>158</gpxtpx:hr>
          </gpxtpx:TrackPointExtension>
        </extensions>
      </trkpt>
      <trkpt lat="31.20314243652448" lon="121.35081258410999">
        <ele>2.4000000953674316</ele>
        <time>2026-09-19T11:06:56Z</time>
        <extensions>
          <gpxtpx:TrackPointExtension>
            <gpxtpx:hr>158</gpxtpx:hr>
          </gpxtpx:TrackPointExtension>
        </extensions>
      </trkpt>
      <trkpt lat="31.203252425133496" lon="121.35078662439953">
        <ele>2.4000000953674316</ele>
        <time>2026-09-19T11:07:00Z</time>
        <extensions>
          <gpxtpx:TrackPointExtension>
            <gpxtpx:hr>158</gpxtpx:hr>
          </gpxtpx:TrackPointExtension>
        </extensions>
      </trkpt>
      <trkpt lat="31.20333641018987" lon="121.35077064779058">
        <ele>2.5999999046325684</ele>
        <time>2026-09-19T11:07:04Z</time>
        <extensions>
          <gpxtpx:TrackPointExtension>
            <gpxtpx:hr>158</gpxtpx:hr>
          </gpxtpx:TrackPointExtension>
        </extensions>
      </trkpt>
      <trkpt lat="31.203452376419126" lon="121.3507566645857">
        <ele>2.5999999046325684</ele>
        <time>2026-09-19T11:07:08Z</time>
        <extensions>
          <gpxtpx:TrackPointExtension>
            <gpxtpx:hr>157</gpxtpx:hr>
          </gpxtpx:TrackPointExtension>
        </extensions>
      </trkpt>
      <trkpt lat="31.203591378594613" lon="121.35071373500294">
        <ele>2.799999952316284</ele>
        <time>2026-09-19T11:07:12Z</time>
        <extensions>
          <gpxtpx:TrackPointExtension>
            <gpxtpx:hr>157</gpxtpx:hr>
          </gpxtpx:TrackPointExtension>
        </extensions>
      </trkpt>
      <trkpt lat="31.20369836875948" lon="121.35068777561749">
        <ele>3.0</ele>
        <time>2026-09-19T11:07:16Z</time>
        <extensions>
          <gpxtpx:TrackPointExtension>
            <gpxtpx:hr>157</gpxtpx:hr>
          </gpxtpx:TrackPointExtension>
        </extensions>
      </trkpt>
      <trkpt lat="31.203808360740847" lon="121.35065981982798">
        <ele>3.0</ele>
        <time>2026-09-19T11:07:20Z</time>
        <extensions>
          <gpxtpx:TrackPointExtension>
            <gpxtpx:hr>156</gpxtpx:hr>
          </gpxtpx:TrackPointExtension>
        </extensions>
      </trkpt>
      <trkpt lat="31.20392235893836" lon="121.35062687331222">
        <ele>3.0</ele>
        <time>2026-09-19T11:07:24Z</time>
        <extensions>
          <gpxtpx:TrackPointExtension>
            <gpxtpx:hr>155</gpxtpx:hr>
          </gpxtpx:TrackPointExtension>
        </extensions>
      </trkpt>
      <trkpt lat="31.20404334399476" lon="121.35059991469342">
        <ele>3.200000047683716</ele>
        <time>2026-09-19T11:07:28Z</time>
        <extensions>
          <gpxtpx:TrackPointExtension>
            <gpxtpx:hr>154</gpxtpx:hr>
          </gpxtpx:TrackPointExtension>
        </extensions>
      </trkpt>
      <trkpt lat="31.204150355434063" lon="121.35056098036331">
        <ele>3.200000047683716</ele>
        <time>2026-09-19T11:07:32Z</time>
        <extensions>
          <gpxtpx:TrackPointExtension>
            <gpxtpx:hr>153</gpxtpx:hr>
          </gpxtpx:TrackPointExtension>
        </extensions>
      </trkpt>
      <trkpt lat="31.204268363193048" lon="121.35052104704252">
        <ele>3.200000047683716</ele>
        <time>2026-09-19T11:07:36Z</time>
        <extensions>
          <gpxtpx:TrackPointExtension>
            <gpxtpx:hr>150</gpxtpx:hr>
          </gpxtpx:TrackPointExtension>
        </extensions>
      </trkpt>
      <trkpt lat="31.204338405756932" lon="121.35047413138197">
        <ele>2.799999952316284</ele>
        <time>2026-09-19T11:07:40Z</time>
        <extensions>
          <gpxtpx:TrackPointExtension>
            <gpxtpx:hr>149</gpxtpx:hr>
          </gpxtpx:TrackPointExtension>
        </extensions>
      </trkpt>
      <trkpt lat="31.204479449741537" lon="121.35040525199183">
        <ele>2.5999999046325684</ele>
        <time>2026-09-19T11:07:44Z</time>
        <extensions>
          <gpxtpx:TrackPointExtension>
            <gpxtpx:hr>149</gpxtpx:hr>
          </gpxtpx:TrackPointExtension>
        </extensions>
      </trkpt>
      <trkpt lat="31.204587493552086" lon="121.35034635630386">
        <ele>2.4000000953674316</ele>
        <time>2026-09-19T11:07:48Z</time>
        <extensions>
          <gpxtpx:TrackPointExtension>
            <gpxtpx:hr>149</gpxtpx:hr>
          </gpxtpx:TrackPointExtension>
        </extensions>
      </trkpt>
      <trkpt lat="31.2046695157645" lon="121.35030842245762">
        <ele>2.4000000953674316</ele>
        <time>2026-09-19T11:07:52Z</time>
        <extensions>
          <gpxtpx:TrackPointExtension>
            <gpxtpx:hr>150</gpxtpx:hr>
          </gpxtpx:TrackPointExtension>
        </extensions>
      </trkpt>
      <trkpt lat="31.204785524756456" lon="121.35026848956385">
        <ele>2.5999999046325684</ele>
        <time>2026-09-19T11:07:56Z</time>
        <extensions>
          <gpxtpx:TrackPointExtension>
            <gpxtpx:hr>150</gpxtpx:hr>
          </gpxtpx:TrackPointExtension>
        </extensions>
      </trkpt>
      <trkpt lat="31.20492253013104" lon="121.35022456261356">
        <ele>2.4000000953674316</ele>
        <time>2026-09-19T11:08:00Z</time>
        <extensions>
          <gpxtpx:TrackPointExtension>
            <gpxtpx:hr>150</gpxtpx:hr>
          </gpxtpx:TrackPointExtension>
        </extensions>
      </trkpt>
      <trkpt lat="31.205016541722394" lon="121.35018962205163">
        <ele>2.4000000953674316</ele>
        <time>2026-09-19T11:08:04Z</time>
        <extensions>
          <gpxtpx:TrackPointExtension>
            <gpxtpx:hr>150</gpxtpx:hr>
          </gpxtpx:TrackPointExtension>
        </extensions>
      </trkpt>
      <trkpt lat="31.205103528917412" lon="121.35017164928706">
        <ele>2.200000047683716</ele>
        <time>2026-09-19T11:08:08Z</time>
        <extensions>
          <gpxtpx:TrackPointExtension>
            <gpxtpx:hr>150</gpxtpx:hr>
          </gpxtpx:TrackPointExtension>
        </extensions>
      </trkpt>
      <trkpt lat="31.205234506216716" lon="121.35014668624781">
        <ele>2.200000047683716</ele>
        <time>2026-09-19T11:08:12Z</time>
        <extensions>
          <gpxtpx:TrackPointExtension>
            <gpxtpx:hr>150</gpxtpx:hr>
          </gpxtpx:TrackPointExtension>
        </extensions>
      </trkpt>
      <trkpt lat="31.205331509879848" lon="121.35011573776264">
        <ele>2.0</ele>
        <time>2026-09-19T11:08:16Z</time>
        <extensions>
          <gpxtpx:TrackPointExtension>
            <gpxtpx:hr>146</gpxtpx:hr>
          </gpxtpx:TrackPointExtension>
        </extensions>
      </trkpt>
      <trkpt lat="31.20542150222224" lon="121.35009377250518">
        <ele>2.0</ele>
        <time>2026-09-19T11:08:20Z</time>
        <extensions>
          <gpxtpx:TrackPointExtension>
            <gpxtpx:hr>143</gpxtpx:hr>
          </gpxtpx:TrackPointExtension>
        </extensions>
      </trkpt>
      <trkpt lat="31.20556349720453" lon="121.35005483564179">
        <ele>2.0</ele>
        <time>2026-09-19T11:08:24Z</time>
        <extensions>
          <gpxtpx:TrackPointExtension>
            <gpxtpx:hr>143</gpxtpx:hr>
          </gpxtpx:TrackPointExtension>
        </extensions>
      </trkpt>
      <trkpt lat="31.20565248679786" lon="121.35003486663437">
        <ele>1.7999999523162842</ele>
        <time>2026-09-19T11:08:28Z</time>
        <extensions>
          <gpxtpx:TrackPointExtension>
            <gpxtpx:hr>143</gpxtpx:hr>
          </gpxtpx:TrackPointExtension>
        </extensions>
      </trkpt>
      <trkpt lat="31.20577046397471" lon="121.35001389706322">
        <ele>1.600000023841858</ele>
        <time>2026-09-19T11:08:32Z</time>
        <extensions>
          <gpxtpx:TrackPointExtension>
            <gpxtpx:hr>142</gpxtpx:hr>
          </gpxtpx:TrackPointExtension>
        </extensions>
      </trkpt>
      <trkpt lat="31.205874479137186" lon="121.34997396550132">
        <ele>1.600000023841858</ele>
        <time>2026-09-19T11:08:36Z</time>
        <extensions>
          <gpxtpx:TrackPointExtension>
            <gpxtpx:hr>142</gpxtpx:hr>
          </gpxtpx:TrackPointExtension>
        </extensions>
      </trkpt>
      <trkpt lat="31.206001471694364" lon="121.349941018428">
        <ele>1.600000023841858</ele>
        <time>2026-09-19T11:08:40Z</time>
        <extensions>
          <gpxtpx:TrackPointExtension>
            <gpxtpx:hr>142</gpxtpx:hr>
          </gpxtpx:TrackPointExtension>
        </extensions>
      </trkpt>
      <trkpt lat="31.2061224491333" lon="121.34991905058395">
        <ele>1.600000023841858</ele>
        <time>2026-09-19T11:08:44Z</time>
        <extensions>
          <gpxtpx:TrackPointExtension>
            <gpxtpx:hr>142</gpxtpx:hr>
          </gpxtpx:TrackPointExtension>
        </extensions>
      </trkpt>
      <trkpt lat="31.206268435828154" lon="121.34988410578886">
        <ele>1.399999976158142</ele>
        <time>2026-09-19T11:08:48Z</time>
        <extensions>
          <gpxtpx:TrackPointExtension>
            <gpxtpx:hr>141</gpxtpx:hr>
          </gpxtpx:TrackPointExtension>
        </extensions>
      </trkpt>
      <trkpt lat="31.206384422316052" lon="121.3498581461652">
        <ele>1.399999976158142</ele>
        <time>2026-09-19T11:08:52Z</time>
        <extensions>
          <gpxtpx:TrackPointExtension>
            <gpxtpx:hr>141</gpxtpx:hr>
          </gpxtpx:TrackPointExtension>
        </extensions>
      </trkpt>
      <trkpt lat="31.20647541930036" lon="121.34983318678128">
        <ele>1.399999976158142</ele>
        <time>2026-09-19T11:08:56Z</time>
        <extensions>
          <gpxtpx:TrackPointExtension>
            <gpxtpx:hr>140</gpxtpx:hr>
          </gpxtpx:TrackPointExtension>
        </extensions>
      </trkpt>
      <trkpt lat="31.20659339500093" lon="121.34981321537465">
        <ele>1.399999976158142</ele>
        <time>2026-09-19T11:09:00Z</time>
        <extensions>
          <gpxtpx:TrackPointExtension>
            <gpxtpx:hr>141</gpxtpx:hr>
          </gpxtpx:TrackPointExtension>
        </extensions>
      </trkpt>
      <trkpt lat="31.206692388148554" lon="121.34978825532632">
        <ele>1.399999976158142</ele>
        <time>2026-09-19T11:09:04Z</time>
        <extensions>
          <gpxtpx:TrackPointExtension>
            <gpxtpx:hr>142</gpxtpx:hr>
          </gpxtpx:TrackPointExtension>
        </extensions>
      </trkpt>
      <trkpt lat="31.206797401445623" lon="121.34974932195895">
        <ele>1.399999976158142</ele>
        <time>2026-09-19T11:09:08Z</time>
        <extensions>
          <gpxtpx:TrackPointExtension>
            <gpxtpx:hr>142</gpxtpx:hr>
          </gpxtpx:TrackPointExtension>
        </extensions>
      </trkpt>
      <trkpt lat="31.206907412361485" lon="121.34971038819634">
        <ele>1.399999976158142</ele>
        <time>2026-09-19T11:09:12Z</time>
        <extensions>
          <gpxtpx:TrackPointExtension>
            <gpxtpx:hr>142</gpxtpx:hr>
          </gpxtpx:TrackPointExtension>
        </extensions>
      </trkpt>
      <trkpt lat="31.207033408983786" lon="121.34967544531159">
        <ele>1.2000000476837158</ele>
        <time>2026-09-19T11:09:16Z</time>
        <extensions>
          <gpxtpx:TrackPointExtension>
            <gpxtpx:hr>142</gpxtpx:hr>
          </gpxtpx:TrackPointExtension>
        </extensions>
      </trkpt>
      <trkpt lat="31.207122410373533" lon="121.34964849010184">
        <ele>1.399999976158142</ele>
        <time>2026-09-19T11:09:20Z</time>
        <extensions>
          <gpxtpx:TrackPointExtension>
            <gpxtpx:hr>142</gpxtpx:hr>
          </gpxtpx:TrackPointExtension>
        </extensions>
      </trkpt>
      <trkpt lat="31.207238397068988" lon="121.34962253062898">
        <ele>1.399999976158142</ele>
        <time>2026-09-19T11:09:24Z</time>
        <extensions>
          <gpxtpx:TrackPointExtension>
            <gpxtpx:hr>143</gpxtpx:hr>
          </gpxtpx:TrackPointExtension>
        </extensions>
      </trkpt>
      <trkpt lat="31.20736136391768" lon="121.34960655111146">
        <ele>1.399999976158142</ele>
        <time>2026-09-19T11:09:28Z</time>
        <extensions>
          <gpxtpx:TrackPointExtension>
            <gpxtpx:hr>143</gpxtpx:hr>
          </gpxtpx:TrackPointExtension>
        </extensions>
      </trkpt>
      <trkpt lat="31.20748035085607" lon="121.34957959335188">
        <ele>1.2000000476837158</ele>
        <time>2026-09-19T11:09:32Z</time>
        <extensions>
          <gpxtpx:TrackPointExtension>
            <gpxtpx:hr>142</gpxtpx:hr>
          </gpxtpx:TrackPointExtension>
        </extensions>
      </trkpt>
      <trkpt lat="31.207584345076217" lon="121.3495526369078">
        <ele>1.399999976158142</ele>
        <time>2026-09-19T11:09:36Z</time>
        <extensions>
          <gpxtpx:TrackPointExtension>
            <gpxtpx:hr>143</gpxtpx:hr>
          </gpxtpx:TrackPointExtension>
        </extensions>
      </trkpt>
      <trkpt lat="31.207711310049" lon="121.34953665707162">
        <ele>1.399999976158142</ele>
        <time>2026-09-19T11:09:40Z</time>
        <extensions>
          <gpxtpx:TrackPointExtension>
            <gpxtpx:hr>141</gpxtpx:hr>
          </gpxtpx:TrackPointExtension>
        </extensions>
      </trkpt>
      <trkpt lat="31.207791317567022" lon="121.34950870468005">
        <ele>1.399999976158142</ele>
        <time>2026-09-19T11:09:44Z</time>
        <extensions>
          <gpxtpx:TrackPointExtension>
            <gpxtpx:hr>142</gpxtpx:hr>
          </gpxtpx:TrackPointExtension>
        </extensions>
      </trkpt>
      <trkpt lat="31.207904305851343" lon="121.34948274555562">
        <ele>1.399999976158142</ele>
        <time>2026-09-19T11:09:48Z</time>
        <extensions>
          <gpxtpx:TrackPointExtension>
            <gpxtpx:hr>141</gpxtpx:hr>
          </gpxtpx:TrackPointExtension>
        </extensions>
      </trkpt>
      <trkpt lat="31.208040306165113" lon="121.34944281174748">
        <ele>1.2000000476837158</ele>
        <time>2026-09-19T11:09:52Z</time>
        <extensions>
          <gpxtpx:TrackPointExtension>
            <gpxtpx:hr>141</gpxtpx:hr>
          </gpxtpx:TrackPointExtension>
        </extensions>
      </trkpt>
      <trkpt lat="31.208166286573846" lon="121.3494178495901">
        <ele>1.399999976158142</ele>
        <time>2026-09-19T11:09:56Z</time>
        <extensions>
          <gpxtpx:TrackPointExtension>
            <gpxtpx:hr>141</gpxtpx:hr>
          </gpxtpx:TrackPointExtension>
        </extensions>
      </trkpt>
      <trkpt lat="31.20828227514474" lon="121.34939089221434">
        <ele>1.399999976158142</ele>
        <time>2026-09-19T11:10:00Z</time>
        <extensions>
          <gpxtpx:TrackPointExtension>
            <gpxtpx:hr>141</gpxtpx:hr>
          </gpxtpx:TrackPointExtension>
        </extensions>
      </trkpt>
      <trkpt lat="31.208365276374472" lon="121.34936593380858">
        <ele>1.7999999523162842</ele>
        <time>2026-09-19T11:10:04Z</time>
        <extensions>
          <gpxtpx:TrackPointExtension>
            <gpxtpx:hr>141</gpxtpx:hr>
          </gpxtpx:TrackPointExtension>
        </extensions>
      </trkpt>
      <trkpt lat="31.208485264714973" lon="121.34933797807282">
        <ele>1.600000023841858</ele>
        <time>2026-09-19T11:10:08Z</time>
        <extensions>
          <gpxtpx:TrackPointExtension>
            <gpxtpx:hr>141</gpxtpx:hr>
          </gpxtpx:TrackPointExtension>
        </extensions>
      </trkpt>
      <trkpt lat="31.20863425893502" lon="121.34929804328073">
        <ele>1.600000023841858</ele>
        <time>2026-09-19T11:10:12Z</time>
        <extensions>
          <gpxtpx:TrackPointExtension>
            <gpxtpx:hr>141</gpxtpx:hr>
          </gpxtpx:TrackPointExtension>
        </extensions>
      </trkpt>
      <trkpt lat="31.20873826830551" lon="121.34926210460495">
        <ele>1.399999976158142</ele>
        <time>2026-09-19T11:10:16Z</time>
        <extensions>
          <gpxtpx:TrackPointExtension>
            <gpxtpx:hr>142</gpxtpx:hr>
          </gpxtpx:TrackPointExtension>
        </extensions>
      </trkpt>
      <trkpt lat="31.2088552565339" lon="121.34923514724467">
        <ele>1.399999976158142</ele>
        <time>2026-09-19T11:10:20Z</time>
        <extensions>
          <gpxtpx:TrackPointExtension>
            <gpxtpx:hr>142</gpxtpx:hr>
          </gpxtpx:TrackPointExtension>
        </extensions>
      </trkpt>
      <trkpt lat="31.208964256930432" lon="121.34920320036994">
        <ele>1.600000023841858</ele>
        <time>2026-09-19T11:10:24Z</time>
        <extensions>
          <gpxtpx:TrackPointExtension>
            <gpxtpx:hr>142</gpxtpx:hr>
          </gpxtpx:TrackPointExtension>
        </extensions>
      </trkpt>
      <trkpt lat="31.20908325584734" lon="121.34916925656681">
        <ele>1.600000023841858</ele>
        <time>2026-09-19T11:10:28Z</time>
        <extensions>
          <gpxtpx:TrackPointExtension>
            <gpxtpx:hr>142</gpxtpx:hr>
          </gpxtpx:TrackPointExtension>
        </extensions>
      </trkpt>
      <trkpt lat="31.209186257543042" lon="121.34913830830521">
        <ele>1.600000023841858</ele>
        <time>2026-09-19T11:10:32Z</time>
        <extensions>
          <gpxtpx:TrackPointExtension>
            <gpxtpx:hr>140</gpxtpx:hr>
          </gpxtpx:TrackPointExtension>
        </extensions>
      </trkpt>
      <trkpt lat="31.209300248987226" lon="121.3491103532426">
        <ele>1.7999999523162842</ele>
        <time>2026-09-19T11:10:36Z</time>
        <extensions>
          <gpxtpx:TrackPointExtension>
            <gpxtpx:hr>140</gpxtpx:hr>
          </gpxtpx:TrackPointExtension>
        </extensions>
      </trkpt>
      <trkpt lat="31.209392224526265" lon="121.34909836877492">
        <ele>1.7999999523162842</ele>
        <time>2026-09-19T11:10:40Z</time>
        <extensions>
          <gpxtpx:TrackPointExtension>
            <gpxtpx:hr>140</gpxtpx:hr>
          </gpxtpx:TrackPointExtension>
        </extensions>
      </trkpt>
      <trkpt lat="31.2095362264395" lon="121.34905544052296">
        <ele>2.0</ele>
        <time>2026-09-19T11:10:44Z</time>
        <extensions>
          <gpxtpx:TrackPointExtension>
            <gpxtpx:hr>141</gpxtpx:hr>
          </gpxtpx:TrackPointExtension>
        </extensions>
      </trkpt>
      <trkpt lat="31.20962022246272" lon="121.34903347635515">
        <ele>2.0</ele>
        <time>2026-09-19T11:10:48Z</time>
        <extensions>
          <gpxtpx:TrackPointExtension>
            <gpxtpx:hr>140</gpxtpx:hr>
          </gpxtpx:TrackPointExtension>
        </extensions>
      </trkpt>
      <trkpt lat="31.209766205229325" lon="121.34900152643488">
        <ele>2.0</ele>
        <time>2026-09-19T11:10:52Z</time>
        <extensions>
          <gpxtpx:TrackPointExtension>
            <gpxtpx:hr>140</gpxtpx:hr>
          </gpxtpx:TrackPointExtension>
        </extensions>
      </trkpt>
      <trkpt lat="31.209889199113828" lon="121.34896957852884">
        <ele>2.0</ele>
        <time>2026-09-19T11:10:56Z</time>
        <extensions>
          <gpxtpx:TrackPointExtension>
            <gpxtpx:hr>140</gpxtpx:hr>
          </gpxtpx:TrackPointExtension>
        </extensions>
      </trkpt>
      <trkpt lat="31.210007203748212" lon="121.34893264088814">
        <ele>2.0</ele>
        <time>2026-09-19T11:11:00Z</time>
        <extensions>
          <gpxtpx:TrackPointExtension>
            <gpxtpx:hr>140</gpxtpx:hr>
          </gpxtpx:TrackPointExtension>
        </extensions>
      </trkpt>
      <trkpt lat="31.21012819367721" lon="121.34890368732052">
        <ele>1.7999999523162842</ele>
        <time>2026-09-19T11:11:04Z</time>
        <extensions>
          <gpxtpx:TrackPointExtension>
            <gpxtpx:hr>141</gpxtpx:hr>
          </gpxtpx:TrackPointExtension>
        </extensions>
      </trkpt>
      <trkpt lat="31.2102342324361" lon="121.34884978415558">
        <ele>1.399999976158142</ele>
        <time>2026-09-19T11:11:08Z</time>
        <extensions>
          <gpxtpx:TrackPointExtension>
            <gpxtpx:hr>141</gpxtpx:hr>
          </gpxtpx:TrackPointExtension>
        </extensions>
      </trkpt>
      <trkpt lat="31.21028831127411" lon="121.34878690324399">
        <ele>1.0</ele>
        <time>2026-09-19T11:11:12Z</time>
        <extensions>
          <gpxtpx:TrackPointExtension>
            <gpxtpx:hr>141</gpxtpx:hr>
          </gpxtpx:TrackPointExtension>
        </extensions>
      </trkpt>
      <trkpt lat="31.210169435167796" lon="121.34874699216455">
        <ele>1.0</ele>
        <time>2026-09-19T11:11:16Z</time>
        <extensions>
          <gpxtpx:TrackPointExtension>
            <gpxtpx:hr>140</gpxtpx:hr>
          </gpxtpx:TrackPointExtension>
        </extensions>
      </trkpt>
      <trkpt lat="31.21007852229527" lon="121.34872105116382">
        <ele>1.2000000476837158</ele>
        <time>2026-09-19T11:11:20Z</time>
        <extensions>
          <gpxtpx:TrackPointExtension>
            <gpxtpx:hr>140</gpxtpx:hr>
          </gpxtpx:TrackPointExtension>
        </extensions>
      </trkpt>
      <trkpt lat="31.210000793283385" lon="121.34858133348523">
        <ele>1.2000000476837158</ele>
        <time>2026-09-19T11:11:24Z</time>
        <extensions>
          <gpxtpx:TrackPointExtension>
            <gpxtpx:hr>140</gpxtpx:hr>
          </gpxtpx:TrackPointExtension>
        </extensions>
      </trkpt>
      <trkpt lat="31.209933999201134" lon="121.34847754429056">
        <ele>1.600000023841858</ele>
        <time>2026-09-19T11:11:28Z</time>
        <extensions>
          <gpxtpx:TrackPointExtension>
            <gpxtpx:hr>140</gpxtpx:hr>
          </gpxtpx:TrackPointExtension>
        </extensions>
      </trkpt>
      <trkpt lat="31.209862132489086" lon="121.3484186669344">
        <ele>1.7999999523162842</ele>
        <time>2026-09-19T11:11:32Z</time>
        <extensions>
          <gpxtpx:TrackPointExtension>
            <gpxtpx:hr>140</gpxtpx:hr>
          </gpxtpx:TrackPointExtension>
        </extensions>
      </trkpt>
      <trkpt lat="31.20975137500762" lon="121.34830589972786">
        <ele>2.0</ele>
        <time>2026-09-19T11:11:36Z</time>
        <extensions>
          <gpxtpx:TrackPointExtension>
            <gpxtpx:hr>140</gpxtpx:hr>
          </gpxtpx:TrackPointExtension>
        </extensions>
      </trkpt>
      <trkpt lat="31.209677501090397" lon="121.3482520128914">
        <ele>2.0</ele>
        <time>2026-09-19T11:11:40Z</time>
        <extensions>
          <gpxtpx:TrackPointExtension>
            <gpxtpx:hr>140</gpxtpx:hr>
          </gpxtpx:TrackPointExtension>
        </extensions>
      </trkpt>
      <trkpt lat="31.209575551924964" lon="121.3482510236914">
        <ele>1.7999999523162842</ele>
        <time>2026-09-19T11:11:44Z</time>
        <extensions>
          <gpxtpx:TrackPointExtension>
            <gpxtpx:hr>140</gpxtpx:hr>
          </gpxtpx:TrackPointExtension>
        </extensions>
      </trkpt>
      <trkpt lat="31.20947155014026" lon="121.34828197138795">
        <ele>1.600000023841858</ele>
        <time>2026-09-19T11:11:48Z</time>
        <extensions>
          <gpxtpx:TrackPointExtension>
            <gpxtpx:hr>141</gpxtpx:hr>
          </gpxtpx:TrackPointExtension>
        </extensions>
      </trkpt>
      <trkpt lat="31.209316557911293" lon="121.34832190573233">
        <ele>1.600000023841858</ele>
        <time>2026-09-19T11:11:52Z</time>
        <extensions>
          <gpxtpx:TrackPointExtension>
            <gpxtpx:hr>141</gpxtpx:hr>
          </gpxtpx:TrackPointExtension>
        </extensions>
      </trkpt>
      <trkpt lat="31.20917563428128" lon="121.34831692780858">
        <ele>1.600000023841858</ele>
        <time>2026-09-19T11:11:56Z</time>
        <extensions>
          <gpxtpx:TrackPointExtension>
            <gpxtpx:hr>141</gpxtpx:hr>
          </gpxtpx:TrackPointExtension>
        </extensions>
      </trkpt>
      <trkpt lat="31.20905372158994" lon="121.34829997195938">
        <ele>1.600000023841858</ele>
        <time>2026-09-19T11:12:00Z</time>
        <extensions>
          <gpxtpx:TrackPointExtension>
            <gpxtpx:hr>141</gpxtpx:hr>
          </gpxtpx:TrackPointExtension>
        </extensions>
      </trkpt>
      <trkpt lat="31.208931743628455" lon="121.34832193903208">
        <ele>1.600000023841858</ele>
        <time>2026-09-19T11:12:04Z</time>
        <extensions>
          <gpxtpx:TrackPointExtension>
            <gpxtpx:hr>142</gpxtpx:hr>
          </gpxtpx:TrackPointExtension>
        </extensions>
      </trkpt>
      <trkpt lat="31.20880976568887" lon="121.34834390611609">
        <ele>1.600000023841858</ele>
        <time>2026-09-19T11:12:08Z</time>
        <extensions>
          <gpxtpx:TrackPointExtension>
            <gpxtpx:hr>143</gpxtpx:hr>
          </gpxtpx:TrackPointExtension>
        </extensions>
      </trkpt>
      <trkpt lat="31.20869777625251" lon="121.34836986444648">
        <ele>1.600000023841858</ele>
        <time>2026-09-19T11:12:12Z</time>
        <extensions>
          <gpxtpx:TrackPointExtension>
            <gpxtpx:hr>143</gpxtpx:hr>
          </gpxtpx:TrackPointExtension>
        </extensions>
      </trkpt>
      <trkpt lat="31.20861877090658" lon="121.34839581993845">
        <ele>1.600000023841858</ele>
        <time>2026-09-19T11:12:16Z</time>
        <extensions>
          <gpxtpx:TrackPointExtension>
            <gpxtpx:hr>144</gpxtpx:hr>
          </gpxtpx:TrackPointExtension>
        </extensions>
      </trkpt>
      <trkpt lat="31.208489741250922" lon="121.34845072254222">
        <ele>1.7999999523162842</ele>
        <time>2026-09-19T11:12:20Z</time>
        <extensions>
          <gpxtpx:TrackPointExtension>
            <gpxtpx:hr>146</gpxtpx:hr>
          </gpxtpx:TrackPointExtension>
        </extensions>
      </trkpt>
      <trkpt lat="31.208388676433117" lon="121.34851859716393">
        <ele>1.600000023841858</ele>
        <time>2026-09-19T11:12:24Z</time>
        <extensions>
          <gpxtpx:TrackPointExtension>
            <gpxtpx:hr>146</gpxtpx:hr>
          </gpxtpx:TrackPointExtension>
        </extensions>
      </trkpt>
      <trkpt lat="31.208298664811252" lon="121.34855153990269">
        <ele>1.600000023841858</ele>
        <time>2026-09-19T11:12:28Z</time>
        <extensions>
          <gpxtpx:TrackPointExtension>
            <gpxtpx:hr>149</gpxtpx:hr>
          </gpxtpx:TrackPointExtension>
        </extensions>
      </trkpt>
      <trkpt lat="31.208191643077615" lon="121.34859546246977">
        <ele>1.7999999523162842</ele>
        <time>2026-09-19T11:12:32Z</time>
        <extensions>
          <gpxtpx:TrackPointExtension>
            <gpxtpx:hr>153</gpxtpx:hr>
          </gpxtpx:TrackPointExtension>
        </extensions>
      </trkpt>
      <trkpt lat="31.208034677242104" lon="121.34862042681543">
        <ele>1.7999999523162842</ele>
        <time>2026-09-19T11:12:36Z</time>
        <extensions>
          <gpxtpx:TrackPointExtension>
            <gpxtpx:hr>154</gpxtpx:hr>
          </gpxtpx:TrackPointExtension>
        </extensions>
      </trkpt>
      <trkpt lat="31.207942726713426" lon="121.34861744068034">
        <ele>2.0</ele>
        <time>2026-09-19T11:12:40Z</time>
        <extensions>
          <gpxtpx:TrackPointExtension>
            <gpxtpx:hr>153</gpxtpx:hr>
          </gpxtpx:TrackPointExtension>
        </extensions>
      </trkpt>
      <trkpt lat="31.207823795918017" lon="121.34861046475783">
        <ele>2.0</ele>
        <time>2026-09-19T11:12:44Z</time>
        <extensions>
          <gpxtpx:TrackPointExtension>
            <gpxtpx:hr>153</gpxtpx:hr>
          </gpxtpx:TrackPointExtension>
        </extensions>
      </trkpt>
      <trkpt lat="31.2076778464995" lon="121.34862245375615">
        <ele>2.0</ele>
        <time>2026-09-19T11:12:48Z</time>
        <extensions>
          <gpxtpx:TrackPointExtension>
            <gpxtpx:hr>153</gpxtpx:hr>
          </gpxtpx:TrackPointExtension>
        </extensions>
      </trkpt>
      <trkpt lat="31.207566876836562" lon="121.34863643579314">
        <ele>1.7999999523162842</ele>
        <time>2026-09-19T11:12:52Z</time>
        <extensions>
          <gpxtpx:TrackPointExtension>
            <gpxtpx:hr>152</gpxtpx:hr>
          </gpxtpx:TrackPointExtension>
        </extensions>
      </trkpt>
      <trkpt lat="31.20748487481881" lon="121.34866139367591">
        <ele>1.7999999523162842</ele>
        <time>2026-09-19T11:12:56Z</time>
        <extensions>
          <gpxtpx:TrackPointExtension>
            <gpxtpx:hr>153</gpxtpx:hr>
          </gpxtpx:TrackPointExtension>
        </extensions>
      </trkpt>
      <trkpt lat="31.207383822026078" lon="121.34872228240191">
        <ele>1.7999999523162842</ele>
        <time>2026-09-19T11:13:00Z</time>
        <extensions>
          <gpxtpx:TrackPointExtension>
            <gpxtpx:hr>153</gpxtpx:hr>
          </gpxtpx:TrackPointExtension>
        </extensions>
      </trkpt>
      <trkpt lat="31.207276753907273" lon="121.3487941501189">
        <ele>1.7999999523162842</ele>
        <time>2026-09-19T11:13:04Z</time>
        <extensions>
          <gpxtpx:TrackPointExtension>
            <gpxtpx:hr>153</gpxtpx:hr>
          </gpxtpx:TrackPointExtension>
        </extensions>
      </trkpt>
      <trkpt lat="31.20715371193948" lon="121.34885504093987">
        <ele>1.7999999523162842</ele>
        <time>2026-09-19T11:13:08Z</time>
        <extensions>
          <gpxtpx:TrackPointExtension>
            <gpxtpx:hr>153</gpxtpx:hr>
          </gpxtpx:TrackPointExtension>
        </extensions>
      </trkpt>
      <trkpt lat="31.20703072824378" lon="121.34888100053593">
        <ele>1.600000023841858</ele>
        <time>2026-09-19T11:13:12Z</time>
        <extensions>
          <gpxtpx:TrackPointExtension>
            <gpxtpx:hr>152</gpxtpx:hr>
          </gpxtpx:TrackPointExtension>
        </extensions>
      </trkpt>
      <trkpt lat="31.206868833294603" lon="121.34886504595784">
        <ele>2.0</ele>
        <time>2026-09-19T11:13:16Z</time>
        <extensions>
          <gpxtpx:TrackPointExtension>
            <gpxtpx:hr>149</gpxtpx:hr>
          </gpxtpx:TrackPointExtension>
        </extensions>
      </trkpt>
      <trkpt lat="31.20677885526477" lon="121.34887802822216">
        <ele>2.200000047683716</ele>
        <time>2026-09-19T11:13:20Z</time>
        <extensions>
          <gpxtpx:TrackPointExtension>
            <gpxtpx:hr>150</gpxtpx:hr>
          </gpxtpx:TrackPointExtension>
        </extensions>
      </trkpt>
      <trkpt lat="31.206658896766495" lon="121.34888801897345">
        <ele>2.5999999046325684</ele>
        <time>2026-09-19T11:13:24Z</time>
        <extensions>
          <gpxtpx:TrackPointExtension>
            <gpxtpx:hr>150</gpxtpx:hr>
          </gpxtpx:TrackPointExtension>
        </extensions>
      </trkpt>
      <trkpt lat="31.20650488328948" lon="121.34894092830349">
        <ele>3.0</ele>
        <time>2026-09-19T11:13:28Z</time>
        <extensions>
          <gpxtpx:TrackPointExtension>
            <gpxtpx:hr>151</gpxtpx:hr>
          </gpxtpx:TrackPointExtension>
        </extensions>
      </trkpt>
      <trkpt lat="31.206405899700698" lon="121.34895989960344">
        <ele>3.0</ele>
        <time>2026-09-19T11:13:32Z</time>
        <extensions>
          <gpxtpx:TrackPointExtension>
            <gpxtpx:hr>151</gpxtpx:hr>
          </gpxtpx:TrackPointExtension>
        </extensions>
      </trkpt>
      <trkpt lat="31.206278938005486" lon="121.348973883137">
        <ele>2.5999999046325684</ele>
        <time>2026-09-19T11:13:36Z</time>
        <extensions>
          <gpxtpx:TrackPointExtension>
            <gpxtpx:hr>152</gpxtpx:hr>
          </gpxtpx:TrackPointExtension>
        </extensions>
      </trkpt>
      <trkpt lat="31.206132065762326" lon="121.34893996252845">
        <ele>2.200000047683716</ele>
        <time>2026-09-19T11:13:40Z</time>
        <extensions>
          <gpxtpx:TrackPointExtension>
            <gpxtpx:hr>152</gpxtpx:hr>
          </gpxtpx:TrackPointExtension>
        </extensions>
      </trkpt>
      <trkpt lat="31.206032125889077" lon="121.34893298490896">
        <ele>1.7999999523162842</ele>
        <time>2026-09-19T11:13:44Z</time>
        <extensions>
          <gpxtpx:TrackPointExtension>
            <gpxtpx:hr>152</gpxtpx:hr>
          </gpxtpx:TrackPointExtension>
        </extensions>
      </trkpt>
      <trkpt lat="31.20588713142637" lon="121.34897192096528">
        <ele>1.7999999523162842</ele>
        <time>2026-09-19T11:13:48Z</time>
        <extensions>
          <gpxtpx:TrackPointExtension>
            <gpxtpx:hr>152</gpxtpx:hr>
          </gpxtpx:TrackPointExtension>
        </extensions>
      </trkpt>
      <trkpt lat="31.20578111974808" lon="121.34900985564437">
        <ele>2.0</ele>
        <time>2026-09-19T11:13:52Z</time>
        <extensions>
          <gpxtpx:TrackPointExtension>
            <gpxtpx:hr>151</gpxtpx:hr>
          </gpxtpx:TrackPointExtension>
        </extensions>
      </trkpt>
      <trkpt lat="31.205666112475303" lon="121.34904779113647">
        <ele>1.7999999523162842</ele>
        <time>2026-09-19T11:13:56Z</time>
        <extensions>
          <gpxtpx:TrackPointExtension>
            <gpxtpx:hr>150</gpxtpx:hr>
          </gpxtpx:TrackPointExtension>
        </extensions>
      </trkpt>
      <trkpt lat="31.205556114427065" lon="121.34907873993711">
        <ele>1.7999999523162842</ele>
        <time>2026-09-19T11:14:00Z</time>
        <extensions>
          <gpxtpx:TrackPointExtension>
            <gpxtpx:hr>150</gpxtpx:hr>
          </gpxtpx:TrackPointExtension>
        </extensions>
      </trkpt>
      <trkpt lat="31.205472128662496" lon="121.34909471587564">
        <ele>1.7999999523162842</ele>
        <time>2026-09-19T11:14:04Z</time>
        <extensions>
          <gpxtpx:TrackPointExtension>
            <gpxtpx:hr>151</gpxtpx:hr>
          </gpxtpx:TrackPointExtension>
        </extensions>
      </trkpt>
      <trkpt lat="31.205370173207864" lon="121.34909771882523">
        <ele>1.7999999523162842</ele>
        <time>2026-09-19T11:14:08Z</time>
        <extensions>
          <gpxtpx:TrackPointExtension>
            <gpxtpx:hr>150</gpxtpx:hr>
          </gpxtpx:TrackPointExtension>
        </extensions>
      </trkpt>
      <trkpt lat="31.20526915924185" lon="121.3491356531866">
        <ele>1.7999999523162842</ele>
        <time>2026-09-19T11:14:12Z</time>
        <extensions>
          <gpxtpx:TrackPointExtension>
            <gpxtpx:hr>150</gpxtpx:hr>
          </gpxtpx:TrackPointExtension>
        </extensions>
      </trkpt>
      <trkpt lat="31.205187999788915" lon="121.34925542555216">
        <ele>1.600000023841858</ele>
        <time>2026-09-19T11:14:16Z</time>
        <extensions>
          <gpxtpx:TrackPointExtension>
            <gpxtpx:hr>149</gpxtpx:hr>
          </gpxtpx:TrackPointExtension>
        </extensions>
      </trkpt>
      <trkpt lat="31.205126870590828" lon="121.34935124336523">
        <ele>1.600000023841858</ele>
        <time>2026-09-19T11:14:20Z</time>
        <extensions>
          <gpxtpx:TrackPointExtension>
            <gpxtpx:hr>148</gpxtpx:hr>
          </gpxtpx:TrackPointExtension>
        </extensions>
      </trkpt>
      <trkpt lat="31.205030733811906" lon="121.34946203519212">
        <ele>1.600000023841858</ele>
        <time>2026-09-19T11:14:24Z</time>
        <extensions>
          <gpxtpx:TrackPointExtension>
            <gpxtpx:hr>148</gpxtpx:hr>
          </gpxtpx:TrackPointExtension>
        </extensions>
      </trkpt>
      <trkpt lat="31.204936607859587" lon="121.3495658407687">
        <ele>1.399999976158142</ele>
        <time>2026-09-19T11:14:28Z</time>
        <extensions>
          <gpxtpx:TrackPointExtension>
            <gpxtpx:hr>148</gpxtpx:hr>
          </gpxtpx:TrackPointExtension>
        </extensions>
      </trkpt>
      <trkpt lat="31.204815605654264" lon="121.3496027792366">
        <ele>1.399999976158142</ele>
        <time>2026-09-19T11:14:32Z</time>
        <extensions>
          <gpxtpx:TrackPointExtension>
            <gpxtpx:hr>149</gpxtpx:hr>
          </gpxtpx:TrackPointExtension>
        </extensions>
      </trkpt>
      <trkpt lat="31.2047086444749" lon="121.34961077292976">
        <ele>1.600000023841858</ele>
        <time>2026-09-19T11:14:36Z</time>
        <extensions>
          <gpxtpx:TrackPointExtension>
            <gpxtpx:hr>150</gpxtpx:hr>
          </gpxtpx:TrackPointExtension>
        </extensions>
      </trkpt>
      <trkpt lat="31.204585684493146" lon="121.34962276022846">
        <ele>1.600000023841858</ele>
        <time>2026-09-19T11:14:40Z</time>
        <extensions>
          <gpxtpx:TrackPointExtension>
            <gpxtpx:hr>149</gpxtpx:hr>
          </gpxtpx:TrackPointExtension>
        </extensions>
      </trkpt>
      <trkpt lat="31.20443272593463" lon="121.3496427345691">
        <ele>1.600000023841858</ele>
        <time>2026-09-19T11:14:44Z</time>
        <extensions>
          <gpxtpx:TrackPointExtension>
            <gpxtpx:hr>149</gpxtpx:hr>
          </gpxtpx:TrackPointExtension>
        </extensions>
      </trkpt>
      <trkpt lat="31.204342731817174" lon="121.34966569763772">
        <ele>1.7999999523162842</ele>
        <time>2026-09-19T11:14:48Z</time>
        <extensions>
          <gpxtpx:TrackPointExtension>
            <gpxtpx:hr>148</gpxtpx:hr>
          </gpxtpx:TrackPointExtension>
        </extensions>
      </trkpt>
      <trkpt lat="31.204191790449592" lon="121.34967469320578">
        <ele>2.0</ele>
        <time>2026-09-19T11:14:52Z</time>
        <extensions>
          <gpxtpx:TrackPointExtension>
            <gpxtpx:hr>149</gpxtpx:hr>
          </gpxtpx:TrackPointExtension>
        </extensions>
      </trkpt>
      <trkpt lat="31.20407781463002" lon="121.3496936661414">
        <ele>2.4000000953674316</ele>
        <time>2026-09-19T11:14:56Z</time>
        <extensions>
          <gpxtpx:TrackPointExtension>
            <gpxtpx:hr>148</gpxtpx:hr>
          </gpxtpx:TrackPointExtension>
        </extensions>
      </trkpt>
      <trkpt lat="31.203963824013424" lon="121.34972162160186">
        <ele>2.5999999046325684</ele>
        <time>2026-09-19T11:15:00Z</time>
        <extensions>
          <gpxtpx:TrackPointExtension>
            <gpxtpx:hr>148</gpxtpx:hr>
          </gpxtpx:TrackPointExtension>
        </extensions>
      </trkpt>
      <trkpt lat="31.203847824524686" lon="121.34975556560377">
        <ele>3.0</ele>
        <time>2026-09-19T11:15:04Z</time>
        <extensions>
          <gpxtpx:TrackPointExtension>
            <gpxtpx:hr>148</gpxtpx:hr>
          </gpxtpx:TrackPointExtension>
        </extensions>
      </trkpt>
      <trkpt lat="31.203721861191884" lon="121.3497705473805">
        <ele>2.799999952316284</ele>
        <time>2026-09-19T11:15:08Z</time>
        <extensions>
          <gpxtpx:TrackPointExtension>
            <gpxtpx:hr>149</gpxtpx:hr>
          </gpxtpx:TrackPointExtension>
        </extensions>
      </trkpt>
      <trkpt lat="31.203628878516096" lon="121.34978752242613">
        <ele>2.200000047683716</ele>
        <time>2026-09-19T11:15:12Z</time>
        <extensions>
          <gpxtpx:TrackPointExtension>
            <gpxtpx:hr>149</gpxtpx:hr>
          </gpxtpx:TrackPointExtension>
        </extensions>
      </trkpt>
      <trkpt lat="31.2034748154402" lon="121.34987137279602">
        <ele>1.600000023841858</ele>
        <time>2026-09-19T11:15:16Z</time>
        <extensions>
          <gpxtpx:TrackPointExtension>
            <gpxtpx:hr>149</gpxtpx:hr>
          </gpxtpx:TrackPointExtension>
        </extensions>
      </trkpt>
      <trkpt lat="31.20335582249083" lon="121.3499023229972">
        <ele>1.399999976158142</ele>
        <time>2026-09-19T11:15:20Z</time>
        <extensions>
          <gpxtpx:TrackPointExtension>
            <gpxtpx:hr>149</gpxtpx:hr>
          </gpxtpx:TrackPointExtension>
        </extensions>
      </trkpt>
      <trkpt lat="31.20323982482741" lon="121.34993526908792">
        <ele>1.2000000476837158</ele>
        <time>2026-09-19T11:15:24Z</time>
        <extensions>
          <gpxtpx:TrackPointExtension>
            <gpxtpx:hr>149</gpxtpx:hr>
          </gpxtpx:TrackPointExtension>
        </extensions>
      </trkpt>
      <trkpt lat="31.20315783031939" lon="121.34995623550383">
        <ele>1.2000000476837158</ele>
        <time>2026-09-19T11:15:28Z</time>
        <extensions>
          <gpxtpx:TrackPointExtension>
            <gpxtpx:hr>149</gpxtpx:hr>
          </gpxtpx:TrackPointExtension>
        </extensions>
      </trkpt>
      <trkpt lat="31.20303885058075" lon="121.34997920125903">
        <ele>0.800000011920929</ele>
        <time>2026-09-19T11:15:32Z</time>
        <extensions>
          <gpxtpx:TrackPointExtension>
            <gpxtpx:hr>149</gpxtpx:hr>
          </gpxtpx:TrackPointExtension>
        </extensions>
      </trkpt>
      <trkpt lat="31.202919854462458" lon="121.35001214767215">
        <ele>1.0</ele>
        <time>2026-09-19T11:15:36Z</time>
        <extensions>
          <gpxtpx:TrackPointExtension>
            <gpxtpx:hr>149</gpxtpx:hr>
          </gpxtpx:TrackPointExtension>
        </extensions>
      </trkpt>
      <trkpt lat="31.202791872604397" lon="121.35003910649876">
        <ele>1.0</ele>
        <time>2026-09-19T11:15:40Z</time>
        <extensions>
          <gpxtpx:TrackPointExtension>
            <gpxtpx:hr>149</gpxtpx:hr>
          </gpxtpx:TrackPointExtension>
        </extensions>
      </trkpt>
      <trkpt lat="31.2026928815462" lon="121.35006306863694">
        <ele>1.0</ele>
        <time>2026-09-19T11:15:44Z</time>
        <extensions>
          <gpxtpx:TrackPointExtension>
            <gpxtpx:hr>149</gpxtpx:hr>
          </gpxtpx:TrackPointExtension>
        </extensions>
      </trkpt>
      <trkpt lat="31.202610893685083" lon="121.35008004285413">
        <ele>1.0</ele>
        <time>2026-09-19T11:15:48Z</time>
        <extensions>
          <gpxtpx:TrackPointExtension>
            <gpxtpx:hr>150</gpxtpx:hr>
          </gpxtpx:TrackPointExtension>
        </extensions>
      </trkpt>
      <trkpt lat="31.20248883036107" lon="121.35015490845">
        <ele>1.0</ele>
        <time>2026-09-19T11:15:52Z</time>
        <extensions>
          <gpxtpx:TrackPointExtension>
            <gpxtpx:hr>152</gpxtpx:hr>
          </gpxtpx:TrackPointExtension>
        </extensions>
      </trkpt>
      <trkpt lat="31.202419764200855" lon="121.35021579662272">
        <ele>1.0</ele>
        <time>2026-09-19T11:15:56Z</time>
        <extensions>
          <gpxtpx:TrackPointExtension>
            <gpxtpx:hr>152</gpxtpx:hr>
          </gpxtpx:TrackPointExtension>
        </extensions>
      </trkpt>
      <trkpt lat="31.202312672539207" lon="121.35030363610663">
        <ele>1.2000000476837158</ele>
        <time>2026-09-19T11:16:00Z</time>
        <extensions>
          <gpxtpx:TrackPointExtension>
            <gpxtpx:hr>151</gpxtpx:hr>
          </gpxtpx:TrackPointExtension>
        </extensions>
      </trkpt>
      <trkpt lat="31.20218975219124" lon="121.35029166988727">
        <ele>0.800000011920929</ele>
        <time>2026-09-19T11:16:04Z</time>
        <extensions>
          <gpxtpx:TrackPointExtension>
            <gpxtpx:hr>151</gpxtpx:hr>
          </gpxtpx:TrackPointExtension>
        </extensions>
      </trkpt>
      <trkpt lat="31.202080905143617" lon="121.35023079699806">
        <ele>0.800000011920929</ele>
        <time>2026-09-19T11:16:08Z</time>
        <extensions>
          <gpxtpx:TrackPointExtension>
            <gpxtpx:hr>151</gpxtpx:hr>
          </gpxtpx:TrackPointExtension>
        </extensions>
      </trkpt>
      <trkpt lat="31.20193707527592" lon="121.35016992722889">
        <ele>0.800000011920929</ele>
        <time>2026-09-19T11:16:12Z</time>
        <extensions>
          <gpxtpx:TrackPointExtension>
            <gpxtpx:hr>151</gpxtpx:hr>
          </gpxtpx:TrackPointExtension>
        </extensions>
      </trkpt>
      <trkpt lat="31.201831213834343" lon="121.35011703880123">
        <ele>0.800000011920929</ele>
        <time>2026-09-19T11:16:16Z</time>
        <extensions>
          <gpxtpx:TrackPointExtension>
            <gpxtpx:hr>151</gpxtpx:hr>
          </gpxtpx:TrackPointExtension>
        </extensions>
      </trkpt>
      <trkpt lat="31.201717351451226" lon="121.35006714533276">
        <ele>1.0</ele>
        <time>2026-09-19T11:16:20Z</time>
        <extensions>
          <gpxtpx:TrackPointExtension>
            <gpxtpx:hr>151</gpxtpx:hr>
          </gpxtpx:TrackPointExtension>
        </extensions>
      </trkpt>
      <trkpt lat="31.201628452315486" lon="121.35003222073728">
        <ele>1.0</ele>
        <time>2026-09-19T11:16:24Z</time>
        <extensions>
          <gpxtpx:TrackPointExtension>
            <gpxtpx:hr>151</gpxtpx:hr>
          </gpxtpx:TrackPointExtension>
        </extensions>
      </trkpt>
      <trkpt lat="31.201489533364768" lon="121.3500242482413">
        <ele>1.2000000476837158</ele>
        <time>2026-09-19T11:16:28Z</time>
        <extensions>
          <gpxtpx:TrackPointExtension>
            <gpxtpx:hr>151</gpxtpx:hr>
          </gpxtpx:TrackPointExtension>
        </extensions>
      </trkpt>
      <trkpt lat="31.20139448963956" lon="121.350079150068">
        <ele>1.399999976158142</ele>
        <time>2026-09-19T11:16:32Z</time>
        <extensions>
          <gpxtpx:TrackPointExtension>
            <gpxtpx:hr>151</gpxtpx:hr>
          </gpxtpx:TrackPointExtension>
        </extensions>
      </trkpt>
      <trkpt lat="31.201299423059137" lon="121.35014802491933">
        <ele>1.399999976158142</ele>
        <time>2026-09-19T11:16:36Z</time>
        <extensions>
          <gpxtpx:TrackPointExtension>
            <gpxtpx:hr>151</gpxtpx:hr>
          </gpxtpx:TrackPointExtension>
        </extensions>
      </trkpt>
      <trkpt lat="31.20122438607184" lon="121.35019294449268">
        <ele>1.399999976158142</ele>
        <time>2026-09-19T11:16:40Z</time>
        <extensions>
          <gpxtpx:TrackPointExtension>
            <gpxtpx:hr>151</gpxtpx:hr>
          </gpxtpx:TrackPointExtension>
        </extensions>
      </trkpt>
      <trkpt lat="31.201116342375244" lon="121.350251839957">
        <ele>1.2000000476837158</ele>
        <time>2026-09-19T11:16:44Z</time>
        <extensions>
          <gpxtpx:TrackPointExtension>
            <gpxtpx:hr>151</gpxtpx:hr>
          </gpxtpx:TrackPointExtension>
        </extensions>
      </trkpt>
      <trkpt lat="31.200955359004993" lon="121.35028978058536">
        <ele>1.2000000476837158</ele>
        <time>2026-09-19T11:16:48Z</time>
        <extensions>
          <gpxtpx:TrackPointExtension>
            <gpxtpx:hr>151</gpxtpx:hr>
          </gpxtpx:TrackPointExtension>
        </extensions>
      </trkpt>
      <trkpt lat="31.20082544058897" lon="121.35027881304606">
        <ele>1.2000000476837158</ele>
        <time>2026-09-19T11:16:52Z</time>
        <extensions>
          <gpxtpx:TrackPointExtension>
            <gpxtpx:hr>152</gpxtpx:hr>
          </gpxtpx:TrackPointExtension>
        </extensions>
      </trkpt>
      <trkpt lat="31.200731537271977" lon="121.35024788098045">
        <ele>1.2000000476837158</ele>
        <time>2026-09-19T11:16:56Z</time>
        <extensions>
          <gpxtpx:TrackPointExtension>
            <gpxtpx:hr>151</gpxtpx:hr>
          </gpxtpx:TrackPointExtension>
        </extensions>
      </trkpt>
      <trkpt lat="31.200620642303203" lon="121.35021695040919">
        <ele>1.2000000476837158</ele>
        <time>2026-09-19T11:17:00Z</time>
        <extensions>
          <gpxtpx:TrackPointExtension>
            <gpxtpx:hr>152</gpxtpx:hr>
          </gpxtpx:TrackPointExtension>
        </extensions>
      </trkpt>
      <trkpt lat="31.200461756136885" lon="121.35019500663556">
        <ele>1.2000000476837158</ele>
        <time>2026-09-19T11:17:04Z</time>
        <extensions>
          <gpxtpx:TrackPointExtension>
            <gpxtpx:hr>152</gpxtpx:hr>
          </gpxtpx:TrackPointExtension>
        </extensions>
      </trkpt>
      <trkpt lat="31.20035773017507" lon="121.35024192491142">
        <ele>1.2000000476837158</ele>
        <time>2026-09-19T11:17:08Z</time>
        <extensions>
          <gpxtpx:TrackPointExtension>
            <gpxtpx:hr>152</gpxtpx:hr>
          </gpxtpx:TrackPointExtension>
        </extensions>
      </trkpt>
      <trkpt lat="31.20027468254183" lon="121.35029582792704">
        <ele>1.2000000476837158</ele>
        <time>2026-09-19T11:17:12Z</time>
        <extensions>
          <gpxtpx:TrackPointExtension>
            <gpxtpx:hr>152</gpxtpx:hr>
          </gpxtpx:TrackPointExtension>
        </extensions>
      </trkpt>
      <trkpt lat="31.200161674169816" lon="121.35033476251775">
        <ele>1.2000000476837158</ele>
        <time>2026-09-19T11:17:16Z</time>
        <extensions>
          <gpxtpx:TrackPointExtension>
            <gpxtpx:hr>151</gpxtpx:hr>
          </gpxtpx:TrackPointExtension>
        </extensions>
      </trkpt>
      <trkpt lat="31.2000557032333" lon="121.35034874470746">
        <ele>1.2000000476837158</ele>
        <time>2026-09-19T11:17:20Z</time>
        <extensions>
          <gpxtpx:TrackPointExtension>
            <gpxtpx:hr>151</gpxtpx:hr>
          </gpxtpx:TrackPointExtension>
        </extensions>
      </trkpt>
      <trkpt lat="31.199955717940078" lon="121.35036971289733">
        <ele>1.2000000476837158</ele>
        <time>2026-09-19T11:17:24Z</time>
        <extensions>
          <gpxtpx:TrackPointExtension>
            <gpxtpx:hr>151</gpxtpx:hr>
          </gpxtpx:TrackPointExtension>
        </extensions>
      </trkpt>
      <trkpt lat="31.199859556164427" lon="121.35049747482213">
        <ele>1.0</ele>
        <time>2026-09-19T11:17:28Z</time>
        <extensions>
          <gpxtpx:TrackPointExtension>
            <gpxtpx:hr>151</gpxtpx:hr>
          </gpxtpx:TrackPointExtension>
        </extensions>
      </trkpt>
      <trkpt lat="31.199769474821956" lon="121.35057433459306">
        <ele>1.0</ele>
        <time>2026-09-19T11:17:32Z</time>
        <extensions>
          <gpxtpx:TrackPointExtension>
            <gpxtpx:hr>150</gpxtpx:hr>
          </gpxtpx:TrackPointExtension>
        </extensions>
      </trkpt>
      <trkpt lat="31.199684472528926" lon="121.35060129008049">
        <ele>0.800000011920929</ele>
        <time>2026-09-19T11:17:36Z</time>
        <extensions>
          <gpxtpx:TrackPointExtension>
            <gpxtpx:hr>150</gpxtpx:hr>
          </gpxtpx:TrackPointExtension>
        </extensions>
      </trkpt>
      <trkpt lat="31.19958250300555" lon="121.350613275859">
        <ele>0.800000011920929</ele>
        <time>2026-09-19T11:17:40Z</time>
        <extensions>
          <gpxtpx:TrackPointExtension>
            <gpxtpx:hr>148</gpxtpx:hr>
          </gpxtpx:TrackPointExtension>
        </extensions>
      </trkpt>
      <trkpt lat="31.19943255866238" lon="121.35062426771374">
        <ele>0.6000000238418579</ele>
        <time>2026-09-19T11:17:44Z</time>
        <extensions>
          <gpxtpx:TrackPointExtension>
            <gpxtpx:hr>147</gpxtpx:hr>
          </gpxtpx:TrackPointExtension>
        </extensions>
      </trkpt>
      <trkpt lat="31.199347592217606" lon="121.35062926546732">
        <ele>0.800000011920929</ele>
        <time>2026-09-19T11:17:48Z</time>
        <extensions>
          <gpxtpx:TrackPointExtension>
            <gpxtpx:hr>146</gpxtpx:hr>
          </gpxtpx:TrackPointExtension>
        </extensions>
      </trkpt>
      <trkpt lat="31.199183631998654" lon="121.35065423166527">
        <ele>0.800000011920929</ele>
        <time>2026-09-19T11:17:52Z</time>
        <extensions>
          <gpxtpx:TrackPointExtension>
            <gpxtpx:hr>146</gpxtpx:hr>
          </gpxtpx:TrackPointExtension>
        </extensions>
      </trkpt>
      <trkpt lat="31.199109661803046" lon="121.35065823039017">
        <ele>0.6000000238418579</ele>
        <time>2026-09-19T11:17:56Z</time>
        <extensions>
          <gpxtpx:TrackPointExtension>
            <gpxtpx:hr>146</gpxtpx:hr>
          </gpxtpx:TrackPointExtension>
        </extensions>
      </trkpt>
      <trkpt lat="31.19899374964467" lon="121.35063927689427">
        <ele>0.6000000238418579</ele>
        <time>2026-09-19T11:18:00Z</time>
        <extensions>
          <gpxtpx:TrackPointExtension>
            <gpxtpx:hr>146</gpxtpx:hr>
          </gpxtpx:TrackPointExtension>
        </extensions>
      </trkpt>
      <trkpt lat="31.198877793569036" lon="121.35064727157304">
        <ele>0.800000011920929</ele>
        <time>2026-09-19T11:18:04Z</time>
        <extensions>
          <gpxtpx:TrackPointExtension>
            <gpxtpx:hr>146</gpxtpx:hr>
          </gpxtpx:TrackPointExtension>
        </extensions>
      </trkpt>
      <trkpt lat="31.19883381354319" lon="121.35064827346005">
        <ele>1.2000000476837158</ele>
        <time>2026-09-19T11:18:08Z</time>
        <extensions>
          <gpxtpx:TrackPointExtension>
            <gpxtpx:hr>146</gpxtpx:hr>
          </gpxtpx:TrackPointExtension>
        </extensions>
      </trkpt>
      <trkpt lat="31.19888365565705" lon="121.35073011182665">
        <ele>1.2000000476837158</ele>
        <time>2026-09-19T11:24:57Z</time>
        <extensions>
          <gpxtpx:TrackPointExtension>
            <gpxtpx:hr>106</gpxtpx:hr>
          </gpxtpx:TrackPointExtension>
        </extensions>
      </trkpt>
      <trkpt lat="31.198948631875957" lon="121.35072511579047">
        <ele>0.800000011920929</ele>
        <time>2026-09-19T11:25:01Z</time>
        <extensions>
          <gpxtpx:TrackPointExtension>
            <gpxtpx:hr>108</gpxtpx:hr>
          </gpxtpx:TrackPointExtension>
        </extensions>
      </trkpt>
      <trkpt lat="31.19904361288189" lon="121.35070814017269">
        <ele>0.6000000238418579</ele>
        <time>2026-09-19T11:25:05Z</time>
        <extensions>
          <gpxtpx:TrackPointExtension>
            <gpxtpx:hr>108</gpxtpx:hr>
          </gpxtpx:TrackPointExtension>
        </extensions>
      </trkpt>
      <trkpt lat="31.199132569205663" lon="121.35070813247313">
        <ele>0.4000000059604645</ele>
        <time>2026-09-19T11:25:09Z</time>
        <extensions>
          <gpxtpx:TrackPointExtension>
            <gpxtpx:hr>111</gpxtpx:hr>
          </gpxtpx:TrackPointExtension>
        </extensions>
      </trkpt>
      <trkpt lat="31.199242560760425" lon="121.35068017666835">
        <ele>0.20000000298023224</ele>
        <time>2026-09-19T11:25:13Z</time>
        <extensions>
          <gpxtpx:TrackPointExtension>
            <gpxtpx:hr>118</gpxtpx:hr>
          </gpxtpx:TrackPointExtension>
        </extensions>
      </trkpt>
      <trkpt lat="31.19934752063457" lon="121.3506731810156">
        <ele>0.4000000059604645</ele>
        <time>2026-09-19T11:25:17Z</time>
        <extensions>
          <gpxtpx:TrackPointExtension>
            <gpxtpx:hr>124</gpxtpx:hr>
          </gpxtpx:TrackPointExtension>
        </extensions>
      </trkpt>
      <trkpt lat="31.199473483232858" lon="121.35065819889996">
        <ele>0.4000000059604645</ele>
        <time>2026-09-19T11:25:21Z</time>
        <extensions>
          <gpxtpx:TrackPointExtension>
            <gpxtpx:hr>128</gpxtpx:hr>
          </gpxtpx:TrackPointExtension>
        </extensions>
      </trkpt>
      <trkpt lat="31.19955544464725" lon="121.35065719372516">
        <ele>0.6000000238418579</ele>
        <time>2026-09-19T11:25:25Z</time>
        <extensions>
          <gpxtpx:TrackPointExtension>
            <gpxtpx:hr>132</gpxtpx:hr>
          </gpxtpx:TrackPointExtension>
        </extensions>
      </trkpt>
      <trkpt lat="31.199696396664166" lon="121.35064420647879">
        <ele>0.6000000238418579</ele>
        <time>2026-09-19T11:25:29Z</time>
        <extensions>
          <gpxtpx:TrackPointExtension>
            <gpxtpx:hr>134</gpxtpx:hr>
          </gpxtpx:TrackPointExtension>
        </extensions>
      </trkpt>
      <trkpt lat="31.199804425100243" lon="121.35059429314408">
        <ele>0.6000000238418579</ele>
        <time>2026-09-19T11:25:33Z</time>
        <extensions>
          <gpxtpx:TrackPointExtension>
            <gpxtpx:hr>137</gpxtpx:hr>
          </gpxtpx:TrackPointExtension>
        </extensions>
      </trkpt>
      <trkpt lat="31.199863557464226" lon="121.35049547832261">
        <ele>0.800000011920929</ele>
        <time>2026-09-19T11:25:37Z</time>
        <extensions>
          <gpxtpx:TrackPointExtension>
            <gpxtpx:hr>140</gpxtpx:hr>
          </gpxtpx:TrackPointExtension>
        </extensions>
      </trkpt>
      <trkpt lat="31.199926694603526" lon="121.35039267110443">
        <ele>1.0</ele>
        <time>2026-09-19T11:25:41Z</time>
        <extensions>
          <gpxtpx:TrackPointExtension>
            <gpxtpx:hr>143</gpxtpx:hr>
          </gpxtpx:TrackPointExtension>
        </extensions>
      </trkpt>
      <trkpt lat="31.200034690659844" lon="121.35036271954897">
        <ele>1.0</ele>
        <time>2026-09-19T11:25:45Z</time>
        <extensions>
          <gpxtpx:TrackPointExtension>
            <gpxtpx:hr>146</gpxtpx:hr>
          </gpxtpx:TrackPointExtension>
        </extensions>
      </trkpt>
      <trkpt lat="31.200150668124536" lon="121.35034174997868">
        <ele>1.2000000476837158</ele>
        <time>2026-09-19T11:25:49Z</time>
        <extensions>
          <gpxtpx:TrackPointExtension>
            <gpxtpx:hr>148</gpxtpx:hr>
          </gpxtpx:TrackPointExtension>
        </extensions>
      </trkpt>
      <trkpt lat="31.20026069757037" lon="121.35029083877994">
        <ele>1.2000000476837158</ele>
        <time>2026-09-19T11:25:53Z</time>
        <extensions>
          <gpxtpx:TrackPointExtension>
            <gpxtpx:hr>151</gpxtpx:hr>
          </gpxtpx:TrackPointExtension>
        </extensions>
      </trkpt>
      <trkpt lat="31.200363732143156" lon="121.35023893018143">
        <ele>1.0</ele>
        <time>2026-09-19T11:25:57Z</time>
        <extensions>
          <gpxtpx:TrackPointExtension>
            <gpxtpx:hr>153</gpxtpx:hr>
          </gpxtpx:TrackPointExtension>
        </extensions>
      </trkpt>
      <trkpt lat="31.200441749566764" lon="121.35020498905878">
        <ele>1.0</ele>
        <time>2026-09-19T11:26:01Z</time>
        <extensions>
          <gpxtpx:TrackPointExtension>
            <gpxtpx:hr>156</gpxtpx:hr>
          </gpxtpx:TrackPointExtension>
        </extensions>
      </trkpt>
      <trkpt lat="31.20057866122643" lon="121.3502179521122">
        <ele>0.800000011920929</ele>
        <time>2026-09-19T11:26:05Z</time>
        <extensions>
          <gpxtpx:TrackPointExtension>
            <gpxtpx:hr>157</gpxtpx:hr>
          </gpxtpx:TrackPointExtension>
        </extensions>
      </trkpt>
      <trkpt lat="31.200687548994864" lon="121.3502538732102">
        <ele>1.0</ele>
        <time>2026-09-19T11:26:09Z</time>
        <extensions>
          <gpxtpx:TrackPointExtension>
            <gpxtpx:hr>159</gpxtpx:hr>
          </gpxtpx:TrackPointExtension>
        </extensions>
      </trkpt>
      <trkpt lat="31.200785460162315" lon="121.35027881650639">
        <ele>1.0</ele>
        <time>2026-09-19T11:26:13Z</time>
        <extensions>
          <gpxtpx:TrackPointExtension>
            <gpxtpx:hr>160</gpxtpx:hr>
          </gpxtpx:TrackPointExtension>
        </extensions>
      </trkpt>
      <trkpt lat="31.20089737757448" lon="121.35029577403256">
        <ele>0.800000011920929</ele>
        <time>2026-09-19T11:26:17Z</time>
        <extensions>
          <gpxtpx:TrackPointExtension>
            <gpxtpx:hr>161</gpxtpx:hr>
          </gpxtpx:TrackPointExtension>
        </extensions>
      </trkpt>
      <trkpt lat="31.201024346500507" lon="121.35027679968834">
        <ele>1.0</ele>
        <time>2026-09-19T11:26:21Z</time>
        <extensions>
          <gpxtpx:TrackPointExtension>
            <gpxtpx:hr>162</gpxtpx:hr>
          </gpxtpx:TrackPointExtension>
        </extensions>
      </trkpt>
      <trkpt lat="31.201101346441153" lon="121.35025383739585">
        <ele>1.0</ele>
        <time>2026-09-19T11:26:25Z</time>
        <extensions>
          <gpxtpx:TrackPointExtension>
            <gpxtpx:hr>164</gpxtpx:hr>
          </gpxtpx:TrackPointExtension>
        </extensions>
      </trkpt>
      <trkpt lat="31.201203370160908" lon="121.35020891541845">
        <ele>1.2000000476837158</ele>
        <time>2026-09-19T11:26:29Z</time>
        <extensions>
          <gpxtpx:TrackPointExtension>
            <gpxtpx:hr>165</gpxtpx:hr>
          </gpxtpx:TrackPointExtension>
        </extensions>
      </trkpt>
      <trkpt lat="31.201302403582964" lon="121.35015900340935">
        <ele>1.2000000476837158</ele>
        <time>2026-09-19T11:26:33Z</time>
        <extensions>
          <gpxtpx:TrackPointExtension>
            <gpxtpx:hr>166</gpxtpx:hr>
          </gpxtpx:TrackPointExtension>
        </extensions>
      </trkpt>
      <trkpt lat="31.201424470058353" lon="121.35008214167182">
        <ele>1.2000000476837158</ele>
        <time>2026-09-19T11:26:37Z</time>
        <extensions>
          <gpxtpx:TrackPointExtension>
            <gpxtpx:hr>167</gpxtpx:hr>
          </gpxtpx:TrackPointExtension>
        </extensions>
      </trkpt>
      <trkpt lat="31.201530501847316" lon="121.35003123114971">
        <ele>1.2000000476837158</ele>
        <time>2026-09-19T11:26:41Z</time>
        <extensions>
          <gpxtpx:TrackPointExtension>
            <gpxtpx:hr>168</gpxtpx:hr>
          </gpxtpx:TrackPointExtension>
        </extensions>
      </trkpt>
      <trkpt lat="31.2016144394817" lon="121.35004419873167">
        <ele>1.0</ele>
        <time>2026-09-19T11:26:45Z</time>
        <extensions>
          <gpxtpx:TrackPointExtension>
            <gpxtpx:hr>167</gpxtpx:hr>
          </gpxtpx:TrackPointExtension>
        </extensions>
      </trkpt>
      <trkpt lat="31.201718341129062" lon="121.35007313364262">
        <ele>0.800000011920929</ele>
        <time>2026-09-19T11:26:49Z</time>
        <extensions>
          <gpxtpx:TrackPointExtension>
            <gpxtpx:hr>168</gpxtpx:hr>
          </gpxtpx:TrackPointExtension>
        </extensions>
      </trkpt>
      <trkpt lat="31.201852183922167" lon="121.35012901379302">
        <ele>0.800000011920929</ele>
        <time>2026-09-19T11:26:53Z</time>
        <extensions>
          <gpxtpx:TrackPointExtension>
            <gpxtpx:hr>169</gpxtpx:hr>
          </gpxtpx:TrackPointExtension>
        </extensions>
      </trkpt>
      <trkpt lat="31.201958051925338" lon="121.35017790996125">
        <ele>0.800000011920929</ele>
        <time>2026-09-19T11:26:57Z</time>
        <extensions>
          <gpxtpx:TrackPointExtension>
            <gpxtpx:hr>168</gpxtpx:hr>
          </gpxtpx:TrackPointExtension>
        </extensions>
      </trkpt>
      <trkpt lat="31.202065909196705" lon="121.3502327944359">
        <ele>0.6000000238418579</ele>
        <time>2026-09-19T11:27:01Z</time>
        <extensions>
          <gpxtpx:TrackPointExtension>
            <gpxtpx:hr>169</gpxtpx:hr>
          </gpxtpx:TrackPointExtension>
        </extensions>
      </trkpt>
      <trkpt lat="31.202170774542598" lon="121.35028368695932">
        <ele>0.6000000238418579</ele>
        <time>2026-09-19T11:27:05Z</time>
        <extensions>
          <gpxtpx:TrackPointExtension>
            <gpxtpx:hr>170</gpxtpx:hr>
          </gpxtpx:TrackPointExtension>
        </extensions>
      </trkpt>
      <trkpt lat="31.20228669013223" lon="121.35030064414053">
        <ele>0.800000011920929</ele>
        <time>2026-09-19T11:27:09Z</time>
        <extensions>
          <gpxtpx:TrackPointExtension>
            <gpxtpx:hr>170</gpxtpx:hr>
          </gpxtpx:TrackPointExtension>
        </extensions>
      </trkpt>
      <trkpt lat="31.202388746614687" lon="121.3502357607029">
        <ele>1.0</ele>
        <time>2026-09-19T11:27:13Z</time>
        <extensions>
          <gpxtpx:TrackPointExtension>
            <gpxtpx:hr>170</gpxtpx:hr>
          </gpxtpx:TrackPointExtension>
        </extensions>
      </trkpt>
      <trkpt lat="31.20247482900666" lon="121.35015990000223">
        <ele>1.0</ele>
        <time>2026-09-19T11:27:17Z</time>
        <extensions>
          <gpxtpx:TrackPointExtension>
            <gpxtpx:hr>171</gpxtpx:hr>
          </gpxtpx:TrackPointExtension>
        </extensions>
      </trkpt>
      <trkpt lat="31.202567893361312" lon="121.35009302143796">
        <ele>1.2000000476837158</ele>
        <time>2026-09-19T11:27:21Z</time>
        <extensions>
          <gpxtpx:TrackPointExtension>
            <gpxtpx:hr>170</gpxtpx:hr>
          </gpxtpx:TrackPointExtension>
        </extensions>
      </trkpt>
      <trkpt lat="31.202651891711522" lon="121.35006906057953">
        <ele>1.0</ele>
        <time>2026-09-19T11:27:25Z</time>
        <extensions>
          <gpxtpx:TrackPointExtension>
            <gpxtpx:hr>169</gpxtpx:hr>
          </gpxtpx:TrackPointExtension>
        </extensions>
      </trkpt>
      <trkpt lat="31.202757887546824" lon="121.35004010750536">
        <ele>1.0</ele>
        <time>2026-09-19T11:27:29Z</time>
        <extensions>
          <gpxtpx:TrackPointExtension>
            <gpxtpx:hr>169</gpxtpx:hr>
          </gpxtpx:TrackPointExtension>
        </extensions>
      </trkpt>
      <trkpt lat="31.202897870109975" lon="121.35000915538166">
        <ele>0.800000011920929</ele>
        <time>2026-09-19T11:27:33Z</time>
        <extensions>
          <gpxtpx:TrackPointExtension>
            <gpxtpx:hr>170</gpxtpx:hr>
          </gpxtpx:TrackPointExtension>
        </extensions>
      </trkpt>
      <trkpt lat="31.203014872125785" lon="121.34997321495295">
        <ele>1.0</ele>
        <time>2026-09-19T11:27:37Z</time>
        <extensions>
          <gpxtpx:TrackPointExtension>
            <gpxtpx:hr>170</gpxtpx:hr>
          </gpxtpx:TrackPointExtension>
        </extensions>
      </trkpt>
      <trkpt lat="31.203104877490226" lon="121.349943265269">
        <ele>1.0</ele>
        <time>2026-09-19T11:27:41Z</time>
        <extensions>
          <gpxtpx:TrackPointExtension>
            <gpxtpx:hr>170</gpxtpx:hr>
          </gpxtpx:TrackPointExtension>
        </extensions>
      </trkpt>
      <trkpt lat="31.20323885322641" lon="121.34991830211206">
        <ele>1.2000000476837158</ele>
        <time>2026-09-19T11:27:45Z</time>
        <extensions>
          <gpxtpx:TrackPointExtension>
            <gpxtpx:hr>170</gpxtpx:hr>
          </gpxtpx:TrackPointExtension>
        </extensions>
      </trkpt>
      <trkpt lat="31.203199862380675" lon="121.34992429386004">
        <ele>1.2000000476837158</ele>
        <time>2026-09-19T11:27:49Z</time>
        <extensions>
          <gpxtpx:TrackPointExtension>
            <gpxtpx:hr>171</gpxtpx:hr>
          </gpxtpx:TrackPointExtension>
        </extensions>
      </trkpt>
      <trkpt lat="31.20306886385296" lon="121.34996223158291">
        <ele>1.0</ele>
        <time>2026-09-19T11:27:53Z</time>
        <extensions>
          <gpxtpx:TrackPointExtension>
            <gpxtpx:hr>170</gpxtpx:hr>
          </gpxtpx:TrackPointExtension>
        </extensions>
      </trkpt>
      <trkpt lat="31.202981870165107" lon="121.3499841965093">
        <ele>1.2000000476837158</ele>
        <time>2026-09-19T11:27:57Z</time>
        <extensions>
          <gpxtpx:TrackPointExtension>
            <gpxtpx:hr>171</gpxtpx:hr>
          </gpxtpx:TrackPointExtension>
        </extensions>
      </trkpt>
      <trkpt lat="31.202847873170573" lon="121.35002213454813">
        <ele>1.2000000476837158</ele>
        <time>2026-09-19T11:28:01Z</time>
        <extensions>
          <gpxtpx:TrackPointExtension>
            <gpxtpx:hr>172</gpxtpx:hr>
          </gpxtpx:TrackPointExtension>
        </extensions>
      </trkpt>
      <trkpt lat="31.202746891272252" lon="121.3500411065223">
        <ele>1.2000000476837158</ele>
        <time>2026-09-19T11:28:05Z</time>
        <extensions>
          <gpxtpx:TrackPointExtension>
            <gpxtpx:hr>172</gpxtpx:hr>
          </gpxtpx:TrackPointExtension>
        </extensions>
      </trkpt>
      <trkpt lat="31.202646910541112" lon="121.35005908035312">
        <ele>1.399999976158142</ele>
        <time>2026-09-19T11:28:09Z</time>
        <extensions>
          <gpxtpx:TrackPointExtension>
            <gpxtpx:hr>172</gpxtpx:hr>
          </gpxtpx:TrackPointExtension>
        </extensions>
      </trkpt>
      <trkpt lat="31.202570895174645" lon="121.35009102504523">
        <ele>1.399999976158142</ele>
        <time>2026-09-19T11:28:13Z</time>
        <extensions>
          <gpxtpx:TrackPointExtension>
            <gpxtpx:hr>172</gpxtpx:hr>
          </gpxtpx:TrackPointExtension>
        </extensions>
      </trkpt>
      <trkpt lat="31.202475823607546" lon="121.35016289412064">
        <ele>1.399999976158142</ele>
        <time>2026-09-19T11:28:17Z</time>
        <extensions>
          <gpxtpx:TrackPointExtension>
            <gpxtpx:hr>172</gpxtpx:hr>
          </gpxtpx:TrackPointExtension>
        </extensions>
      </trkpt>
      <trkpt lat="31.202347706124232" lon="121.35027269286304">
        <ele>1.399999976158142</ele>
        <time>2026-09-19T11:28:21Z</time>
        <extensions>
          <gpxtpx:TrackPointExtension>
            <gpxtpx:hr>171</gpxtpx:hr>
          </gpxtpx:TrackPointExtension>
        </extensions>
      </trkpt>
      <trkpt lat="31.20226570201691" lon="121.35029964788555">
        <ele>1.2000000476837158</ele>
        <time>2026-09-19T11:28:25Z</time>
        <extensions>
          <gpxtpx:TrackPointExtension>
            <gpxtpx:hr>171</gpxtpx:hr>
          </gpxtpx:TrackPointExtension>
        </extensions>
      </trkpt>
      <trkpt lat="31.202127851122214" lon="121.35024975626739">
        <ele>1.2000000476837158</ele>
        <time>2026-09-19T11:28:29Z</time>
        <extensions>
          <gpxtpx:TrackPointExtension>
            <gpxtpx:hr>172</gpxtpx:hr>
          </gpxtpx:TrackPointExtension>
        </extensions>
      </trkpt>
      <trkpt lat="31.202021981395355" lon="121.3502018580813">
        <ele>1.0</ele>
        <time>2026-09-19T11:28:33Z</time>
        <extensions>
          <gpxtpx:TrackPointExtension>
            <gpxtpx:hr>172</gpxtpx:hr>
          </gpxtpx:TrackPointExtension>
        </extensions>
      </trkpt>
      <trkpt lat="31.201908130368256" lon="121.35014497803202">
        <ele>1.0</ele>
        <time>2026-09-19T11:28:37Z</time>
        <extensions>
          <gpxtpx:TrackPointExtension>
            <gpxtpx:hr>172</gpxtpx:hr>
          </gpxtpx:TrackPointExtension>
        </extensions>
      </trkpt>
      <trkpt lat="31.20181926229034" lon="121.35009109009987">
        <ele>1.0</ele>
        <time>2026-09-19T11:28:41Z</time>
        <extensions>
          <gpxtpx:TrackPointExtension>
            <gpxtpx:hr>173</gpxtpx:hr>
          </gpxtpx:TrackPointExtension>
        </extensions>
      </trkpt>
      <trkpt lat="31.201716361774128" lon="121.35006115702377">
        <ele>1.0</ele>
        <time>2026-09-19T11:28:45Z</time>
        <extensions>
          <gpxtpx:TrackPointExtension>
            <gpxtpx:hr>173</gpxtpx:hr>
          </gpxtpx:TrackPointExtension>
        </extensions>
      </trkpt>
      <trkpt lat="31.201605471753556" lon="121.35002723240159">
        <ele>1.399999976158142</ele>
        <time>2026-09-19T11:28:49Z</time>
        <extensions>
          <gpxtpx:TrackPointExtension>
            <gpxtpx:hr>172</gpxtpx:hr>
          </gpxtpx:TrackPointExtension>
        </extensions>
      </trkpt>
      <trkpt lat="31.201533526619393" lon="121.35001526185168">
        <ele>1.399999976158142</ele>
        <time>2026-09-19T11:28:53Z</time>
        <extensions>
          <gpxtpx:TrackPointExtension>
            <gpxtpx:hr>173</gpxtpx:hr>
          </gpxtpx:TrackPointExtension>
        </extensions>
      </trkpt>
      <trkpt lat="31.201435494181" lon="121.35006417552967">
        <ele>1.600000023841858</ele>
        <time>2026-09-19T11:28:57Z</time>
        <extensions>
          <gpxtpx:TrackPointExtension>
            <gpxtpx:hr>172</gpxtpx:hr>
          </gpxtpx:TrackPointExtension>
        </extensions>
      </trkpt>
      <trkpt lat="31.20134442398294" lon="121.3501340480769">
        <ele>1.7999999523162842</ele>
        <time>2026-09-19T11:29:01Z</time>
        <extensions>
          <gpxtpx:TrackPointExtension>
            <gpxtpx:hr>167</gpxtpx:hr>
          </gpxtpx:TrackPointExtension>
        </extensions>
      </trkpt>
      <trkpt lat="31.201228369389074" lon="121.35020192676973">
        <ele>1.7999999523162842</ele>
        <time>2026-09-19T11:29:05Z</time>
        <extensions>
          <gpxtpx:TrackPointExtension>
            <gpxtpx:hr>165</gpxtpx:hr>
          </gpxtpx:TrackPointExtension>
        </extensions>
      </trkpt>
      <trkpt lat="31.20112934092297" lon="121.35024884462074">
        <ele>2.0</ele>
        <time>2026-09-19T11:29:09Z</time>
        <extensions>
          <gpxtpx:TrackPointExtension>
            <gpxtpx:hr>165</gpxtpx:hr>
          </gpxtpx:TrackPointExtension>
        </extensions>
      </trkpt>
      <trkpt lat="31.20104633737402" lon="121.35027579971394">
        <ele>2.0</ele>
        <time>2026-09-19T11:29:13Z</time>
        <extensions>
          <gpxtpx:TrackPointExtension>
            <gpxtpx:hr>165</gpxtpx:hr>
          </gpxtpx:TrackPointExtension>
        </extensions>
      </trkpt>
      <trkpt lat="31.200919383154876" lon="121.35028579141371">
        <ele>1.7999999523162842</ele>
        <time>2026-09-19T11:29:17Z</time>
        <extensions>
          <gpxtpx:TrackPointExtension>
            <gpxtpx:hr>165</gpxtpx:hr>
          </gpxtpx:TrackPointExtension>
        </extensions>
      </trkpt>
      <trkpt lat="31.200772489410834" lon="121.35026484463567">
        <ele>1.7999999523162842</ele>
        <time>2026-09-19T11:29:21Z</time>
        <extensions>
          <gpxtpx:TrackPointExtension>
            <gpxtpx:hr>166</gpxtpx:hr>
          </gpxtpx:TrackPointExtension>
        </extensions>
      </trkpt>
      <trkpt lat="31.200663588541957" lon="121.35023690808896">
        <ele>1.600000023841858</ele>
        <time>2026-09-19T11:29:25Z</time>
        <extensions>
          <gpxtpx:TrackPointExtension>
            <gpxtpx:hr>166</gpxtpx:hr>
          </gpxtpx:TrackPointExtension>
        </extensions>
      </trkpt>
      <trkpt lat="31.200557704228476" lon="121.35019799253868">
        <ele>1.600000023841858</ele>
        <time>2026-09-19T11:29:29Z</time>
        <extensions>
          <gpxtpx:TrackPointExtension>
            <gpxtpx:hr>166</gpxtpx:hr>
          </gpxtpx:TrackPointExtension>
        </extensions>
      </trkpt>
      <trkpt lat="31.20043975381839" lon="121.35020299309296">
        <ele>1.7999999523162842</ele>
        <time>2026-09-19T11:29:33Z</time>
        <extensions>
          <gpxtpx:TrackPointExtension>
            <gpxtpx:hr>166</gpxtpx:hr>
          </gpxtpx:TrackPointExtension>
        </extensions>
      </trkpt>
      <trkpt lat="31.20033273097061" lon="121.35024891356719">
        <ele>1.7999999523162842</ele>
        <time>2026-09-19T11:29:37Z</time>
        <extensions>
          <gpxtpx:TrackPointExtension>
            <gpxtpx:hr>166</gpxtpx:hr>
          </gpxtpx:TrackPointExtension>
        </extensions>
      </trkpt>
      <trkpt lat="31.20024771701335" lon="121.35028285533271">
        <ele>2.0</ele>
        <time>2026-09-19T11:29:41Z</time>
        <extensions>
          <gpxtpx:TrackPointExtension>
            <gpxtpx:hr>166</gpxtpx:hr>
          </gpxtpx:TrackPointExtension>
        </extensions>
      </trkpt>
      <trkpt lat="31.20011367971721" lon="121.35034574547107">
        <ele>2.0</ele>
        <time>2026-09-19T11:29:45Z</time>
        <extensions>
          <gpxtpx:TrackPointExtension>
            <gpxtpx:hr>167</gpxtpx:hr>
          </gpxtpx:TrackPointExtension>
        </extensions>
      </trkpt>
      <trkpt lat="31.20000971270705" lon="121.35035673327184">
        <ele>2.0</ele>
        <time>2026-09-19T11:29:49Z</time>
        <extensions>
          <gpxtpx:TrackPointExtension>
            <gpxtpx:hr>167</gpxtpx:hr>
          </gpxtpx:TrackPointExtension>
        </extensions>
      </trkpt>
      <trkpt lat="31.199936676645454" lon="121.3504006548332">
        <ele>2.0</ele>
        <time>2026-09-19T11:29:53Z</time>
        <extensions>
          <gpxtpx:TrackPointExtension>
            <gpxtpx:hr>167</gpxtpx:hr>
          </gpxtpx:TrackPointExtension>
        </extensions>
      </trkpt>
      <trkpt lat="31.199843497189793" lon="121.35053839737454">
        <ele>2.0</ele>
        <time>2026-09-19T11:29:57Z</time>
        <extensions>
          <gpxtpx:TrackPointExtension>
            <gpxtpx:hr>168</gpxtpx:hr>
          </gpxtpx:TrackPointExtension>
        </extensions>
      </trkpt>
      <trkpt lat="31.19974545402092" lon="121.35059429824827">
        <ele>1.7999999523162842</ele>
        <time>2026-09-19T11:30:01Z</time>
        <extensions>
          <gpxtpx:TrackPointExtension>
            <gpxtpx:hr>168</gpxtpx:hr>
          </gpxtpx:TrackPointExtension>
        </extensions>
      </trkpt>
      <trkpt lat="31.199670466369795" lon="121.35060927592748">
        <ele>1.600000023841858</ele>
        <time>2026-09-19T11:30:05Z</time>
        <extensions>
          <gpxtpx:TrackPointExtension>
            <gpxtpx:hr>167</gpxtpx:hr>
          </gpxtpx:TrackPointExtension>
        </extensions>
      </trkpt>
      <trkpt lat="31.199545499990563" lon="121.35062625409792">
        <ele>1.600000023841858</ele>
        <time>2026-09-19T11:30:09Z</time>
        <extensions>
          <gpxtpx:TrackPointExtension>
            <gpxtpx:hr>168</gpxtpx:hr>
          </gpxtpx:TrackPointExtension>
        </extensions>
      </trkpt>
      <trkpt lat="31.199423511008824" lon="121.35065620706399">
        <ele>1.600000023841858</ele>
        <time>2026-09-19T11:30:13Z</time>
        <extensions>
          <gpxtpx:TrackPointExtension>
            <gpxtpx:hr>169</gpxtpx:hr>
          </gpxtpx:TrackPointExtension>
        </extensions>
      </trkpt>
      <trkpt lat="31.19928952957116" lon="121.35068516300949">
        <ele>1.600000023841858</ele>
        <time>2026-09-19T11:30:17Z</time>
        <extensions>
          <gpxtpx:TrackPointExtension>
            <gpxtpx:hr>169</gpxtpx:hr>
          </gpxtpx:TrackPointExtension>
        </extensions>
      </trkpt>
      <trkpt lat="31.19916257074279" lon="121.35069814905818">
        <ele>1.600000023841858</ele>
        <time>2026-09-19T11:30:21Z</time>
        <extensions>
          <gpxtpx:TrackPointExtension>
            <gpxtpx:hr>169</gpxtpx:hr>
          </gpxtpx:TrackPointExtension>
        </extensions>
      </trkpt>
      <trkpt lat="31.199078592453727" lon="121.35071013330901">
        <ele>1.399999976158142</ele>
        <time>2026-09-19T11:30:25Z</time>
        <extensions>
          <gpxtpx:TrackPointExtension>
            <gpxtpx:hr>169</gpxtpx:hr>
          </gpxtpx:TrackPointExtension>
        </extensions>
      </trkpt>
      <trkpt lat="31.198943632704935" lon="121.35072611430554">
        <ele>1.7999999523162842</ele>
        <time>2026-09-19T11:30:29Z</time>
        <extensions>
          <gpxtpx:TrackPointExtension>
            <gpxtpx:hr>169</gpxtpx:hr>
          </gpxtpx:TrackPointExtension>
        </extensions>
      </trkpt>
      <trkpt lat="31.198830662175215" lon="121.35074209340534">
        <ele>2.0</ele>
        <time>2026-09-19T11:30:33Z</time>
        <extensions>
          <gpxtpx:TrackPointExtension>
            <gpxtpx:hr>169</gpxtpx:hr>
          </gpxtpx:TrackPointExtension>
        </extensions>
      </trkpt>
      <trkpt lat="31.198725684483716" lon="121.35076006798634">
        <ele>2.5999999046325684</ele>
        <time>2026-09-19T11:30:37Z</time>
        <extensions>
          <gpxtpx:TrackPointExtension>
            <gpxtpx:hr>169</gpxtpx:hr>
          </gpxtpx:TrackPointExtension>
        </extensions>
      </trkpt>
      <trkpt lat="31.198621716062636" lon="121.3507720539863">
        <ele>2.799999952316284</ele>
        <time>2026-09-19T11:30:41Z</time>
        <extensions>
          <gpxtpx:TrackPointExtension>
            <gpxtpx:hr>170</gpxtpx:hr>
          </gpxtpx:TrackPointExtension>
        </extensions>
      </trkpt>
      <trkpt lat="31.198520728315955" lon="121.35079501865614">
        <ele>3.200000047683716</ele>
        <time>2026-09-19T11:30:45Z</time>
        <extensions>
          <gpxtpx:TrackPointExtension>
            <gpxtpx:hr>170</gpxtpx:hr>
          </gpxtpx:TrackPointExtension>
        </extensions>
      </trkpt>
      <trkpt lat="31.198414741421818" lon="121.3508189818569">
        <ele>3.5999999046325684</ele>
        <time>2026-09-19T11:30:49Z</time>
        <extensions>
          <gpxtpx:TrackPointExtension>
            <gpxtpx:hr>169</gpxtpx:hr>
          </gpxtpx:TrackPointExtension>
        </extensions>
      </trkpt>
      <trkpt lat="31.19830777938562" lon="121.35082797387892">
        <ele>3.5999999046325684</ele>
        <time>2026-09-19T11:30:53Z</time>
        <extensions>
          <gpxtpx:TrackPointExtension>
            <gpxtpx:hr>169</gpxtpx:hr>
          </gpxtpx:TrackPointExtension>
        </extensions>
      </trkpt>
      <trkpt lat="31.198386769789533" lon="121.35081000151608">
        <ele>3.5999999046325684</ele>
        <time>2026-09-19T11:30:57Z</time>
        <extensions>
          <gpxtpx:TrackPointExtension>
            <gpxtpx:hr>169</gpxtpx:hr>
          </gpxtpx:TrackPointExtension>
        </extensions>
      </trkpt>
      <trkpt lat="31.198497737990106" lon="121.35079601873024">
        <ele>3.5999999046325684</ele>
        <time>2026-09-19T11:31:01Z</time>
        <extensions>
          <gpxtpx:TrackPointExtension>
            <gpxtpx:hr>169</gpxtpx:hr>
          </gpxtpx:TrackPointExtension>
        </extensions>
      </trkpt>
      <trkpt lat="31.198618715911675" lon="121.35077305232956">
        <ele>3.4000000953674316</ele>
        <time>2026-09-19T11:31:05Z</time>
        <extensions>
          <gpxtpx:TrackPointExtension>
            <gpxtpx:hr>169</gpxtpx:hr>
          </gpxtpx:TrackPointExtension>
        </extensions>
      </trkpt>
      <trkpt lat="31.19873471256066" lon="121.35074010554463">
        <ele>3.200000047683716</ele>
        <time>2026-09-19T11:31:09Z</time>
        <extensions>
          <gpxtpx:TrackPointExtension>
            <gpxtpx:hr>170</gpxtpx:hr>
          </gpxtpx:TrackPointExtension>
        </extensions>
      </trkpt>
      <trkpt lat="31.198856680289108" lon="121.35072312758456">
        <ele>2.799999952316284</ele>
        <time>2026-09-19T11:31:13Z</time>
        <extensions>
          <gpxtpx:TrackPointExtension>
            <gpxtpx:hr>171</gpxtpx:hr>
          </gpxtpx:TrackPointExtension>
        </extensions>
      </trkpt>
      <trkpt lat="31.198940665062338" lon="121.35070715100132">
        <ele>2.200000047683716</ele>
        <time>2026-09-19T11:31:17Z</time>
        <extensions>
          <gpxtpx:TrackPointExtension>
            <gpxtpx:hr>171</gpxtpx:hr>
          </gpxtpx:TrackPointExtension>
        </extensions>
      </trkpt>
      <trkpt lat="31.199096616137563" lon="121.3506901701141">
        <ele>1.7999999523162842</ele>
        <time>2026-09-19T11:31:21Z</time>
        <extensions>
          <gpxtpx:TrackPointExtension>
            <gpxtpx:hr>171</gpxtpx:hr>
          </gpxtpx:TrackPointExtension>
        </extensions>
      </trkpt>
      <trkpt lat="31.19918958676431" lon="121.35068018125348">
        <ele>1.600000023841858</ele>
        <time>2026-09-19T11:31:25Z</time>
        <extensions>
          <gpxtpx:TrackPointExtension>
            <gpxtpx:hr>170</gpxtpx:hr>
          </gpxtpx:TrackPointExtension>
        </extensions>
      </trkpt>
      <trkpt lat="31.199348539662672" lon="121.35066120395653">
        <ele>1.7999999523162842</ele>
        <time>2026-09-19T11:31:29Z</time>
        <extensions>
          <gpxtpx:TrackPointExtension>
            <gpxtpx:hr>170</gpxtpx:hr>
          </gpxtpx:TrackPointExtension>
        </extensions>
      </trkpt>
      <trkpt lat="31.199467492682576" lon="121.35065420709599">
        <ele>1.7999999523162842</ele>
        <time>2026-09-19T11:31:33Z</time>
        <extensions>
          <gpxtpx:TrackPointExtension>
            <gpxtpx:hr>170</gpxtpx:hr>
          </gpxtpx:TrackPointExtension>
        </extensions>
      </trkpt>
      <trkpt lat="31.19957946216392" lon="121.35063922619875">
        <ele>1.7999999523162842</ele>
        <time>2026-09-19T11:31:37Z</time>
        <extensions>
          <gpxtpx:TrackPointExtension>
            <gpxtpx:hr>170</gpxtpx:hr>
          </gpxtpx:TrackPointExtension>
        </extensions>
      </trkpt>
      <trkpt lat="31.199676424367873" lon="121.35063322932551">
        <ele>2.200000047683716</ele>
        <time>2026-09-19T11:31:41Z</time>
        <extensions>
          <gpxtpx:TrackPointExtension>
            <gpxtpx:hr>170</gpxtpx:hr>
          </gpxtpx:TrackPointExtension>
        </extensions>
      </trkpt>
      <trkpt lat="31.19978243099975" lon="121.35059728928505">
        <ele>2.200000047683716</ele>
        <time>2026-09-19T11:31:45Z</time>
        <extensions>
          <gpxtpx:TrackPointExtension>
            <gpxtpx:hr>170</gpxtpx:hr>
          </gpxtpx:TrackPointExtension>
        </extensions>
      </trkpt>
      <trkpt lat="31.199838504528255" lon="121.35053540357384">
        <ele>2.0</ele>
        <time>2026-09-19T11:31:49Z</time>
        <extensions>
          <gpxtpx:TrackPointExtension>
            <gpxtpx:hr>169</gpxtpx:hr>
          </gpxtpx:TrackPointExtension>
        </extensions>
      </trkpt>
      <trkpt lat="31.19991165789055" lon="121.35041962041267">
        <ele>2.4000000953674316</ele>
        <time>2026-09-19T11:31:53Z</time>
        <extensions>
          <gpxtpx:TrackPointExtension>
            <gpxtpx:hr>169</gpxtpx:hr>
          </gpxtpx:TrackPointExtension>
        </extensions>
      </trkpt>
      <trkpt lat="31.199998716463963" lon="121.35035773229666">
        <ele>2.5999999046325684</ele>
        <time>2026-09-19T11:31:57Z</time>
        <extensions>
          <gpxtpx:TrackPointExtension>
            <gpxtpx:hr>169</gpxtpx:hr>
          </gpxtpx:TrackPointExtension>
        </extensions>
      </trkpt>
      <trkpt lat="31.200142676943628" lon="121.3503387564523">
        <ele>2.4000000953674316</ele>
        <time>2026-09-19T11:32:01Z</time>
        <extensions>
          <gpxtpx:TrackPointExtension>
            <gpxtpx:hr>170</gpxtpx:hr>
          </gpxtpx:TrackPointExtension>
        </extensions>
      </trkpt>
      <trkpt lat="31.200261693811854" lon="121.35029283483664">
        <ele>2.200000047683716</ele>
        <time>2026-09-19T11:32:05Z</time>
        <extensions>
          <gpxtpx:TrackPointExtension>
            <gpxtpx:hr>171</gpxtpx:hr>
          </gpxtpx:TrackPointExtension>
        </extensions>
      </trkpt>
      <trkpt lat="31.200374716944157" lon="121.350244917652">
        <ele>2.200000047683716</ele>
        <time>2026-09-19T11:32:09Z</time>
        <extensions>
          <gpxtpx:TrackPointExtension>
            <gpxtpx:hr>171</gpxtpx:hr>
          </gpxtpx:TrackPointExtension>
        </extensions>
      </trkpt>
      <trkpt lat="31.200484721968834" lon="121.35020897761697">
        <ele>2.4000000953674316</ele>
        <time>2026-09-19T11:32:13Z</time>
        <extensions>
          <gpxtpx:TrackPointExtension>
            <gpxtpx:hr>171</gpxtpx:hr>
          </gpxtpx:TrackPointExtension>
        </extensions>
      </trkpt>
      <trkpt lat="31.200588643244796" lon="121.35022593580597">
        <ele>2.200000047683716</ele>
        <time>2026-09-19T11:32:17Z</time>
        <extensions>
          <gpxtpx:TrackPointExtension>
            <gpxtpx:hr>171</gpxtpx:hr>
          </gpxtpx:TrackPointExtension>
        </extensions>
      </trkpt>
      <trkpt lat="31.200701543778074" lon="121.35025287392847">
        <ele>2.200000047683716</ele>
        <time>2026-09-19T11:32:21Z</time>
        <extensions>
          <gpxtpx:TrackPointExtension>
            <gpxtpx:hr>172</gpxtpx:hr>
          </gpxtpx:TrackPointExtension>
        </extensions>
      </trkpt>
      <trkpt lat="31.20078946637835" lon="121.35027382580434">
        <ele>2.200000047683716</ele>
        <time>2026-09-19T11:32:25Z</time>
        <extensions>
          <gpxtpx:TrackPointExtension>
            <gpxtpx:hr>172</gpxtpx:hr>
          </gpxtpx:TrackPointExtension>
        </extensions>
      </trkpt>
      <trkpt lat="31.200926369923653" lon="121.35029177923724">
        <ele>2.4000000953674316</ele>
        <time>2026-09-19T11:32:29Z</time>
        <extensions>
          <gpxtpx:TrackPointExtension>
            <gpxtpx:hr>172</gpxtpx:hr>
          </gpxtpx:TrackPointExtension>
        </extensions>
      </trkpt>
      <trkpt lat="31.201017328675558" lon="121.35028977522178">
        <ele>2.200000047683716</ele>
        <time>2026-09-19T11:32:33Z</time>
        <extensions>
          <gpxtpx:TrackPointExtension>
            <gpxtpx:hr>172</gpxtpx:hr>
          </gpxtpx:TrackPointExtension>
        </extensions>
      </trkpt>
      <trkpt lat="31.201117340250985" lon="121.35025283794108">
        <ele>2.4000000953674316</ele>
        <time>2026-09-19T11:32:37Z</time>
        <extensions>
          <gpxtpx:TrackPointExtension>
            <gpxtpx:hr>171</gpxtpx:hr>
          </gpxtpx:TrackPointExtension>
        </extensions>
      </trkpt>
      <trkpt lat="31.20123037331986" lon="121.3501989323888">
        <ele>2.4000000953674316</ele>
        <time>2026-09-19T11:32:41Z</time>
        <extensions>
          <gpxtpx:TrackPointExtension>
            <gpxtpx:hr>171</gpxtpx:hr>
          </gpxtpx:TrackPointExtension>
        </extensions>
      </trkpt>
      <trkpt lat="31.20136045219339" lon="121.35011208921037">
        <ele>2.5999999046325684</ele>
        <time>2026-09-19T11:32:45Z</time>
        <extensions>
          <gpxtpx:TrackPointExtension>
            <gpxtpx:hr>171</gpxtpx:hr>
          </gpxtpx:TrackPointExtension>
        </extensions>
      </trkpt>
      <trkpt lat="31.201455508992993" lon="121.35004920281351">
        <ele>2.5999999046325684</ele>
        <time>2026-09-19T11:32:49Z</time>
        <extensions>
          <gpxtpx:TrackPointExtension>
            <gpxtpx:hr>172</gpxtpx:hr>
          </gpxtpx:TrackPointExtension>
        </extensions>
      </trkpt>
      <trkpt lat="31.201550513390977" lon="121.35001825457533">
        <ele>2.4000000953674316</ele>
        <time>2026-09-19T11:32:53Z</time>
        <extensions>
          <gpxtpx:TrackPointExtension>
            <gpxtpx:hr>171</gpxtpx:hr>
          </gpxtpx:TrackPointExtension>
        </extensions>
      </trkpt>
      <trkpt lat="31.20166440193437" lon="121.35005217893054">
        <ele>2.200000047683716</ele>
        <time>2026-09-19T11:32:57Z</time>
        <extensions>
          <gpxtpx:TrackPointExtension>
            <gpxtpx:hr>171</gpxtpx:hr>
          </gpxtpx:TrackPointExtension>
        </extensions>
      </trkpt>
      <trkpt lat="31.20178727956117" lon="121.35009009480153">
        <ele>2.0</ele>
        <time>2026-09-19T11:33:01Z</time>
        <extensions>
          <gpxtpx:TrackPointExtension>
            <gpxtpx:hr>171</gpxtpx:hr>
          </gpxtpx:TrackPointExtension>
        </extensions>
      </trkpt>
      <trkpt lat="31.201902152949003" lon="121.35013300173787">
        <ele>2.0</ele>
        <time>2026-09-19T11:33:05Z</time>
        <extensions>
          <gpxtpx:TrackPointExtension>
            <gpxtpx:hr>171</gpxtpx:hr>
          </gpxtpx:TrackPointExtension>
        </extensions>
      </trkpt>
      <trkpt lat="31.202014008211126" lon="121.35018788580524">
        <ele>2.0</ele>
        <time>2026-09-19T11:33:09Z</time>
        <extensions>
          <gpxtpx:TrackPointExtension>
            <gpxtpx:hr>171</gpxtpx:hr>
          </gpxtpx:TrackPointExtension>
        </extensions>
      </trkpt>
      <trkpt lat="31.202105860228503" lon="121.35025075624118">
        <ele>1.7999999523162842</ele>
        <time>2026-09-19T11:33:13Z</time>
        <extensions>
          <gpxtpx:TrackPointExtension>
            <gpxtpx:hr>172</gpxtpx:hr>
          </gpxtpx:TrackPointExtension>
        </extensions>
      </trkpt>
      <trkpt lat="31.20220972608497" lon="121.35030164887387">
        <ele>2.0</ele>
        <time>2026-09-19T11:33:17Z</time>
        <extensions>
          <gpxtpx:TrackPointExtension>
            <gpxtpx:hr>171</gpxtpx:hr>
          </gpxtpx:TrackPointExtension>
        </extensions>
      </trkpt>
      <trkpt lat="31.202289700107677" lon="121.35029365737911">
        <ele>1.7999999523162842</ele>
        <time>2026-09-19T11:33:21Z</time>
        <extensions>
          <gpxtpx:TrackPointExtension>
            <gpxtpx:hr>172</gpxtpx:hr>
          </gpxtpx:TrackPointExtension>
        </extensions>
      </trkpt>
      <trkpt lat="31.202420771892776" lon="121.35021080618819">
        <ele>2.0</ele>
        <time>2026-09-19T11:33:25Z</time>
        <extensions>
          <gpxtpx:TrackPointExtension>
            <gpxtpx:hr>172</gpxtpx:hr>
          </gpxtpx:TrackPointExtension>
        </extensions>
      </trkpt>
      <trkpt lat="31.202510862200363" lon="121.35012895678321">
        <ele>2.0</ele>
        <time>2026-09-19T11:33:29Z</time>
        <extensions>
          <gpxtpx:TrackPointExtension>
            <gpxtpx:hr>172</gpxtpx:hr>
          </gpxtpx:TrackPointExtension>
        </extensions>
      </trkpt>
      <trkpt lat="31.202590903442076" lon="121.35008004458433">
        <ele>2.200000047683716</ele>
        <time>2026-09-19T11:33:33Z</time>
        <extensions>
          <gpxtpx:TrackPointExtension>
            <gpxtpx:hr>170</gpxtpx:hr>
          </gpxtpx:TrackPointExtension>
        </extensions>
      </trkpt>
      <trkpt lat="31.20273390417106" lon="121.3500371153858">
        <ele>2.0</ele>
        <time>2026-09-19T11:33:37Z</time>
        <extensions>
          <gpxtpx:TrackPointExtension>
            <gpxtpx:hr>171</gpxtpx:hr>
          </gpxtpx:TrackPointExtension>
        </extensions>
      </trkpt>
      <trkpt lat="31.2028569032245" lon="121.35000117441305">
        <ele>2.0</ele>
        <time>2026-09-19T11:33:41Z</time>
        <extensions>
          <gpxtpx:TrackPointExtension>
            <gpxtpx:hr>171</gpxtpx:hr>
          </gpxtpx:TrackPointExtension>
        </extensions>
      </trkpt>
      <trkpt lat="31.202965886169462" lon="121.3499792075742">
        <ele>2.0</ele>
        <time>2026-09-19T11:33:45Z</time>
        <extensions>
          <gpxtpx:TrackPointExtension>
            <gpxtpx:hr>172</gpxtpx:hr>
          </gpxtpx:TrackPointExtension>
        </extensions>
      </trkpt>
      <trkpt lat="31.203084887239015" lon="121.34994326699918">
        <ele>2.0</ele>
        <time>2026-09-19T11:33:49Z</time>
        <extensions>
          <gpxtpx:TrackPointExtension>
            <gpxtpx:hr>173</gpxtpx:hr>
          </gpxtpx:TrackPointExtension>
        </extensions>
      </trkpt>
      <trkpt lat="31.20319586925593" lon="121.34992130001888">
        <ele>2.0</ele>
        <time>2026-09-19T11:33:53Z</time>
        <extensions>
          <gpxtpx:TrackPointExtension>
            <gpxtpx:hr>173</gpxtpx:hr>
          </gpxtpx:TrackPointExtension>
        </extensions>
      </trkpt>
      <trkpt lat="31.20331985974121" lon="121.34989034937061">
        <ele>2.0</ele>
        <time>2026-09-19T11:33:57Z</time>
        <extensions>
          <gpxtpx:TrackPointExtension>
            <gpxtpx:hr>174</gpxtpx:hr>
          </gpxtpx:TrackPointExtension>
        </extensions>
      </trkpt>
      <trkpt lat="31.20342685361088" lon="121.3498623943993">
        <ele>2.200000047683716</ele>
        <time>2026-09-19T11:34:01Z</time>
        <extensions>
          <gpxtpx:TrackPointExtension>
            <gpxtpx:hr>176</gpxtpx:hr>
          </gpxtpx:TrackPointExtension>
        </extensions>
      </trkpt>
      <trkpt lat="31.20352888939713" lon="121.34981048644175">
        <ele>2.5999999046325684</ele>
        <time>2026-09-19T11:34:05Z</time>
        <extensions>
          <gpxtpx:TrackPointExtension>
            <gpxtpx:hr>177</gpxtpx:hr>
          </gpxtpx:TrackPointExtension>
        </extensions>
      </trkpt>
      <trkpt lat="31.203634916717952" lon="121.34976257043822">
        <ele>2.799999952316284</ele>
        <time>2026-09-19T11:34:09Z</time>
        <extensions>
          <gpxtpx:TrackPointExtension>
            <gpxtpx:hr>177</gpxtpx:hr>
          </gpxtpx:TrackPointExtension>
        </extensions>
      </trkpt>
      <trkpt lat="31.203749895273287" lon="121.34974160126797">
        <ele>3.200000047683716</ele>
        <time>2026-09-19T11:34:13Z</time>
        <extensions>
          <gpxtpx:TrackPointExtension>
            <gpxtpx:hr>178</gpxtpx:hr>
          </gpxtpx:TrackPointExtension>
        </extensions>
      </trkpt>
      <trkpt lat="31.203860856044535" lon="121.34973260914536">
        <ele>3.799999952316284</ele>
        <time>2026-09-19T11:34:17Z</time>
        <extensions>
          <gpxtpx:TrackPointExtension>
            <gpxtpx:hr>179</gpxtpx:hr>
          </gpxtpx:TrackPointExtension>
        </extensions>
      </trkpt>
      <trkpt lat="31.20395885607895" lon="121.34970365700443">
        <ele>4.0</ele>
        <time>2026-09-19T11:34:21Z</time>
        <extensions>
          <gpxtpx:TrackPointExtension>
            <gpxtpx:hr>180</gpxtpx:hr>
          </gpxtpx:TrackPointExtension>
        </extensions>
      </trkpt>
      <trkpt lat="31.204081825857003" lon="121.34968568134212">
        <ele>4.0</ele>
        <time>2026-09-19T11:34:25Z</time>
        <extensions>
          <gpxtpx:TrackPointExtension>
            <gpxtpx:hr>182</gpxtpx:hr>
          </gpxtpx:TrackPointExtension>
        </extensions>
      </trkpt>
      <trkpt lat="31.204201788878375" lon="121.3496726962282">
        <ele>3.4000000953674316</ele>
        <time>2026-09-19T11:34:29Z</time>
        <extensions>
          <gpxtpx:TrackPointExtension>
            <gpxtpx:hr>183</gpxtpx:hr>
          </gpxtpx:TrackPointExtension>
        </extensions>
      </trkpt>
      <trkpt lat="31.204334743944507" lon="121.34966070804975">
        <ele>3.0</ele>
        <time>2026-09-19T11:34:33Z</time>
        <extensions>
          <gpxtpx:TrackPointExtension>
            <gpxtpx:hr>183</gpxtpx:hr>
          </gpxtpx:TrackPointExtension>
        </extensions>
      </trkpt>
      <trkpt lat="31.20444772358282" lon="121.3496397391051">
        <ele>2.799999952316284</ele>
        <time>2026-09-19T11:34:37Z</time>
        <extensions>
          <gpxtpx:TrackPointExtension>
            <gpxtpx:hr>183</gpxtpx:hr>
          </gpxtpx:TrackPointExtension>
        </extensions>
      </trkpt>
      <trkpt lat="31.204568692758645" lon="121.34962276169907">
        <ele>2.5999999046325684</ele>
        <time>2026-09-19T11:34:41Z</time>
        <extensions>
          <gpxtpx:TrackPointExtension>
            <gpxtpx:hr>185</gpxtpx:hr>
          </gpxtpx:TrackPointExtension>
        </extensions>
      </trkpt>
      <trkpt lat="31.204689624045145" lon="121.34962873956226">
        <ele>2.5999999046325684</ele>
        <time>2026-09-19T11:34:45Z</time>
        <extensions>
          <gpxtpx:TrackPointExtension>
            <gpxtpx:hr>185</gpxtpx:hr>
          </gpxtpx:TrackPointExtension>
        </extensions>
      </trkpt>
      <trkpt lat="31.20478358494613" lon="121.34962473921017">
        <ele>2.4000000953674316</ele>
        <time>2026-09-19T11:34:49Z</time>
        <extensions>
          <gpxtpx:TrackPointExtension>
            <gpxtpx:hr>185</gpxtpx:hr>
          </gpxtpx:TrackPointExtension>
        </extensions>
      </trkpt>
      <trkpt lat="31.204906604297328" lon="121.34957682195518">
        <ele>2.4000000953674316</ele>
        <time>2026-09-19T11:34:53Z</time>
        <extensions>
          <gpxtpx:TrackPointExtension>
            <gpxtpx:hr>185</gpxtpx:hr>
          </gpxtpx:TrackPointExtension>
        </extensions>
      </trkpt>
      <trkpt lat="31.204988683231228" lon="121.34950495504482">
        <ele>2.4000000953674316</ele>
        <time>2026-09-19T11:34:57Z</time>
        <extensions>
          <gpxtpx:TrackPointExtension>
            <gpxtpx:hr>185</gpxtpx:hr>
          </gpxtpx:TrackPointExtension>
        </extensions>
      </trkpt>
      <trkpt lat="31.20505176654956" lon="121.34943608405523">
        <ele>2.4000000953674316</ele>
        <time>2026-09-19T11:35:01Z</time>
        <extensions>
          <gpxtpx:TrackPointExtension>
            <gpxtpx:hr>185</gpxtpx:hr>
          </gpxtpx:TrackPointExtension>
        </extensions>
      </trkpt>
      <trkpt lat="31.205147939780915" lon="121.3493033352527">
        <ele>2.5999999046325684</ele>
        <time>2026-09-19T11:35:05Z</time>
        <extensions>
          <gpxtpx:TrackPointExtension>
            <gpxtpx:hr>184</gpxtpx:hr>
          </gpxtpx:TrackPointExtension>
        </extensions>
      </trkpt>
      <trkpt lat="31.205221083121458" lon="121.34919553997491">
        <ele>2.5999999046325684</ele>
        <time>2026-09-19T11:35:09Z</time>
        <extensions>
          <gpxtpx:TrackPointExtension>
            <gpxtpx:hr>184</gpxtpx:hr>
          </gpxtpx:TrackPointExtension>
        </extensions>
      </trkpt>
      <trkpt lat="31.205290122521806" lon="121.34915162006472">
        <ele>2.5999999046325684</ele>
        <time>2026-09-19T11:35:13Z</time>
        <extensions>
          <gpxtpx:TrackPointExtension>
            <gpxtpx:hr>184</gpxtpx:hr>
          </gpxtpx:TrackPointExtension>
        </extensions>
      </trkpt>
      <trkpt lat="31.205424105532472" lon="121.34912266521954">
        <ele>2.799999952316284</ele>
        <time>2026-09-19T11:35:17Z</time>
        <extensions>
          <gpxtpx:TrackPointExtension>
            <gpxtpx:hr>184</gpxtpx:hr>
          </gpxtpx:TrackPointExtension>
        </extensions>
      </trkpt>
      <trkpt lat="31.205535081495313" lon="121.34910469084981">
        <ele>2.799999952316284</ele>
        <time>2026-09-19T11:35:21Z</time>
        <extensions>
          <gpxtpx:TrackPointExtension>
            <gpxtpx:hr>184</gpxtpx:hr>
          </gpxtpx:TrackPointExtension>
        </extensions>
      </trkpt>
      <trkpt lat="31.20561208227001" lon="121.3490817292189">
        <ele>2.5999999046325684</ele>
        <time>2026-09-19T11:35:25Z</time>
        <extensions>
          <gpxtpx:TrackPointExtension>
            <gpxtpx:hr>184</gpxtpx:hr>
          </gpxtpx:TrackPointExtension>
        </extensions>
      </trkpt>
      <trkpt lat="31.20574611680868" lon="121.34902183515591">
        <ele>2.799999952316284</ele>
        <time>2026-09-19T11:35:29Z</time>
        <extensions>
          <gpxtpx:TrackPointExtension>
            <gpxtpx:hr>183</gpxtpx:hr>
          </gpxtpx:TrackPointExtension>
        </extensions>
      </trkpt>
      <trkpt lat="31.205813140752966" lon="121.34898789599781">
        <ele>2.5999999046325684</ele>
        <time>2026-09-19T11:35:33Z</time>
        <extensions>
          <gpxtpx:TrackPointExtension>
            <gpxtpx:hr>183</gpxtpx:hr>
          </gpxtpx:TrackPointExtension>
        </extensions>
      </trkpt>
      <trkpt lat="31.205939137764773" lon="121.34895295372517">
        <ele>2.799999952316284</ele>
        <time>2026-09-19T11:35:37Z</time>
        <extensions>
          <gpxtpx:TrackPointExtension>
            <gpxtpx:hr>183</gpxtpx:hr>
          </gpxtpx:TrackPointExtension>
        </extensions>
      </trkpt>
      <trkpt lat="31.206001111015073" lon="121.34895095228477">
        <ele>2.4000000953674316</ele>
        <time>2026-09-19T11:35:41Z</time>
        <extensions>
          <gpxtpx:TrackPointExtension>
            <gpxtpx:hr>182</gpxtpx:hr>
          </gpxtpx:TrackPointExtension>
        </extensions>
      </trkpt>
      <trkpt lat="31.206066107738156" lon="121.34893398000646">
        <ele>2.5999999046325684</ele>
        <time>2026-09-19T11:35:45Z</time>
        <extensions>
          <gpxtpx:TrackPointExtension>
            <gpxtpx:hr>182</gpxtpx:hr>
          </gpxtpx:TrackPointExtension>
        </extensions>
      </trkpt>
      <trkpt lat="31.206155046301706" lon="121.34894495073196">
        <ele>3.0</ele>
        <time>2026-09-19T11:35:49Z</time>
        <extensions>
          <gpxtpx:TrackPointExtension>
            <gpxtpx:hr>180</gpxtpx:hr>
          </gpxtpx:TrackPointExtension>
        </extensions>
      </trkpt>
      <trkpt lat="31.206258967634525" lon="121.34896190839666">
        <ele>3.200000047683716</ele>
        <time>2026-09-19T11:35:53Z</time>
        <extensions>
          <gpxtpx:TrackPointExtension>
            <gpxtpx:hr>178</gpxtpx:hr>
          </gpxtpx:TrackPointExtension>
        </extensions>
      </trkpt>
      <trkpt lat="31.20632891044552" lon="121.34897587489081">
        <ele>3.799999952316284</ele>
        <time>2026-09-19T11:35:57Z</time>
        <extensions>
          <gpxtpx:TrackPointExtension>
            <gpxtpx:hr>177</gpxtpx:hr>
          </gpxtpx:TrackPointExtension>
        </extensions>
      </trkpt>
      <trkpt lat="31.206367918118957" lon="121.34895990289036">
        <ele>4.0</ele>
        <time>2026-09-19T11:36:01Z</time>
        <extensions>
          <gpxtpx:TrackPointExtension>
            <gpxtpx:hr>176</gpxtpx:hr>
          </gpxtpx:TrackPointExtension>
        </extensions>
      </trkpt>
      <trkpt lat="31.2064249137516" lon="121.34894592541634">
        <ele>3.799999952316284</ele>
        <time>2026-09-19T11:36:05Z</time>
        <extensions>
          <gpxtpx:TrackPointExtension>
            <gpxtpx:hr>174</gpxtpx:hr>
          </gpxtpx:TrackPointExtension>
        </extensions>
      </trkpt>
      <trkpt lat="31.206478909182856" lon="121.34893294624483">
        <ele>3.799999952316284</ele>
        <time>2026-09-19T11:36:09Z</time>
        <extensions>
          <gpxtpx:TrackPointExtension>
            <gpxtpx:hr>171</gpxtpx:hr>
          </gpxtpx:TrackPointExtension>
        </extensions>
      </trkpt>
      <trkpt lat="31.20656789929532" lon="121.34891297778422">
        <ele>4.0</ele>
        <time>2026-09-19T11:36:13Z</time>
        <extensions>
          <gpxtpx:TrackPointExtension>
            <gpxtpx:hr>167</gpxtpx:hr>
          </gpxtpx:TrackPointExtension>
        </extensions>
      </trkpt>
      <trkpt lat="31.20667787758616" lon="121.34889400555413">
        <ele>4.0</ele>
        <time>2026-09-19T11:36:17Z</time>
        <extensions>
          <gpxtpx:TrackPointExtension>
            <gpxtpx:hr>164</gpxtpx:hr>
          </gpxtpx:TrackPointExtension>
        </extensions>
      </trkpt>
      <trkpt lat="31.206792878418653" lon="121.34886006234825">
        <ele>3.4000000953674316</ele>
        <time>2026-09-19T11:36:21Z</time>
        <extensions>
          <gpxtpx:TrackPointExtension>
            <gpxtpx:hr>162</gpxtpx:hr>
          </gpxtpx:TrackPointExtension>
        </extensions>
      </trkpt>
      <trkpt lat="31.20687882179944" lon="121.34886903724">
        <ele>3.0</ele>
        <time>2026-09-19T11:36:25Z</time>
        <extensions>
          <gpxtpx:TrackPointExtension>
            <gpxtpx:hr>162</gpxtpx:hr>
          </gpxtpx:TrackPointExtension>
        </extensions>
      </trkpt>
      <trkpt lat="31.207015727192303" lon="121.34888599201923">
        <ele>2.5999999046325684</ele>
        <time>2026-09-19T11:36:29Z</time>
        <extensions>
          <gpxtpx:TrackPointExtension>
            <gpxtpx:hr>162</gpxtpx:hr>
          </gpxtpx:TrackPointExtension>
        </extensions>
      </trkpt>
      <trkpt lat="31.207106719721477" lon="121.34886402733466">
        <ele>2.5999999046325684</ele>
        <time>2026-09-19T11:36:33Z</time>
        <extensions>
          <gpxtpx:TrackPointExtension>
            <gpxtpx:hr>162</gpxtpx:hr>
          </gpxtpx:TrackPointExtension>
        </extensions>
      </trkpt>
      <trkpt lat="31.207210755891193" lon="121.34881212046236">
        <ele>2.5999999046325684</ele>
        <time>2026-09-19T11:36:37Z</time>
        <extensions>
          <gpxtpx:TrackPointExtension>
            <gpxtpx:hr>162</gpxtpx:hr>
          </gpxtpx:TrackPointExtension>
        </extensions>
      </trkpt>
      <trkpt lat="31.20730282957189" lon="121.34874125204585">
        <ele>3.0</ele>
        <time>2026-09-19T11:36:41Z</time>
        <extensions>
          <gpxtpx:TrackPointExtension>
            <gpxtpx:hr>161</gpxtpx:hr>
          </gpxtpx:TrackPointExtension>
        </extensions>
      </trkpt>
      <trkpt lat="31.207381857982465" lon="121.34870132387992">
        <ele>3.0</ele>
        <time>2026-09-19T11:36:45Z</time>
        <extensions>
          <gpxtpx:TrackPointExtension>
            <gpxtpx:hr>160</gpxtpx:hr>
          </gpxtpx:TrackPointExtension>
        </extensions>
      </trkpt>
      <trkpt lat="31.207518883380057" lon="121.34864642025919">
        <ele>2.5999999046325684</ele>
        <time>2026-09-19T11:36:49Z</time>
        <extensions>
          <gpxtpx:TrackPointExtension>
            <gpxtpx:hr>153</gpxtpx:hr>
          </gpxtpx:TrackPointExtension>
        </extensions>
      </trkpt>
      <trkpt lat="31.20759687900294" lon="121.34862645288634">
        <ele>2.799999952316284</ele>
        <time>2026-09-19T11:36:53Z</time>
        <extensions>
          <gpxtpx:TrackPointExtension>
            <gpxtpx:hr>153</gpxtpx:hr>
          </gpxtpx:TrackPointExtension>
        </extensions>
      </trkpt>
      <trkpt lat="31.207729838032858" lon="121.34861246894978">
        <ele>2.799999952316284</ele>
        <time>2026-09-19T11:36:57Z</time>
        <extensions>
          <gpxtpx:TrackPointExtension>
            <gpxtpx:hr>152</gpxtpx:hr>
          </gpxtpx:TrackPointExtension>
        </extensions>
      </trkpt>
      <trkpt lat="31.207846788134404" lon="121.3486084667071">
        <ele>3.200000047683716</ele>
        <time>2026-09-19T11:37:01Z</time>
        <extensions>
          <gpxtpx:TrackPointExtension>
            <gpxtpx:hr>153</gpxtpx:hr>
          </gpxtpx:TrackPointExtension>
        </extensions>
      </trkpt>
      <trkpt lat="31.20795573711018" lon="121.34860745924848">
        <ele>3.0</ele>
        <time>2026-09-19T11:37:05Z</time>
        <extensions>
          <gpxtpx:TrackPointExtension>
            <gpxtpx:hr>152</gpxtpx:hr>
          </gpxtpx:TrackPointExtension>
        </extensions>
      </trkpt>
      <trkpt lat="31.208064697773732" lon="121.34859946557626">
        <ele>2.799999952316284</ele>
        <time>2026-09-19T11:37:09Z</time>
        <extensions>
          <gpxtpx:TrackPointExtension>
            <gpxtpx:hr>152</gpxtpx:hr>
          </gpxtpx:TrackPointExtension>
        </extensions>
      </trkpt>
      <trkpt lat="31.20817965721794" lon="121.34859047335632">
        <ele>2.799999952316284</ele>
        <time>2026-09-19T11:37:13Z</time>
        <extensions>
          <gpxtpx:TrackPointExtension>
            <gpxtpx:hr>153</gpxtpx:hr>
          </gpxtpx:TrackPointExtension>
        </extensions>
      </trkpt>
      <trkpt lat="31.208282675879182" lon="121.34854954522804">
        <ele>2.799999952316284</ele>
        <time>2026-09-19T11:37:17Z</time>
        <extensions>
          <gpxtpx:TrackPointExtension>
            <gpxtpx:hr>154</gpxtpx:hr>
          </gpxtpx:TrackPointExtension>
        </extensions>
      </trkpt>
      <trkpt lat="31.208387706977206" lon="121.3485006327407">
        <ele>2.5999999046325684</ele>
        <time>2026-09-19T11:37:21Z</time>
        <extensions>
          <gpxtpx:TrackPointExtension>
            <gpxtpx:hr>154</gpxtpx:hr>
          </gpxtpx:TrackPointExtension>
        </extensions>
      </trkpt>
      <trkpt lat="31.20848775391564" lon="121.34844373652722">
        <ele>2.5999999046325684</ele>
        <time>2026-09-19T11:37:25Z</time>
        <extensions>
          <gpxtpx:TrackPointExtension>
            <gpxtpx:hr>155</gpxtpx:hr>
          </gpxtpx:TrackPointExtension>
        </extensions>
      </trkpt>
      <trkpt lat="31.208595783683705" lon="121.34839482390214">
        <ele>2.5999999046325684</ele>
        <time>2026-09-19T11:37:29Z</time>
        <extensions>
          <gpxtpx:TrackPointExtension>
            <gpxtpx:hr>156</gpxtpx:hr>
          </gpxtpx:TrackPointExtension>
        </extensions>
      </trkpt>
      <trkpt lat="31.20870480298615" lon="121.348351899394">
        <ele>2.5999999046325684</ele>
        <time>2026-09-19T11:37:33Z</time>
        <extensions>
          <gpxtpx:TrackPointExtension>
            <gpxtpx:hr>156</gpxtpx:hr>
          </gpxtpx:TrackPointExtension>
        </extensions>
      </trkpt>
      <trkpt lat="31.208815794588432" lon="121.34832494313702">
        <ele>2.799999952316284</ele>
        <time>2026-09-19T11:37:37Z</time>
        <extensions>
          <gpxtpx:TrackPointExtension>
            <gpxtpx:hr>157</gpxtpx:hr>
          </gpxtpx:TrackPointExtension>
        </extensions>
      </trkpt>
      <trkpt lat="31.208926789563474" lon="121.34829599085037">
        <ele>2.799999952316284</ele>
        <time>2026-09-19T11:37:41Z</time>
        <extensions>
          <gpxtpx:TrackPointExtension>
            <gpxtpx:hr>158</gpxtpx:hr>
          </gpxtpx:TrackPointExtension>
        </extensions>
      </trkpt>
      <trkpt lat="31.20903776781865" lon="121.34827701881096">
        <ele>2.5999999046325684</ele>
        <time>2026-09-19T11:37:45Z</time>
        <extensions>
          <gpxtpx:TrackPointExtension>
            <gpxtpx:hr>158</gpxtpx:hr>
          </gpxtpx:TrackPointExtension>
        </extensions>
      </trkpt>
      <trkpt lat="31.20915468626109" lon="121.34829197903713">
        <ele>2.4000000953674316</ele>
        <time>2026-09-19T11:37:49Z</time>
        <extensions>
          <gpxtpx:TrackPointExtension>
            <gpxtpx:hr>158</gpxtpx:hr>
          </gpxtpx:TrackPointExtension>
        </extensions>
      </trkpt>
      <trkpt lat="31.20927163485406" lon="121.34828897484796">
        <ele>2.4000000953674316</ele>
        <time>2026-09-19T11:37:53Z</time>
        <extensions>
          <gpxtpx:TrackPointExtension>
            <gpxtpx:hr>158</gpxtpx:hr>
          </gpxtpx:TrackPointExtension>
        </extensions>
      </trkpt>
      <trkpt lat="31.20935064029713" lon="121.34826301942104">
        <ele>2.799999952316284</ele>
        <time>2026-09-19T11:37:57Z</time>
        <extensions>
          <gpxtpx:TrackPointExtension>
            <gpxtpx:hr>158</gpxtpx:hr>
          </gpxtpx:TrackPointExtension>
        </extensions>
      </trkpt>
      <trkpt lat="31.209469653281687" lon="121.34822109220212">
        <ele>2.799999952316284</ele>
        <time>2026-09-19T11:38:01Z</time>
        <extensions>
          <gpxtpx:TrackPointExtension>
            <gpxtpx:hr>158</gpxtpx:hr>
          </gpxtpx:TrackPointExtension>
        </extensions>
      </trkpt>
      <trkpt lat="31.20958363687335" lon="121.34819812785214">
        <ele>2.799999952316284</ele>
        <time>2026-09-19T11:38:05Z</time>
        <extensions>
          <gpxtpx:TrackPointExtension>
            <gpxtpx:hr>158</gpxtpx:hr>
          </gpxtpx:TrackPointExtension>
        </extensions>
      </trkpt>
      <trkpt lat="31.209698502696074" lon="121.34824502491963">
        <ele>3.0</ele>
        <time>2026-09-19T11:38:09Z</time>
        <extensions>
          <gpxtpx:TrackPointExtension>
            <gpxtpx:hr>158</gpxtpx:hr>
          </gpxtpx:TrackPointExtension>
        </extensions>
      </trkpt>
      <trkpt lat="31.209800286126892" lon="121.34834481842506">
        <ele>3.0</ele>
        <time>2026-09-19T11:38:13Z</time>
        <extensions>
          <gpxtpx:TrackPointExtension>
            <gpxtpx:hr>158</gpxtpx:hr>
          </gpxtpx:TrackPointExtension>
        </extensions>
      </trkpt>
      <trkpt lat="31.209894142152777" lon="121.34840369377672">
        <ele>3.200000047683716</ele>
        <time>2026-09-19T11:38:17Z</time>
        <extensions>
          <gpxtpx:TrackPointExtension>
            <gpxtpx:hr>159</gpxtpx:hr>
          </gpxtpx:TrackPointExtension>
        </extensions>
      </trkpt>
      <trkpt lat="31.20996396637436" lon="121.34848851999989">
        <ele>3.0</ele>
        <time>2026-09-19T11:38:21Z</time>
        <extensions>
          <gpxtpx:TrackPointExtension>
            <gpxtpx:hr>159</gpxtpx:hr>
          </gpxtpx:TrackPointExtension>
        </extensions>
      </trkpt>
      <trkpt lat="31.209997791391007" lon="121.34858332980473">
        <ele>2.799999952316284</ele>
        <time>2026-09-19T11:38:25Z</time>
        <extensions>
          <gpxtpx:TrackPointExtension>
            <gpxtpx:hr>159</gpxtpx:hr>
          </gpxtpx:TrackPointExtension>
        </extensions>
      </trkpt>
      <trkpt lat="31.210062576654604" lon="121.34869310762586">
        <ele>2.5999999046325684</ele>
        <time>2026-09-19T11:38:29Z</time>
        <extensions>
          <gpxtpx:TrackPointExtension>
            <gpxtpx:hr>160</gpxtpx:hr>
          </gpxtpx:TrackPointExtension>
        </extensions>
      </trkpt>
      <trkpt lat="31.210199430716315" lon="121.34874100136659">
        <ele>2.5999999046325684</ele>
        <time>2026-09-19T11:38:33Z</time>
        <extensions>
          <gpxtpx:TrackPointExtension>
            <gpxtpx:hr>159</gpxtpx:hr>
          </gpxtpx:TrackPointExtension>
        </extensions>
      </trkpt>
      <trkpt lat="31.210321360325022" lon="121.34874797704957">
        <ele>2.4000000953674316</ele>
        <time>2026-09-19T11:38:37Z</time>
        <extensions>
          <gpxtpx:TrackPointExtension>
            <gpxtpx:hr>159</gpxtpx:hr>
          </gpxtpx:TrackPointExtension>
        </extensions>
      </trkpt>
      <trkpt lat="31.210402494646072" lon="121.34864417464553">
        <ele>2.4000000953674316</ele>
        <time>2026-09-19T11:38:41Z</time>
        <extensions>
          <gpxtpx:TrackPointExtension>
            <gpxtpx:hr>159</gpxtpx:hr>
          </gpxtpx:TrackPointExtension>
        </extensions>
      </trkpt>
      <trkpt lat="31.210460660286394" lon="121.34852839813936">
        <ele>2.799999952316284</ele>
        <time>2026-09-19T11:38:45Z</time>
        <extensions>
          <gpxtpx:TrackPointExtension>
            <gpxtpx:hr>159</gpxtpx:hr>
          </gpxtpx:TrackPointExtension>
        </extensions>
      </trkpt>
      <trkpt lat="31.21051382859606" lon="121.348412622381">
        <ele>3.200000047683716</ele>
        <time>2026-09-19T11:38:49Z</time>
        <extensions>
          <gpxtpx:TrackPointExtension>
            <gpxtpx:hr>159</gpxtpx:hr>
          </gpxtpx:TrackPointExtension>
        </extensions>
      </trkpt>
      <trkpt lat="31.210571999784275" lon="121.34829385243428">
        <ele>3.5999999046325684</ele>
        <time>2026-09-19T11:38:53Z</time>
        <extensions>
          <gpxtpx:TrackPointExtension>
            <gpxtpx:hr>159</gpxtpx:hr>
          </gpxtpx:TrackPointExtension>
        </extensions>
      </trkpt>
      <trkpt lat="31.21061617127672" lon="121.34817907610955">
        <ele>4.0</ele>
        <time>2026-09-19T11:38:57Z</time>
        <extensions>
          <gpxtpx:TrackPointExtension>
            <gpxtpx:hr>159</gpxtpx:hr>
          </gpxtpx:TrackPointExtension>
        </extensions>
      </trkpt>
      <trkpt lat="31.21067732141692" lon="121.3480722827644">
        <ele>4.199999809265137</ele>
        <time>2026-09-19T11:39:01Z</time>
        <extensions>
          <gpxtpx:TrackPointExtension>
            <gpxtpx:hr>159</gpxtpx:hr>
          </gpxtpx:TrackPointExtension>
        </extensions>
      </trkpt>
      <trkpt lat="31.210726496036873" lon="121.34795451255027">
        <ele>4.199999809265137</ele>
        <time>2026-09-19T11:39:05Z</time>
        <extensions>
          <gpxtpx:TrackPointExtension>
            <gpxtpx:hr>160</gpxtpx:hr>
          </gpxtpx:TrackPointExtension>
        </extensions>
      </trkpt>
      <trkpt lat="31.210800643752698" lon="121.34784572260848">
        <ele>3.799999952316284</ele>
        <time>2026-09-19T11:39:09Z</time>
        <extensions>
          <gpxtpx:TrackPointExtension>
            <gpxtpx:hr>159</gpxtpx:hr>
          </gpxtpx:TrackPointExtension>
        </extensions>
      </trkpt>
      <trkpt lat="31.21088861152862" lon="121.34783972692058">
        <ele>3.0</ele>
        <time>2026-09-19T11:39:13Z</time>
        <extensions>
          <gpxtpx:TrackPointExtension>
            <gpxtpx:hr>159</gpxtpx:hr>
          </gpxtpx:TrackPointExtension>
        </extensions>
      </trkpt>
      <trkpt lat="31.211006426946234" lon="121.34791556575036">
        <ele>2.799999952316284</ele>
        <time>2026-09-19T11:39:17Z</time>
        <extensions>
          <gpxtpx:TrackPointExtension>
            <gpxtpx:hr>159</gpxtpx:hr>
          </gpxtpx:TrackPointExtension>
        </extensions>
      </trkpt>
      <trkpt lat="31.21112129265502" lon="121.34796246251031">
        <ele>2.799999952316284</ele>
        <time>2026-09-19T11:39:21Z</time>
        <extensions>
          <gpxtpx:TrackPointExtension>
            <gpxtpx:hr>158</gpxtpx:hr>
          </gpxtpx:TrackPointExtension>
        </extensions>
      </trkpt>
      <trkpt lat="31.21123624074309" lon="121.34796045653269">
        <ele>2.799999952316284</ele>
        <time>2026-09-19T11:39:25Z</time>
        <extensions>
          <gpxtpx:TrackPointExtension>
            <gpxtpx:hr>158</gpxtpx:hr>
          </gpxtpx:TrackPointExtension>
        </extensions>
      </trkpt>
      <trkpt lat="31.211348193645282" lon="121.34795645478373">
        <ele>3.0</ele>
        <time>2026-09-19T11:39:29Z</time>
        <extensions>
          <gpxtpx:TrackPointExtension>
            <gpxtpx:hr>159</gpxtpx:hr>
          </gpxtpx:TrackPointExtension>
        </extensions>
      </trkpt>
      <trkpt lat="31.211448159046405" lon="121.34794846201186">
        <ele>3.0</ele>
        <time>2026-09-19T11:39:33Z</time>
        <extensions>
          <gpxtpx:TrackPointExtension>
            <gpxtpx:hr>159</gpxtpx:hr>
          </gpxtpx:TrackPointExtension>
        </extensions>
      </trkpt>
      <trkpt lat="31.211577053386343" lon="121.34797439925822">
        <ele>3.0</ele>
        <time>2026-09-19T11:39:37Z</time>
        <extensions>
          <gpxtpx:TrackPointExtension>
            <gpxtpx:hr>159</gpxtpx:hr>
          </gpxtpx:TrackPointExtension>
        </extensions>
      </trkpt>
      <trkpt lat="31.21170001952349" lon="121.34795941838469">
        <ele>3.0</ele>
        <time>2026-09-19T11:39:41Z</time>
        <extensions>
          <gpxtpx:TrackPointExtension>
            <gpxtpx:hr>158</gpxtpx:hr>
          </gpxtpx:TrackPointExtension>
        </extensions>
      </trkpt>
      <trkpt lat="31.211816990239257" lon="121.34794344002017">
        <ele>3.0</ele>
        <time>2026-09-19T11:39:45Z</time>
        <extensions>
          <gpxtpx:TrackPointExtension>
            <gpxtpx:hr>158</gpxtpx:hr>
          </gpxtpx:TrackPointExtension>
        </extensions>
      </trkpt>
      <trkpt lat="31.211931963612777" lon="121.34792646381983">
        <ele>3.0</ele>
        <time>2026-09-19T11:39:49Z</time>
        <extensions>
          <gpxtpx:TrackPointExtension>
            <gpxtpx:hr>158</gpxtpx:hr>
          </gpxtpx:TrackPointExtension>
        </extensions>
      </trkpt>
      <trkpt lat="31.212014942271107" lon="121.34791547848033">
        <ele>3.0</ele>
        <time>2026-09-19T11:39:53Z</time>
        <extensions>
          <gpxtpx:TrackPointExtension>
            <gpxtpx:hr>158</gpxtpx:hr>
          </gpxtpx:TrackPointExtension>
        </extensions>
      </trkpt>
      <trkpt lat="31.212125915910647" lon="121.347899500651">
        <ele>3.200000047683716</ele>
        <time>2026-09-19T11:39:57Z</time>
        <extensions>
          <gpxtpx:TrackPointExtension>
            <gpxtpx:hr>157</gpxtpx:hr>
          </gpxtpx:TrackPointExtension>
        </extensions>
      </trkpt>
      <trkpt lat="31.212251988376117" lon="121.34782064671032">
        <ele>3.200000047683716</ele>
        <time>2026-09-19T11:40:01Z</time>
        <extensions>
          <gpxtpx:TrackPointExtension>
            <gpxtpx:hr>158</gpxtpx:hr>
          </gpxtpx:TrackPointExtension>
        </extensions>
      </trkpt>
      <trkpt lat="31.212332099883884" lon="121.34773181678713">
        <ele>3.0</ele>
        <time>2026-09-19T11:40:05Z</time>
        <extensions>
          <gpxtpx:TrackPointExtension>
            <gpxtpx:hr>158</gpxtpx:hr>
          </gpxtpx:TrackPointExtension>
        </extensions>
      </trkpt>
      <trkpt lat="31.21239925995073" lon="121.34761803796951">
        <ele>3.0</ele>
        <time>2026-09-19T11:40:09Z</time>
        <extensions>
          <gpxtpx:TrackPointExtension>
            <gpxtpx:hr>158</gpxtpx:hr>
          </gpxtpx:TrackPointExtension>
        </extensions>
      </trkpt>
      <trkpt lat="31.2124634183246" lon="121.34750625571603">
        <ele>2.799999952316284</ele>
        <time>2026-09-19T11:40:13Z</time>
        <extensions>
          <gpxtpx:TrackPointExtension>
            <gpxtpx:hr>158</gpxtpx:hr>
          </gpxtpx:TrackPointExtension>
        </extensions>
      </trkpt>
      <trkpt lat="31.212527583700364" lon="121.34739048173519">
        <ele>2.799999952316284</ele>
        <time>2026-09-19T11:40:17Z</time>
        <extensions>
          <gpxtpx:TrackPointExtension>
            <gpxtpx:hr>157</gpxtpx:hr>
          </gpxtpx:TrackPointExtension>
        </extensions>
      </trkpt>
      <trkpt lat="31.21258574543186" lon="121.34727870057536">
        <ele>2.799999952316284</ele>
        <time>2026-09-19T11:40:21Z</time>
        <extensions>
          <gpxtpx:TrackPointExtension>
            <gpxtpx:hr>158</gpxtpx:hr>
          </gpxtpx:TrackPointExtension>
        </extensions>
      </trkpt>
      <trkpt lat="31.212634904930482" lon="121.34717091246462">
        <ele>2.799999952316284</ele>
        <time>2026-09-19T11:40:25Z</time>
        <extensions>
          <gpxtpx:TrackPointExtension>
            <gpxtpx:hr>157</gpxtpx:hr>
          </gpxtpx:TrackPointExtension>
        </extensions>
      </trkpt>
      <trkpt lat="31.212699062547202" lon="121.34706012933086">
        <ele>3.0</ele>
        <time>2026-09-19T11:40:29Z</time>
        <extensions>
          <gpxtpx:TrackPointExtension>
            <gpxtpx:hr>158</gpxtpx:hr>
          </gpxtpx:TrackPointExtension>
        </extensions>
      </trkpt>
      <trkpt lat="31.212764216514557" lon="121.34695134236925">
        <ele>3.0</ele>
        <time>2026-09-19T11:40:33Z</time>
        <extensions>
          <gpxtpx:TrackPointExtension>
            <gpxtpx:hr>159</gpxtpx:hr>
          </gpxtpx:TrackPointExtension>
        </extensions>
      </trkpt>
      <trkpt lat="31.212841356444596" lon="121.34684754458432">
        <ele>3.0</ele>
        <time>2026-09-19T11:40:37Z</time>
        <extensions>
          <gpxtpx:TrackPointExtension>
            <gpxtpx:hr>158</gpxtpx:hr>
          </gpxtpx:TrackPointExtension>
        </extensions>
      </trkpt>
      <trkpt lat="31.21289943246167" lon="121.346786662192">
        <ele>3.0</ele>
        <time>2026-09-19T11:40:41Z</time>
        <extensions>
          <gpxtpx:TrackPointExtension>
            <gpxtpx:hr>159</gpxtpx:hr>
          </gpxtpx:TrackPointExtension>
        </extensions>
      </trkpt>
      <trkpt lat="31.213016517763027" lon="121.3467038190538">
        <ele>3.0</ele>
        <time>2026-09-19T11:40:45Z</time>
        <extensions>
          <gpxtpx:TrackPointExtension>
            <gpxtpx:hr>159</gpxtpx:hr>
          </gpxtpx:TrackPointExtension>
        </extensions>
      </trkpt>
      <trkpt lat="31.213118566051847" lon="121.34664692499345">
        <ele>3.0</ele>
        <time>2026-09-19T11:40:49Z</time>
        <extensions>
          <gpxtpx:TrackPointExtension>
            <gpxtpx:hr>158</gpxtpx:hr>
          </gpxtpx:TrackPointExtension>
        </extensions>
      </trkpt>
      <trkpt lat="31.213196593492665" lon="121.34660899479466">
        <ele>3.0</ele>
        <time>2026-09-19T11:40:53Z</time>
        <extensions>
          <gpxtpx:TrackPointExtension>
            <gpxtpx:hr>159</gpxtpx:hr>
          </gpxtpx:TrackPointExtension>
        </extensions>
      </trkpt>
      <trkpt lat="31.213330571971163" lon="121.3465840335842">
        <ele>3.0</ele>
        <time>2026-09-19T11:40:57Z</time>
        <extensions>
          <gpxtpx:TrackPointExtension>
            <gpxtpx:hr>159</gpxtpx:hr>
          </gpxtpx:TrackPointExtension>
        </extensions>
      </trkpt>
      <trkpt lat="31.213436553641216" lon="121.34656506271368">
        <ele>3.0</ele>
        <time>2026-09-19T11:41:01Z</time>
        <extensions>
          <gpxtpx:TrackPointExtension>
            <gpxtpx:hr>159</gpxtpx:hr>
          </gpxtpx:TrackPointExtension>
        </extensions>
      </trkpt>
      <trkpt lat="31.21354752781435" lon="121.34654908537036">
        <ele>3.200000047683716</ele>
        <time>2026-09-19T11:41:05Z</time>
        <extensions>
          <gpxtpx:TrackPointExtension>
            <gpxtpx:hr>158</gpxtpx:hr>
          </gpxtpx:TrackPointExtension>
        </extensions>
      </trkpt>
      <trkpt lat="31.21365953054441" lon="121.34651614222874">
        <ele>3.200000047683716</ele>
        <time>2026-09-19T11:41:09Z</time>
        <extensions>
          <gpxtpx:TrackPointExtension>
            <gpxtpx:hr>158</gpxtpx:hr>
          </gpxtpx:TrackPointExtension>
        </extensions>
      </trkpt>
      <trkpt lat="31.213770518413515" lon="121.34649218104049">
        <ele>3.0</ele>
        <time>2026-09-19T11:41:13Z</time>
        <extensions>
          <gpxtpx:TrackPointExtension>
            <gpxtpx:hr>159</gpxtpx:hr>
          </gpxtpx:TrackPointExtension>
        </extensions>
      </trkpt>
      <trkpt lat="31.21388048970188" lon="121.34647819977383">
        <ele>3.0</ele>
        <time>2026-09-19T11:41:17Z</time>
        <extensions>
          <gpxtpx:TrackPointExtension>
            <gpxtpx:hr>159</gpxtpx:hr>
          </gpxtpx:TrackPointExtension>
        </extensions>
      </trkpt>
      <trkpt lat="31.214000469887736" lon="121.34645623379097">
        <ele>3.0</ele>
        <time>2026-09-19T11:41:21Z</time>
        <extensions>
          <gpxtpx:TrackPointExtension>
            <gpxtpx:hr>158</gpxtpx:hr>
          </gpxtpx:TrackPointExtension>
        </extensions>
      </trkpt>
      <trkpt lat="31.21408446559863" lon="121.3464352689129">
        <ele>3.0</ele>
        <time>2026-09-19T11:41:25Z</time>
        <extensions>
          <gpxtpx:TrackPointExtension>
            <gpxtpx:hr>159</gpxtpx:hr>
          </gpxtpx:TrackPointExtension>
        </extensions>
      </trkpt>
      <trkpt lat="31.214224436261745" lon="121.34641330122129">
        <ele>3.200000047683716</ele>
        <time>2026-09-19T11:41:29Z</time>
        <extensions>
          <gpxtpx:TrackPointExtension>
            <gpxtpx:hr>159</gpxtpx:hr>
          </gpxtpx:TrackPointExtension>
        </extensions>
      </trkpt>
      <trkpt lat="31.214347396271936" lon="121.34640231279667">
        <ele>3.200000047683716</ele>
        <time>2026-09-19T11:41:33Z</time>
        <extensions>
          <gpxtpx:TrackPointExtension>
            <gpxtpx:hr>160</gpxtpx:hr>
          </gpxtpx:TrackPointExtension>
        </extensions>
      </trkpt>
      <trkpt lat="31.21446536552435" lon="121.34638733288529">
        <ele>3.0</ele>
        <time>2026-09-19T11:41:37Z</time>
        <extensions>
          <gpxtpx:TrackPointExtension>
            <gpxtpx:hr>160</gpxtpx:hr>
          </gpxtpx:TrackPointExtension>
        </extensions>
      </trkpt>
      <trkpt lat="31.214570347842457" lon="121.34636836218282">
        <ele>3.0</ele>
        <time>2026-09-19T11:41:41Z</time>
        <extensions>
          <gpxtpx:TrackPointExtension>
            <gpxtpx:hr>160</gpxtpx:hr>
          </gpxtpx:TrackPointExtension>
        </extensions>
      </trkpt>
      <trkpt lat="31.21468431903713" lon="121.34635338262838">
        <ele>3.200000047683716</ele>
        <time>2026-09-19T11:41:45Z</time>
        <extensions>
          <gpxtpx:TrackPointExtension>
            <gpxtpx:hr>160</gpxtpx:hr>
          </gpxtpx:TrackPointExtension>
        </extensions>
      </trkpt>
      <trkpt lat="31.214801281972974" lon="121.3463423947369">
        <ele>3.200000047683716</ele>
        <time>2026-09-19T11:41:49Z</time>
        <extensions>
          <gpxtpx:TrackPointExtension>
            <gpxtpx:hr>160</gpxtpx:hr>
          </gpxtpx:TrackPointExtension>
        </extensions>
      </trkpt>
      <trkpt lat="31.214919246155883" lon="121.3463304087824">
        <ele>3.200000047683716</ele>
        <time>2026-09-19T11:41:53Z</time>
        <extensions>
          <gpxtpx:TrackPointExtension>
            <gpxtpx:hr>160</gpxtpx:hr>
          </gpxtpx:TrackPointExtension>
        </extensions>
      </trkpt>
      <trkpt lat="31.215032221293978" lon="121.34631343336919">
        <ele>3.200000047683716</ele>
        <time>2026-09-19T11:41:57Z</time>
        <extensions>
          <gpxtpx:TrackPointExtension>
            <gpxtpx:hr>160</gpxtpx:hr>
          </gpxtpx:TrackPointExtension>
        </extensions>
      </trkpt>
      <trkpt lat="31.215139202733933" lon="121.34629446252427">
        <ele>3.200000047683716</ele>
        <time>2026-09-19T11:42:01Z</time>
        <extensions>
          <gpxtpx:TrackPointExtension>
            <gpxtpx:hr>160</gpxtpx:hr>
          </gpxtpx:TrackPointExtension>
        </extensions>
      </trkpt>
      <trkpt lat="31.215244241634004" lon="121.34624255859913">
        <ele>3.4000000953674316</ele>
        <time>2026-09-19T11:42:05Z</time>
        <extensions>
          <gpxtpx:TrackPointExtension>
            <gpxtpx:hr>160</gpxtpx:hr>
          </gpxtpx:TrackPointExtension>
        </extensions>
      </trkpt>
      <trkpt lat="31.215326377236565" lon="121.34614075794083">
        <ele>3.4000000953674316</ele>
        <time>2026-09-19T11:42:09Z</time>
        <extensions>
          <gpxtpx:TrackPointExtension>
            <gpxtpx:hr>159</gpxtpx:hr>
          </gpxtpx:TrackPointExtension>
        </extensions>
      </trkpt>
      <trkpt lat="31.21542243087685" lon="121.34608286712238">
        <ele>3.5999999046325684</ele>
        <time>2026-09-19T11:42:13Z</time>
        <extensions>
          <gpxtpx:TrackPointExtension>
            <gpxtpx:hr>159</gpxtpx:hr>
          </gpxtpx:TrackPointExtension>
        </extensions>
      </trkpt>
      <trkpt lat="31.215528442068873" lon="121.34604693091332">
        <ele>4.0</ele>
        <time>2026-09-19T11:42:17Z</time>
        <extensions>
          <gpxtpx:TrackPointExtension>
            <gpxtpx:hr>159</gpxtpx:hr>
          </gpxtpx:TrackPointExtension>
        </extensions>
      </trkpt>
      <trkpt lat="31.215628452721877" lon="121.34601299119537">
        <ele>4.599999904632568</ele>
        <time>2026-09-19T11:42:21Z</time>
        <extensions>
          <gpxtpx:TrackPointExtension>
            <gpxtpx:hr>159</gpxtpx:hr>
          </gpxtpx:TrackPointExtension>
        </extensions>
      </trkpt>
      <trkpt lat="31.215744471227563" lon="121.34597006837505">
        <ele>5.0</ele>
        <time>2026-09-19T11:42:25Z</time>
        <extensions>
          <gpxtpx:TrackPointExtension>
            <gpxtpx:hr>160</gpxtpx:hr>
          </gpxtpx:TrackPointExtension>
        </extensions>
      </trkpt>
      <trkpt lat="31.21584946238793" lon="121.34594610798864">
        <ele>5.199999809265137</ele>
        <time>2026-09-19T11:42:29Z</time>
        <extensions>
          <gpxtpx:TrackPointExtension>
            <gpxtpx:hr>161</gpxtpx:hr>
          </gpxtpx:TrackPointExtension>
        </extensions>
      </trkpt>
      <trkpt lat="31.21594746892816" lon="121.34591516242746">
        <ele>5.800000190734863</ele>
        <time>2026-09-19T11:42:33Z</time>
        <extensions>
          <gpxtpx:TrackPointExtension>
            <gpxtpx:hr>162</gpxtpx:hr>
          </gpxtpx:TrackPointExtension>
        </extensions>
      </trkpt>
      <trkpt lat="31.216051476071573" lon="121.3458822204288">
        <ele>5.199999809265137</ele>
        <time>2026-09-19T11:42:37Z</time>
        <extensions>
          <gpxtpx:TrackPointExtension>
            <gpxtpx:hr>164</gpxtpx:hr>
          </gpxtpx:TrackPointExtension>
        </extensions>
      </trkpt>
      <trkpt lat="31.21616250569578" lon="121.34583430831769">
        <ele>4.599999904632568</ele>
        <time>2026-09-19T11:42:41Z</time>
        <extensions>
          <gpxtpx:TrackPointExtension>
            <gpxtpx:hr>165</gpxtpx:hr>
          </gpxtpx:TrackPointExtension>
        </extensions>
      </trkpt>
      <trkpt lat="31.216281509200922" lon="121.34579936914321">
        <ele>4.199999809265137</ele>
        <time>2026-09-19T11:42:45Z</time>
        <extensions>
          <gpxtpx:TrackPointExtension>
            <gpxtpx:hr>164</gpxtpx:hr>
          </gpxtpx:TrackPointExtension>
        </extensions>
      </trkpt>
      <trkpt lat="31.21641347214377" lon="121.34578438821598">
        <ele>3.799999952316284</ele>
        <time>2026-09-19T11:42:49Z</time>
        <extensions>
          <gpxtpx:TrackPointExtension>
            <gpxtpx:hr>163</gpxtpx:hr>
          </gpxtpx:TrackPointExtension>
        </extensions>
      </trkpt>
      <trkpt lat="31.216496382751306" lon="121.34581332210536">
        <ele>3.5999999046325684</ele>
        <time>2026-09-19T11:42:53Z</time>
        <extensions>
          <gpxtpx:TrackPointExtension>
            <gpxtpx:hr>162</gpxtpx:hr>
          </gpxtpx:TrackPointExtension>
        </extensions>
      </trkpt>
      <trkpt lat="31.216642297779718" lon="121.34582229119562">
        <ele>3.4000000953674316</ele>
        <time>2026-09-19T11:42:57Z</time>
        <extensions>
          <gpxtpx:TrackPointExtension>
            <gpxtpx:hr>161</gpxtpx:hr>
          </gpxtpx:TrackPointExtension>
        </extensions>
      </trkpt>
      <trkpt lat="31.21674635836874" lon="121.34575841227756">
        <ele>3.4000000953674316</ele>
        <time>2026-09-19T11:43:01Z</time>
        <extensions>
          <gpxtpx:TrackPointExtension>
            <gpxtpx:hr>160</gpxtpx:hr>
          </gpxtpx:TrackPointExtension>
        </extensions>
      </trkpt>
      <trkpt lat="31.21684440984122" lon="121.34570151972419">
        <ele>3.200000047683716</ele>
        <time>2026-09-19T11:43:05Z</time>
        <extensions>
          <gpxtpx:TrackPointExtension>
            <gpxtpx:hr>160</gpxtpx:hr>
          </gpxtpx:TrackPointExtension>
        </extensions>
      </trkpt>
      <trkpt lat="31.216923525546374" lon="121.34561269402772">
        <ele>3.200000047683716</ele>
        <time>2026-09-19T11:43:09Z</time>
        <extensions>
          <gpxtpx:TrackPointExtension>
            <gpxtpx:hr>160</gpxtpx:hr>
          </gpxtpx:TrackPointExtension>
        </extensions>
      </trkpt>
      <trkpt lat="31.217009582884646" lon="121.3455558026865">
        <ele>3.0</ele>
        <time>2026-09-19T11:43:13Z</time>
        <extensions>
          <gpxtpx:TrackPointExtension>
            <gpxtpx:hr>159</gpxtpx:hr>
          </gpxtpx:TrackPointExtension>
        </extensions>
      </trkpt>
      <trkpt lat="31.217094658012" lon="121.34548893188591">
        <ele>3.200000047683716</ele>
        <time>2026-09-19T11:43:17Z</time>
        <extensions>
          <gpxtpx:TrackPointExtension>
            <gpxtpx:hr>159</gpxtpx:hr>
          </gpxtpx:TrackPointExtension>
        </extensions>
      </trkpt>
      <trkpt lat="31.21718871685909" lon="121.34542904612043">
        <ele>3.200000047683716</ele>
        <time>2026-09-19T11:43:21Z</time>
        <extensions>
          <gpxtpx:TrackPointExtension>
            <gpxtpx:hr>160</gpxtpx:hr>
          </gpxtpx:TrackPointExtension>
        </extensions>
      </trkpt>
      <trkpt lat="31.217289756902908" lon="121.34537814145445">
        <ele>3.200000047683716</ele>
        <time>2026-09-19T11:43:25Z</time>
        <extensions>
          <gpxtpx:TrackPointExtension>
            <gpxtpx:hr>160</gpxtpx:hr>
          </gpxtpx:TrackPointExtension>
        </extensions>
      </trkpt>
      <trkpt lat="31.21738479466772" lon="121.345330231235">
        <ele>3.200000047683716</ele>
        <time>2026-09-19T11:43:29Z</time>
        <extensions>
          <gpxtpx:TrackPointExtension>
            <gpxtpx:hr>160</gpxtpx:hr>
          </gpxtpx:TrackPointExtension>
        </extensions>
      </trkpt>
      <trkpt lat="31.217476858109272" lon="121.34526834992698">
        <ele>3.4000000953674316</ele>
        <time>2026-09-19T11:43:33Z</time>
        <extensions>
          <gpxtpx:TrackPointExtension>
            <gpxtpx:hr>159</gpxtpx:hr>
          </gpxtpx:TrackPointExtension>
        </extensions>
      </trkpt>
      <trkpt lat="31.21753988869767" lon="121.34523341600907">
        <ele>3.5999999046325684</ele>
        <time>2026-09-19T11:43:37Z</time>
        <extensions>
          <gpxtpx:TrackPointExtension>
            <gpxtpx:hr>159</gpxtpx:hr>
          </gpxtpx:TrackPointExtension>
        </extensions>
      </trkpt>
      <trkpt lat="31.21766496946137" lon="121.34515257083687">
        <ele>3.200000047683716</ele>
        <time>2026-09-19T11:43:41Z</time>
        <extensions>
          <gpxtpx:TrackPointExtension>
            <gpxtpx:hr>159</gpxtpx:hr>
          </gpxtpx:TrackPointExtension>
        </extensions>
      </trkpt>
      <trkpt lat="31.217772975291886" lon="121.34511962901955">
        <ele>3.200000047683716</ele>
        <time>2026-09-19T11:43:45Z</time>
        <extensions>
          <gpxtpx:TrackPointExtension>
            <gpxtpx:hr>159</gpxtpx:hr>
          </gpxtpx:TrackPointExtension>
        </extensions>
      </trkpt>
      <trkpt lat="31.21787698824657" lon="121.34508369371166">
        <ele>3.200000047683716</ele>
        <time>2026-09-19T11:43:49Z</time>
        <extensions>
          <gpxtpx:TrackPointExtension>
            <gpxtpx:hr>158</gpxtpx:hr>
          </gpxtpx:TrackPointExtension>
        </extensions>
      </trkpt>
      <trkpt lat="31.217987914758307" lon="121.34509565955187">
        <ele>3.4000000953674316</ele>
        <time>2026-09-19T11:43:53Z</time>
        <extensions>
          <gpxtpx:TrackPointExtension>
            <gpxtpx:hr>156</gpxtpx:hr>
          </gpxtpx:TrackPointExtension>
        </extensions>
      </trkpt>
      <trkpt lat="31.21812385539423" lon="121.34509265393544">
        <ele>3.4000000953674316</ele>
        <time>2026-09-19T11:43:57Z</time>
        <extensions>
          <gpxtpx:TrackPointExtension>
            <gpxtpx:hr>156</gpxtpx:hr>
          </gpxtpx:TrackPointExtension>
        </extensions>
      </trkpt>
      <trkpt lat="31.218233855154697" lon="121.34506270584328">
        <ele>3.4000000953674316</ele>
        <time>2026-09-19T11:44:01Z</time>
        <extensions>
          <gpxtpx:TrackPointExtension>
            <gpxtpx:hr>156</gpxtpx:hr>
          </gpxtpx:TrackPointExtension>
        </extensions>
      </trkpt>
      <trkpt lat="31.218344871796837" lon="121.34502277816581">
        <ele>3.4000000953674316</ele>
        <time>2026-09-19T11:44:05Z</time>
        <extensions>
          <gpxtpx:TrackPointExtension>
            <gpxtpx:hr>156</gpxtpx:hr>
          </gpxtpx:TrackPointExtension>
        </extensions>
      </trkpt>
      <trkpt lat="31.218446884076993" lon="121.3449878410535">
        <ele>3.4000000953674316</ele>
        <time>2026-09-19T11:44:09Z</time>
        <extensions>
          <gpxtpx:TrackPointExtension>
            <gpxtpx:hr>156</gpxtpx:hr>
          </gpxtpx:TrackPointExtension>
        </extensions>
      </trkpt>
      <trkpt lat="31.218542899232386" lon="121.3449529044849">
        <ele>3.4000000953674316</ele>
        <time>2026-09-19T11:44:13Z</time>
        <extensions>
          <gpxtpx:TrackPointExtension>
            <gpxtpx:hr>156</gpxtpx:hr>
          </gpxtpx:TrackPointExtension>
        </extensions>
      </trkpt>
      <trkpt lat="31.218642931604258" lon="121.34490699015238">
        <ele>3.4000000953674316</ele>
        <time>2026-09-19T11:44:17Z</time>
        <extensions>
          <gpxtpx:TrackPointExtension>
            <gpxtpx:hr>156</gpxtpx:hr>
          </gpxtpx:TrackPointExtension>
        </extensions>
      </trkpt>
      <trkpt lat="31.218750951548355" lon="121.34486606491328">
        <ele>3.4000000953674316</ele>
        <time>2026-09-19T11:44:21Z</time>
        <extensions>
          <gpxtpx:TrackPointExtension>
            <gpxtpx:hr>156</gpxtpx:hr>
          </gpxtpx:TrackPointExtension>
        </extensions>
      </trkpt>
      <trkpt lat="31.218855983371522" lon="121.34481915228244">
        <ele>3.5999999046325684</ele>
        <time>2026-09-19T11:44:25Z</time>
        <extensions>
          <gpxtpx:TrackPointExtension>
            <gpxtpx:hr>157</gpxtpx:hr>
          </gpxtpx:TrackPointExtension>
        </extensions>
      </trkpt>
      <trkpt lat="31.218959026613007" lon="121.3447662521905">
        <ele>3.799999952316284</ele>
        <time>2026-09-19T11:44:29Z</time>
        <extensions>
          <gpxtpx:TrackPointExtension>
            <gpxtpx:hr>156</gpxtpx:hr>
          </gpxtpx:TrackPointExtension>
        </extensions>
      </trkpt>
      <trkpt lat="31.219058089189303" lon="121.34470337304876">
        <ele>4.400000095367432</ele>
        <time>2026-09-19T11:44:33Z</time>
        <extensions>
          <gpxtpx:TrackPointExtension>
            <gpxtpx:hr>156</gpxtpx:hr>
          </gpxtpx:TrackPointExtension>
        </extensions>
      </trkpt>
      <trkpt lat="31.219151147724364" lon="121.34464448628133">
        <ele>4.599999904632568</ele>
        <time>2026-09-19T11:44:37Z</time>
        <extensions>
          <gpxtpx:TrackPointExtension>
            <gpxtpx:hr>157</gpxtpx:hr>
          </gpxtpx:TrackPointExtension>
        </extensions>
      </trkpt>
      <trkpt lat="31.219234230206393" lon="121.34457462307905">
        <ele>4.400000095367432</ele>
        <time>2026-09-19T11:44:41Z</time>
        <extensions>
          <gpxtpx:TrackPointExtension>
            <gpxtpx:hr>157</gpxtpx:hr>
          </gpxtpx:TrackPointExtension>
        </extensions>
      </trkpt>
      <trkpt lat="31.219347281150768" lon="121.34451473679424">
        <ele>4.199999809265137</ele>
        <time>2026-09-19T11:44:45Z</time>
        <extensions>
          <gpxtpx:TrackPointExtension>
            <gpxtpx:hr>157</gpxtpx:hr>
          </gpxtpx:TrackPointExtension>
        </extensions>
      </trkpt>
      <trkpt lat="31.219468291787692" lon="121.3444758066375">
        <ele>3.799999952316284</ele>
        <time>2026-09-19T11:44:49Z</time>
        <extensions>
          <gpxtpx:TrackPointExtension>
            <gpxtpx:hr>156</gpxtpx:hr>
          </gpxtpx:TrackPointExtension>
        </extensions>
      </trkpt>
      <trkpt lat="31.21956734599336" lon="121.34441791756039">
        <ele>3.4000000953674316</ele>
        <time>2026-09-19T11:44:53Z</time>
        <extensions>
          <gpxtpx:TrackPointExtension>
            <gpxtpx:hr>157</gpxtpx:hr>
          </gpxtpx:TrackPointExtension>
        </extensions>
      </trkpt>
      <trkpt lat="31.21966241436467" lon="121.34435304332865">
        <ele>3.0</ele>
        <time>2026-09-19T11:44:57Z</time>
        <extensions>
          <gpxtpx:TrackPointExtension>
            <gpxtpx:hr>158</gpxtpx:hr>
          </gpxtpx:TrackPointExtension>
        </extensions>
      </trkpt>
      <trkpt lat="31.219767476335164" lon="121.34428916625328">
        <ele>2.5999999046325684</ele>
        <time>2026-09-19T11:45:01Z</time>
        <extensions>
          <gpxtpx:TrackPointExtension>
            <gpxtpx:hr>157</gpxtpx:hr>
          </gpxtpx:TrackPointExtension>
        </extensions>
      </trkpt>
      <trkpt lat="31.219861534854843" lon="121.34423027988798">
        <ele>2.200000047683716</ele>
        <time>2026-09-19T11:45:05Z</time>
        <extensions>
          <gpxtpx:TrackPointExtension>
            <gpxtpx:hr>157</gpxtpx:hr>
          </gpxtpx:TrackPointExtension>
        </extensions>
      </trkpt>
      <trkpt lat="31.219951583101054" lon="121.34417837947937">
        <ele>1.7999999523162842</ele>
        <time>2026-09-19T11:45:09Z</time>
        <extensions>
          <gpxtpx:TrackPointExtension>
            <gpxtpx:hr>157</gpxtpx:hr>
          </gpxtpx:TrackPointExtension>
        </extensions>
      </trkpt>
      <trkpt lat="31.220026608781065" lon="121.34414344529539">
        <ele>1.399999976158142</ele>
        <time>2026-09-19T11:45:13Z</time>
        <extensions>
          <gpxtpx:TrackPointExtension>
            <gpxtpx:hr>157</gpxtpx:hr>
          </gpxtpx:TrackPointExtension>
        </extensions>
      </trkpt>
      <trkpt lat="31.220123583878312" lon="121.3441314617049">
        <ele>0.800000011920929</ele>
        <time>2026-09-19T11:45:17Z</time>
        <extensions>
          <gpxtpx:TrackPointExtension>
            <gpxtpx:hr>157</gpxtpx:hr>
          </gpxtpx:TrackPointExtension>
        </extensions>
      </trkpt>
      <trkpt lat="31.220207594850823" lon="121.34410251437413">
        <ele>0.20000000298023224</ele>
        <time>2026-09-19T11:45:21Z</time>
        <extensions>
          <gpxtpx:TrackPointExtension>
            <gpxtpx:hr>156</gpxtpx:hr>
          </gpxtpx:TrackPointExtension>
        </extensions>
      </trkpt>
      <trkpt lat="31.220301581880598" lon="121.34408454345538">
        <ele>-0.20000000298023224</ele>
        <time>2026-09-19T11:45:25Z</time>
        <extensions>
          <gpxtpx:TrackPointExtension>
            <gpxtpx:hr>155</gpxtpx:hr>
          </gpxtpx:TrackPointExtension>
        </extensions>
      </trkpt>
      <trkpt lat="31.220406628442063" lon="121.34402964810441">
        <ele>-0.4000000059604645</ele>
        <time>2026-09-19T11:45:29Z</time>
        <extensions>
          <gpxtpx:TrackPointExtension>
            <gpxtpx:hr>154</gpxtpx:hr>
          </gpxtpx:TrackPointExtension>
        </extensions>
      </trkpt>
      <trkpt lat="31.220590565983233" lon="121.34401566115822">
        <ele>-0.800000011920929</ele>
        <time>2026-09-19T11:45:33Z</time>
        <extensions>
          <gpxtpx:TrackPointExtension>
            <gpxtpx:hr>154</gpxtpx:hr>
          </gpxtpx:TrackPointExtension>
        </extensions>
      </trkpt>
      <trkpt lat="31.22068354479262" lon="121.34400268001254">
        <ele>-0.800000011920929</ele>
        <time>2026-09-19T11:45:37Z</time>
        <extensions>
          <gpxtpx:TrackPointExtension>
            <gpxtpx:hr>155</gpxtpx:hr>
          </gpxtpx:TrackPointExtension>
        </extensions>
      </trkpt>
      <trkpt lat="31.2212624149599" lon="121.34392079967431">
        <ele>-0.6000000238418579</ele>
        <time>2026-09-19T11:45:57Z</time>
        <extensions>
          <gpxtpx:TrackPointExtension>
            <gpxtpx:hr>154</gpxtpx:hr>
          </gpxtpx:TrackPointExtension>
        </extensions>
      </trkpt>
      <trkpt lat="31.221430309428122" lon="121.34393575409965">
        <ele>-0.20000000298023224</ele>
        <time>2026-09-19T11:46:01Z</time>
        <extensions>
          <gpxtpx:TrackPointExtension>
            <gpxtpx:hr>155</gpxtpx:hr>
          </gpxtpx:TrackPointExtension>
        </extensions>
      </trkpt>
      <trkpt lat="31.22154031533061" lon="121.34390281291613">
        <ele>-0.20000000298023224</ele>
        <time>2026-09-19T11:46:05Z</time>
        <extensions>
          <gpxtpx:TrackPointExtension>
            <gpxtpx:hr>158</gpxtpx:hr>
          </gpxtpx:TrackPointExtension>
        </extensions>
      </trkpt>
      <trkpt lat="31.221639361491025" lon="121.34384991413638">
        <ele>0.20000000298023224</ele>
        <time>2026-09-19T11:46:09Z</time>
        <extensions>
          <gpxtpx:TrackPointExtension>
            <gpxtpx:hr>157</gpxtpx:hr>
          </gpxtpx:TrackPointExtension>
        </extensions>
      </trkpt>
      <trkpt lat="31.221737409929286" lon="121.34379601757044">
        <ele>0.800000011920929</ele>
        <time>2026-09-19T11:46:13Z</time>
        <extensions>
          <gpxtpx:TrackPointExtension>
            <gpxtpx:hr>157</gpxtpx:hr>
          </gpxtpx:TrackPointExtension>
        </extensions>
      </trkpt>
      <trkpt lat="31.22182446185353" lon="121.34374311993787">
        <ele>1.2000000476837158</ele>
        <time>2026-09-19T11:46:17Z</time>
        <extensions>
          <gpxtpx:TrackPointExtension>
            <gpxtpx:hr>156</gpxtpx:hr>
          </gpxtpx:TrackPointExtension>
        </extensions>
      </trkpt>
      <trkpt lat="31.221924502437254" lon="121.34369321501143">
        <ele>1.600000023841858</ele>
        <time>2026-09-19T11:46:21Z</time>
        <extensions>
          <gpxtpx:TrackPointExtension>
            <gpxtpx:hr>157</gpxtpx:hr>
          </gpxtpx:TrackPointExtension>
        </extensions>
      </trkpt>
      <trkpt lat="31.222022547522798" lon="121.34364131445764">
        <ele>2.0</ele>
        <time>2026-09-19T11:46:25Z</time>
        <extensions>
          <gpxtpx:TrackPointExtension>
            <gpxtpx:hr>157</gpxtpx:hr>
          </gpxtpx:TrackPointExtension>
        </extensions>
      </trkpt>
      <trkpt lat="31.22210760932296" lon="121.34358342754065">
        <ele>2.5999999046325684</ele>
        <time>2026-09-19T11:46:29Z</time>
        <extensions>
          <gpxtpx:TrackPointExtension>
            <gpxtpx:hr>158</gpxtpx:hr>
          </gpxtpx:TrackPointExtension>
        </extensions>
      </trkpt>
      <trkpt lat="31.22220465849983" lon="121.34352953133904">
        <ele>2.799999952316284</ele>
        <time>2026-09-19T11:46:33Z</time>
        <extensions>
          <gpxtpx:TrackPointExtension>
            <gpxtpx:hr>156</gpxtpx:hr>
          </gpxtpx:TrackPointExtension>
        </extensions>
      </trkpt>
      <trkpt lat="31.222295712314672" lon="121.34347463779078">
        <ele>3.0</ele>
        <time>2026-09-19T11:46:37Z</time>
        <extensions>
          <gpxtpx:TrackPointExtension>
            <gpxtpx:hr>156</gpxtpx:hr>
          </gpxtpx:TrackPointExtension>
        </extensions>
      </trkpt>
      <trkpt lat="31.22238977180767" lon="121.34341575236132">
        <ele>3.200000047683716</ele>
        <time>2026-09-19T11:46:41Z</time>
        <extensions>
          <gpxtpx:TrackPointExtension>
            <gpxtpx:hr>155</gpxtpx:hr>
          </gpxtpx:TrackPointExtension>
        </extensions>
      </trkpt>
      <trkpt lat="31.222493819614375" lon="121.34336085780903">
        <ele>3.200000047683716</ele>
        <time>2026-09-19T11:46:45Z</time>
        <extensions>
          <gpxtpx:TrackPointExtension>
            <gpxtpx:hr>156</gpxtpx:hr>
          </gpxtpx:TrackPointExtension>
        </extensions>
      </trkpt>
      <trkpt lat="31.222591870301848" lon="121.34330596383269">
        <ele>3.200000047683716</ele>
        <time>2026-09-19T11:46:49Z</time>
        <extensions>
          <gpxtpx:TrackPointExtension>
            <gpxtpx:hr>156</gpxtpx:hr>
          </gpxtpx:TrackPointExtension>
        </extensions>
      </trkpt>
      <trkpt lat="31.222687914939232" lon="121.34325506175362">
        <ele>3.200000047683716</ele>
        <time>2026-09-19T11:46:53Z</time>
        <extensions>
          <gpxtpx:TrackPointExtension>
            <gpxtpx:hr>156</gpxtpx:hr>
          </gpxtpx:TrackPointExtension>
        </extensions>
      </trkpt>
      <trkpt lat="31.222783957862475" lon="121.34320515763957">
        <ele>3.200000047683716</ele>
        <time>2026-09-19T11:46:57Z</time>
        <extensions>
          <gpxtpx:TrackPointExtension>
            <gpxtpx:hr>156</gpxtpx:hr>
          </gpxtpx:TrackPointExtension>
        </extensions>
      </trkpt>
      <trkpt lat="31.222889962630404" lon="121.34317421309566">
        <ele>3.200000047683716</ele>
        <time>2026-09-19T11:47:01Z</time>
        <extensions>
          <gpxtpx:TrackPointExtension>
            <gpxtpx:hr>155</gpxtpx:hr>
          </gpxtpx:TrackPointExtension>
        </extensions>
      </trkpt>
      <trkpt lat="31.222995949790356" lon="121.34315324771796">
        <ele>3.200000047683716</ele>
        <time>2026-09-19T11:47:05Z</time>
        <extensions>
          <gpxtpx:TrackPointExtension>
            <gpxtpx:hr>154</gpxtpx:hr>
          </gpxtpx:TrackPointExtension>
        </extensions>
      </trkpt>
      <trkpt lat="31.223108940729315" lon="121.34312829008576">
        <ele>3.5999999046325684</ele>
        <time>2026-09-19T11:47:09Z</time>
        <extensions>
          <gpxtpx:TrackPointExtension>
            <gpxtpx:hr>153</gpxtpx:hr>
          </gpxtpx:TrackPointExtension>
        </extensions>
      </trkpt>
      <trkpt lat="31.223210933333146" lon="121.34310532924393">
        <ele>3.799999952316284</ele>
        <time>2026-09-19T11:47:13Z</time>
        <extensions>
          <gpxtpx:TrackPointExtension>
            <gpxtpx:hr>152</gpxtpx:hr>
          </gpxtpx:TrackPointExtension>
        </extensions>
      </trkpt>
      <trkpt lat="31.22331493560007" lon="121.34307638075815">
        <ele>4.199999809265137</ele>
        <time>2026-09-19T11:47:17Z</time>
        <extensions>
          <gpxtpx:TrackPointExtension>
            <gpxtpx:hr>154</gpxtpx:hr>
          </gpxtpx:TrackPointExtension>
        </extensions>
      </trkpt>
      <trkpt lat="31.223424935069506" lon="121.34304743176966">
        <ele>4.599999904632568</ele>
        <time>2026-09-19T11:47:21Z</time>
        <extensions>
          <gpxtpx:TrackPointExtension>
            <gpxtpx:hr>158</gpxtpx:hr>
          </gpxtpx:TrackPointExtension>
        </extensions>
      </trkpt>
      <trkpt lat="31.223524932200522" lon="121.34302247531076">
        <ele>4.800000190734863</ele>
        <time>2026-09-19T11:47:25Z</time>
        <extensions>
          <gpxtpx:TrackPointExtension>
            <gpxtpx:hr>160</gpxtpx:hr>
          </gpxtpx:TrackPointExtension>
        </extensions>
      </trkpt>
      <trkpt lat="31.223633925121696" lon="121.34299751808581">
        <ele>5.199999809265137</ele>
        <time>2026-09-19T11:47:29Z</time>
        <extensions>
          <gpxtpx:TrackPointExtension>
            <gpxtpx:hr>160</gpxtpx:hr>
          </gpxtpx:TrackPointExtension>
        </extensions>
      </trkpt>
      <trkpt lat="31.223740919002335" lon="121.3429725610454">
        <ele>5.599999904632568</ele>
        <time>2026-09-19T11:47:33Z</time>
        <extensions>
          <gpxtpx:TrackPointExtension>
            <gpxtpx:hr>160</gpxtpx:hr>
          </gpxtpx:TrackPointExtension>
        </extensions>
      </trkpt>
      <trkpt lat="31.223843905949586" lon="121.34295259391779">
        <ele>5.800000190734863</ele>
        <time>2026-09-19T11:47:37Z</time>
        <extensions>
          <gpxtpx:TrackPointExtension>
            <gpxtpx:hr>159</gpxtpx:hr>
          </gpxtpx:TrackPointExtension>
        </extensions>
      </trkpt>
      <trkpt lat="31.223946877013876" lon="121.34294160799526">
        <ele>6.199999809265137</ele>
        <time>2026-09-19T11:47:41Z</time>
        <extensions>
          <gpxtpx:TrackPointExtension>
            <gpxtpx:hr>160</gpxtpx:hr>
          </gpxtpx:TrackPointExtension>
        </extensions>
      </trkpt>
      <trkpt lat="31.22404583406841" lon="121.3429396036179">
        <ele>6.400000095367432</ele>
        <time>2026-09-19T11:47:45Z</time>
        <extensions>
          <gpxtpx:TrackPointExtension>
            <gpxtpx:hr>159</gpxtpx:hr>
          </gpxtpx:TrackPointExtension>
        </extensions>
      </trkpt>
      <trkpt lat="31.224145765933017" lon="121.34295156990788">
        <ele>6.800000190734863</ele>
        <time>2026-09-19T11:47:49Z</time>
        <extensions>
          <gpxtpx:TrackPointExtension>
            <gpxtpx:hr>159</gpxtpx:hr>
          </gpxtpx:TrackPointExtension>
        </extensions>
      </trkpt>
      <trkpt lat="31.224237676838953" lon="121.34297750765221">
        <ele>7.199999809265137</ele>
        <time>2026-09-19T11:47:53Z</time>
        <extensions>
          <gpxtpx:TrackPointExtension>
            <gpxtpx:hr>159</gpxtpx:hr>
          </gpxtpx:TrackPointExtension>
        </extensions>
      </trkpt>
      <trkpt lat="31.22435354119592" lon="121.34302340157996">
        <ele>7.599999904632568</ele>
        <time>2026-09-19T11:47:57Z</time>
        <extensions>
          <gpxtpx:TrackPointExtension>
            <gpxtpx:hr>159</gpxtpx:hr>
          </gpxtpx:TrackPointExtension>
        </extensions>
      </trkpt>
      <trkpt lat="31.224462400058314" lon="121.34307428571846">
        <ele>8.199999809265137</ele>
        <time>2026-09-19T11:48:01Z</time>
        <extensions>
          <gpxtpx:TrackPointExtension>
            <gpxtpx:hr>160</gpxtpx:hr>
          </gpxtpx:TrackPointExtension>
        </extensions>
      </trkpt>
      <trkpt lat="31.22456327859599" lon="121.3431161893683">
        <ele>8.399999618530273</ele>
        <time>2026-09-19T11:48:05Z</time>
        <extensions>
          <gpxtpx:TrackPointExtension>
            <gpxtpx:hr>160</gpxtpx:hr>
          </gpxtpx:TrackPointExtension>
        </extensions>
      </trkpt>
      <trkpt lat="31.224656160920844" lon="121.34315809374232">
        <ele>8.800000190734863</ele>
        <time>2026-09-19T11:48:09Z</time>
        <extensions>
          <gpxtpx:TrackPointExtension>
            <gpxtpx:hr>160</gpxtpx:hr>
          </gpxtpx:TrackPointExtension>
        </extensions>
      </trkpt>
      <trkpt lat="31.22475906326851" lon="121.34318602646637">
        <ele>9.199999809265137</ele>
        <time>2026-09-19T11:48:13Z</time>
        <extensions>
          <gpxtpx:TrackPointExtension>
            <gpxtpx:hr>160</gpxtpx:hr>
          </gpxtpx:TrackPointExtension>
        </extensions>
      </trkpt>
      <trkpt lat="31.224862979267492" lon="121.34320597579112">
        <ele>9.600000381469727</ele>
        <time>2026-09-19T11:48:17Z</time>
        <extensions>
          <gpxtpx:TrackPointExtension>
            <gpxtpx:hr>161</gpxtpx:hr>
          </gpxtpx:TrackPointExtension>
        </extensions>
      </trkpt>
      <trkpt lat="31.224962932401212" lon="121.34320596714826">
        <ele>10.0</ele>
        <time>2026-09-19T11:48:21Z</time>
        <extensions>
          <gpxtpx:TrackPointExtension>
            <gpxtpx:hr>160</gpxtpx:hr>
          </gpxtpx:TrackPointExtension>
        </extensions>
      </trkpt>
      <trkpt lat="31.22505691302984" lon="121.34319198820394">
        <ele>10.600000381469727</ele>
        <time>2026-09-19T11:48:25Z</time>
        <extensions>
          <gpxtpx:TrackPointExtension>
            <gpxtpx:hr>160</gpxtpx:hr>
          </gpxtpx:TrackPointExtension>
        </extensions>
      </trkpt>
      <trkpt lat="31.225156903198698" lon="121.34317102333797">
        <ele>10.800000190734863</ele>
        <time>2026-09-19T11:48:29Z</time>
        <extensions>
          <gpxtpx:TrackPointExtension>
            <gpxtpx:hr>160</gpxtpx:hr>
          </gpxtpx:TrackPointExtension>
        </extensions>
      </trkpt>
      <trkpt lat="31.225268894816107" lon="121.34314606578417">
        <ele>11.199999809265137</ele>
        <time>2026-09-19T11:48:33Z</time>
        <extensions>
          <gpxtpx:TrackPointExtension>
            <gpxtpx:hr>160</gpxtpx:hr>
          </gpxtpx:TrackPointExtension>
        </extensions>
      </trkpt>
      <trkpt lat="31.22536985986122" lon="121.34313907165235">
        <ele>11.199999809265137</ele>
        <time>2026-09-19T11:48:37Z</time>
        <extensions>
          <gpxtpx:TrackPointExtension>
            <gpxtpx:hr>160</gpxtpx:hr>
          </gpxtpx:TrackPointExtension>
        </extensions>
      </trkpt>
      <trkpt lat="31.225420855379753" lon="121.34312809018522">
        <ele>11.600000381469727</ele>
        <time>2026-09-19T11:48:41Z</time>
        <extensions>
          <gpxtpx:TrackPointExtension>
            <gpxtpx:hr>160</gpxtpx:hr>
          </gpxtpx:TrackPointExtension>
        </extensions>
      </trkpt>
      <trkpt lat="31.225560863922784" lon="121.34308616569804">
        <ele>11.600000381469727</ele>
        <time>2026-09-19T11:48:45Z</time>
        <extensions>
          <gpxtpx:TrackPointExtension>
            <gpxtpx:hr>160</gpxtpx:hr>
          </gpxtpx:TrackPointExtension>
        </extensions>
      </trkpt>
      <trkpt lat="31.225666860185623" lon="121.34306021078974">
        <ele>11.800000190734863</ele>
        <time>2026-09-19T11:48:49Z</time>
        <extensions>
          <gpxtpx:TrackPointExtension>
            <gpxtpx:hr>159</gpxtpx:hr>
          </gpxtpx:TrackPointExtension>
        </extensions>
      </trkpt>
      <trkpt lat="31.225780850960668" lon="121.34303525311536">
        <ele>11.199999809265137</ele>
        <time>2026-09-19T11:48:53Z</time>
        <extensions>
          <gpxtpx:TrackPointExtension>
            <gpxtpx:hr>159</gpxtpx:hr>
          </gpxtpx:TrackPointExtension>
        </extensions>
      </trkpt>
      <trkpt lat="31.22588884985979" lon="121.34300730223484">
        <ele>10.800000190734863</ele>
        <time>2026-09-19T11:48:57Z</time>
        <extensions>
          <gpxtpx:TrackPointExtension>
            <gpxtpx:hr>159</gpxtpx:hr>
          </gpxtpx:TrackPointExtension>
        </extensions>
      </trkpt>
      <trkpt lat="31.22600384550742" lon="121.34297935076403">
        <ele>10.199999809265137</ele>
        <time>2026-09-19T11:49:01Z</time>
        <extensions>
          <gpxtpx:TrackPointExtension>
            <gpxtpx:hr>157</gpxtpx:hr>
          </gpxtpx:TrackPointExtension>
        </extensions>
      </trkpt>
      <trkpt lat="31.22612383000967" lon="121.3429563884313">
        <ele>9.600000381469727</ele>
        <time>2026-09-19T11:49:05Z</time>
        <extensions>
          <gpxtpx:TrackPointExtension>
            <gpxtpx:hr>156</gpxtpx:hr>
          </gpxtpx:TrackPointExtension>
        </extensions>
      </trkpt>
      <trkpt lat="31.22624581713101" lon="121.34293143011418">
        <ele>9.0</ele>
        <time>2026-09-19T11:49:09Z</time>
        <extensions>
          <gpxtpx:TrackPointExtension>
            <gpxtpx:hr>155</gpxtpx:hr>
          </gpxtpx:TrackPointExtension>
        </extensions>
      </trkpt>
      <trkpt lat="31.22635682001823" lon="121.34290048529844">
        <ele>8.600000381469727</ele>
        <time>2026-09-19T11:49:13Z</time>
        <extensions>
          <gpxtpx:TrackPointExtension>
            <gpxtpx:hr>154</gpxtpx:hr>
          </gpxtpx:TrackPointExtension>
        </extensions>
      </trkpt>
      <trkpt lat="31.226464815495447" lon="121.3428745303078">
        <ele>8.199999809265137</ele>
        <time>2026-09-19T11:49:17Z</time>
        <extensions>
          <gpxtpx:TrackPointExtension>
            <gpxtpx:hr>153</gpxtpx:hr>
          </gpxtpx:TrackPointExtension>
        </extensions>
      </trkpt>
      <trkpt lat="31.226579811258784" lon="121.34284657890649">
        <ele>8.0</ele>
        <time>2026-09-19T11:49:21Z</time>
        <extensions>
          <gpxtpx:TrackPointExtension>
            <gpxtpx:hr>153</gpxtpx:hr>
          </gpxtpx:TrackPointExtension>
        </extensions>
      </trkpt>
      <trkpt lat="31.226670798805507" lon="121.34282960658959">
        <ele>7.599999904632568</ele>
        <time>2026-09-19T11:49:25Z</time>
        <extensions>
          <gpxtpx:TrackPointExtension>
            <gpxtpx:hr>152</gpxtpx:hr>
          </gpxtpx:TrackPointExtension>
        </extensions>
      </trkpt>
      <trkpt lat="31.226816799587727" lon="121.34279067554262">
        <ele>7.199999809265137</ele>
        <time>2026-09-19T11:49:29Z</time>
        <extensions>
          <gpxtpx:TrackPointExtension>
            <gpxtpx:hr>152</gpxtpx:hr>
          </gpxtpx:TrackPointExtension>
        </extensions>
      </trkpt>
      <trkpt lat="31.22692280316286" lon="121.34276072914776">
        <ele>6.599999904632568</ele>
        <time>2026-09-19T11:49:33Z</time>
        <extensions>
          <gpxtpx:TrackPointExtension>
            <gpxtpx:hr>151</gpxtpx:hr>
          </gpxtpx:TrackPointExtension>
        </extensions>
      </trkpt>
      <trkpt lat="31.22703580526384" lon="121.3427297842576">
        <ele>6.599999904632568</ele>
        <time>2026-09-19T11:49:37Z</time>
        <extensions>
          <gpxtpx:TrackPointExtension>
            <gpxtpx:hr>152</gpxtpx:hr>
          </gpxtpx:TrackPointExtension>
        </extensions>
      </trkpt>
      <trkpt lat="31.227143815034374" lon="121.3426958460983">
        <ele>6.199999809265137</ele>
        <time>2026-09-19T11:49:41Z</time>
        <extensions>
          <gpxtpx:TrackPointExtension>
            <gpxtpx:hr>151</gpxtpx:hr>
          </gpxtpx:TrackPointExtension>
        </extensions>
      </trkpt>
      <trkpt lat="31.22725981224709" lon="121.34266689679762">
        <ele>5.599999904632568</ele>
        <time>2026-09-19T11:49:45Z</time>
        <extensions>
          <gpxtpx:TrackPointExtension>
            <gpxtpx:hr>150</gpxtpx:hr>
          </gpxtpx:TrackPointExtension>
        </extensions>
      </trkpt>
      <trkpt lat="31.227384796431483" lon="121.34264293626113">
        <ele>5.199999809265137</ele>
        <time>2026-09-19T11:49:49Z</time>
        <extensions>
          <gpxtpx:TrackPointExtension>
            <gpxtpx:hr>150</gpxtpx:hr>
          </gpxtpx:TrackPointExtension>
        </extensions>
      </trkpt>
      <trkpt lat="31.22750176665708" lon="121.34262895547656">
        <ele>5.199999809265137</ele>
        <time>2026-09-19T11:49:53Z</time>
        <extensions>
          <gpxtpx:TrackPointExtension>
            <gpxtpx:hr>150</gpxtpx:hr>
          </gpxtpx:TrackPointExtension>
        </extensions>
      </trkpt>
      <trkpt lat="31.227613751628954" lon="121.34260798979439">
        <ele>4.599999904632568</ele>
        <time>2026-09-19T11:49:57Z</time>
        <extensions>
          <gpxtpx:TrackPointExtension>
            <gpxtpx:hr>150</gpxtpx:hr>
          </gpxtpx:TrackPointExtension>
        </extensions>
      </trkpt>
      <trkpt lat="31.227735749675695" lon="121.34257704421387">
        <ele>4.400000095367432</ele>
        <time>2026-09-19T11:50:01Z</time>
        <extensions>
          <gpxtpx:TrackPointExtension>
            <gpxtpx:hr>150</gpxtpx:hr>
          </gpxtpx:TrackPointExtension>
        </extensions>
      </trkpt>
      <trkpt lat="31.22784373300711" lon="121.342558074705">
        <ele>4.199999809265137</ele>
        <time>2026-09-19T11:50:05Z</time>
        <extensions>
          <gpxtpx:TrackPointExtension>
            <gpxtpx:hr>150</gpxtpx:hr>
          </gpxtpx:TrackPointExtension>
        </extensions>
      </trkpt>
      <trkpt lat="31.227957747238634" lon="121.34252014452224">
        <ele>3.799999952316284</ele>
        <time>2026-09-19T11:50:09Z</time>
        <extensions>
          <gpxtpx:TrackPointExtension>
            <gpxtpx:hr>150</gpxtpx:hr>
          </gpxtpx:TrackPointExtension>
        </extensions>
      </trkpt>
      <trkpt lat="31.228039756904774" lon="121.34249319405885">
        <ele>3.5999999046325684</ele>
        <time>2026-09-19T11:50:13Z</time>
        <extensions>
          <gpxtpx:TrackPointExtension>
            <gpxtpx:hr>151</gpxtpx:hr>
          </gpxtpx:TrackPointExtension>
        </extensions>
      </trkpt>
      <trkpt lat="31.22818280558247" lon="121.34242831807015">
        <ele>3.5999999046325684</ele>
        <time>2026-09-19T11:50:17Z</time>
        <extensions>
          <gpxtpx:TrackPointExtension>
            <gpxtpx:hr>151</gpxtpx:hr>
          </gpxtpx:TrackPointExtension>
        </extensions>
      </trkpt>
      <trkpt lat="31.22829580796511" lon="121.34239737336941">
        <ele>3.4000000953674316</ele>
        <time>2026-09-19T11:50:21Z</time>
        <extensions>
          <gpxtpx:TrackPointExtension>
            <gpxtpx:hr>151</gpxtpx:hr>
          </gpxtpx:TrackPointExtension>
        </extensions>
      </trkpt>
      <trkpt lat="31.228403805601033" lon="121.34237042071955">
        <ele>3.4000000953674316</ele>
        <time>2026-09-19T11:50:25Z</time>
        <extensions>
          <gpxtpx:TrackPointExtension>
            <gpxtpx:hr>150</gpxtpx:hr>
          </gpxtpx:TrackPointExtension>
        </extensions>
      </trkpt>
      <trkpt lat="31.22848778424961" lon="121.3423604344575">
        <ele>3.4000000953674316</ele>
        <time>2026-09-19T11:50:29Z</time>
        <extensions>
          <gpxtpx:TrackPointExtension>
            <gpxtpx:hr>155</gpxtpx:hr>
          </gpxtpx:TrackPointExtension>
        </extensions>
      </trkpt>
      <trkpt lat="31.2286347708726" lon="121.34232948685678">
        <ele>3.4000000953674316</ele>
        <time>2026-09-19T11:50:33Z</time>
        <extensions>
          <gpxtpx:TrackPointExtension>
            <gpxtpx:hr>158</gpxtpx:hr>
          </gpxtpx:TrackPointExtension>
        </extensions>
      </trkpt>
      <trkpt lat="31.228747730725512" lon="121.34232249179439">
        <ele>3.200000047683716</ele>
        <time>2026-09-19T11:50:37Z</time>
        <extensions>
          <gpxtpx:TrackPointExtension>
            <gpxtpx:hr>157</gpxtpx:hr>
          </gpxtpx:TrackPointExtension>
        </extensions>
      </trkpt>
      <trkpt lat="31.228833642780756" lon="121.34234942765497">
        <ele>3.200000047683716</ele>
        <time>2026-09-19T11:50:41Z</time>
        <extensions>
          <gpxtpx:TrackPointExtension>
            <gpxtpx:hr>158</gpxtpx:hr>
          </gpxtpx:TrackPointExtension>
        </extensions>
      </trkpt>
      <trkpt lat="31.228954444527382" lon="121.34242924925343">
        <ele>3.0</ele>
        <time>2026-09-19T11:50:45Z</time>
        <extensions>
          <gpxtpx:TrackPointExtension>
            <gpxtpx:hr>158</gpxtpx:hr>
          </gpxtpx:TrackPointExtension>
        </extensions>
      </trkpt>
      <trkpt lat="31.22905631373057" lon="121.34247614182462">
        <ele>2.799999952316284</ele>
        <time>2026-09-19T11:50:49Z</time>
        <extensions>
          <gpxtpx:TrackPointExtension>
            <gpxtpx:hr>158</gpxtpx:hr>
          </gpxtpx:TrackPointExtension>
        </extensions>
      </trkpt>
      <trkpt lat="31.229170218174225" lon="121.34250008163166">
        <ele>3.0</ele>
        <time>2026-09-19T11:50:53Z</time>
        <extensions>
          <gpxtpx:TrackPointExtension>
            <gpxtpx:hr>158</gpxtpx:hr>
          </gpxtpx:TrackPointExtension>
        </extensions>
      </trkpt>
      <trkpt lat="31.229249160178348" lon="121.34251204963763">
        <ele>3.0</ele>
        <time>2026-09-19T11:50:57Z</time>
        <extensions>
          <gpxtpx:TrackPointExtension>
            <gpxtpx:hr>158</gpxtpx:hr>
          </gpxtpx:TrackPointExtension>
        </extensions>
      </trkpt>
      <trkpt lat="31.229381077562124" lon="121.34252401306553">
        <ele>3.0</ele>
        <time>2026-09-19T11:51:01Z</time>
        <extensions>
          <gpxtpx:TrackPointExtension>
            <gpxtpx:hr>159</gpxtpx:hr>
          </gpxtpx:TrackPointExtension>
        </extensions>
      </trkpt>
      <trkpt lat="31.229497027213377" lon="121.34252200723373">
        <ele>3.0</ele>
        <time>2026-09-19T11:51:05Z</time>
        <extensions>
          <gpxtpx:TrackPointExtension>
            <gpxtpx:hr>158</gpxtpx:hr>
          </gpxtpx:TrackPointExtension>
        </extensions>
      </trkpt>
      <trkpt lat="31.229605063928982" lon="121.34247310067006">
        <ele>3.4000000953674316</ele>
        <time>2026-09-19T11:51:09Z</time>
        <extensions>
          <gpxtpx:TrackPointExtension>
            <gpxtpx:hr>158</gpxtpx:hr>
          </gpxtpx:TrackPointExtension>
        </extensions>
      </trkpt>
      <trkpt lat="31.229685172249468" lon="121.3423912658367">
        <ele>3.4000000953674316</ele>
        <time>2026-09-19T11:51:13Z</time>
        <extensions>
          <gpxtpx:TrackPointExtension>
            <gpxtpx:hr>159</gpxtpx:hr>
          </gpxtpx:TrackPointExtension>
        </extensions>
      </trkpt>
      <trkpt lat="31.229778308383533" lon="121.34229046991933">
        <ele>3.5999999046325684</ele>
        <time>2026-09-19T11:51:17Z</time>
        <extensions>
          <gpxtpx:TrackPointExtension>
            <gpxtpx:hr>159</gpxtpx:hr>
          </gpxtpx:TrackPointExtension>
        </extensions>
      </trkpt>
      <trkpt lat="31.22989634065231" lon="121.34224156269738">
        <ele>3.799999952316284</ele>
        <time>2026-09-19T11:51:21Z</time>
        <extensions>
          <gpxtpx:TrackPointExtension>
            <gpxtpx:hr>160</gpxtpx:hr>
          </gpxtpx:TrackPointExtension>
        </extensions>
      </trkpt>
      <trkpt lat="31.230008338426952" lon="121.3422136118809">
        <ele>4.0</ele>
        <time>2026-09-19T11:51:25Z</time>
        <extensions>
          <gpxtpx:TrackPointExtension>
            <gpxtpx:hr>160</gpxtpx:hr>
          </gpxtpx:TrackPointExtension>
        </extensions>
      </trkpt>
      <trkpt lat="31.230128339623445" lon="121.34218166879928">
        <ele>4.400000095367432</ele>
        <time>2026-09-19T11:51:29Z</time>
        <extensions>
          <gpxtpx:TrackPointExtension>
            <gpxtpx:hr>159</gpxtpx:hr>
          </gpxtpx:TrackPointExtension>
        </extensions>
      </trkpt>
      <trkpt lat="31.2302443320343" lon="121.34215571346024">
        <ele>4.400000095367432</ele>
        <time>2026-09-19T11:51:33Z</time>
        <extensions>
          <gpxtpx:TrackPointExtension>
            <gpxtpx:hr>161</gpxtpx:hr>
          </gpxtpx:TrackPointExtension>
        </extensions>
      </trkpt>
      <trkpt lat="31.23035531255836" lon="121.34213774173402">
        <ele>4.0</ele>
        <time>2026-09-19T11:51:37Z</time>
        <extensions>
          <gpxtpx:TrackPointExtension>
            <gpxtpx:hr>162</gpxtpx:hr>
          </gpxtpx:TrackPointExtension>
        </extensions>
      </trkpt>
      <trkpt lat="31.230445272600473" lon="121.34213673605996">
        <ele>3.5999999046325684</ele>
        <time>2026-09-19T11:51:41Z</time>
        <extensions>
          <gpxtpx:TrackPointExtension>
            <gpxtpx:hr>162</gpxtpx:hr>
          </gpxtpx:TrackPointExtension>
        </extensions>
      </trkpt>
      <trkpt lat="31.230588190296025" lon="121.34214570476738">
        <ele>3.4000000953674316</ele>
        <time>2026-09-19T11:51:45Z</time>
        <extensions>
          <gpxtpx:TrackPointExtension>
            <gpxtpx:hr>163</gpxtpx:hr>
          </gpxtpx:TrackPointExtension>
        </extensions>
      </trkpt>
      <trkpt lat="31.230688113715114" lon="121.34216266036438">
        <ele>3.4000000953674316</ele>
        <time>2026-09-19T11:51:49Z</time>
        <extensions>
          <gpxtpx:TrackPointExtension>
            <gpxtpx:hr>162</gpxtpx:hr>
          </gpxtpx:TrackPointExtension>
        </extensions>
      </trkpt>
      <trkpt lat="31.230792038849543" lon="121.342177619827">
        <ele>3.4000000953674316</ele>
        <time>2026-09-19T11:51:53Z</time>
        <extensions>
          <gpxtpx:TrackPointExtension>
            <gpxtpx:hr>163</gpxtpx:hr>
          </gpxtpx:TrackPointExtension>
        </extensions>
      </trkpt>
      <trkpt lat="31.230914942751898" lon="121.34219956293167">
        <ele>3.200000047683716</ele>
        <time>2026-09-19T11:51:57Z</time>
        <extensions>
          <gpxtpx:TrackPointExtension>
            <gpxtpx:hr>163</gpxtpx:hr>
          </gpxtpx:TrackPointExtension>
        </extensions>
      </trkpt>
      <trkpt lat="31.231026823336848" lon="121.3422374733598">
        <ele>3.200000047683716</ele>
        <time>2026-09-19T11:52:01Z</time>
        <extensions>
          <gpxtpx:TrackPointExtension>
            <gpxtpx:hr>163</gpxtpx:hr>
          </gpxtpx:TrackPointExtension>
        </extensions>
      </trkpt>
      <trkpt lat="31.23111471329181" lon="121.34227638378641">
        <ele>3.0</ele>
        <time>2026-09-19T11:52:05Z</time>
        <extensions>
          <gpxtpx:TrackPointExtension>
            <gpxtpx:hr>163</gpxtpx:hr>
          </gpxtpx:TrackPointExtension>
        </extensions>
      </trkpt>
      <trkpt lat="31.23122858768659" lon="121.34231728779166">
        <ele>3.200000047683716</ele>
        <time>2026-09-19T11:52:09Z</time>
        <extensions>
          <gpxtpx:TrackPointExtension>
            <gpxtpx:hr>162</gpxtpx:hr>
          </gpxtpx:TrackPointExtension>
        </extensions>
      </trkpt>
      <trkpt lat="31.23135245926427" lon="121.34235719306251">
        <ele>3.0</ele>
        <time>2026-09-19T11:52:13Z</time>
        <extensions>
          <gpxtpx:TrackPointExtension>
            <gpxtpx:hr>159</gpxtpx:hr>
          </gpxtpx:TrackPointExtension>
        </extensions>
      </trkpt>
      <trkpt lat="31.2314603613547" lon="121.34238412703623">
        <ele>3.0</ele>
        <time>2026-09-19T11:52:17Z</time>
        <extensions>
          <gpxtpx:TrackPointExtension>
            <gpxtpx:hr>159</gpxtpx:hr>
          </gpxtpx:TrackPointExtension>
        </extensions>
      </trkpt>
      <trkpt lat="31.231551297949558" lon="121.34239609397882">
        <ele>3.200000047683716</ele>
        <time>2026-09-19T11:52:21Z</time>
        <extensions>
          <gpxtpx:TrackPointExtension>
            <gpxtpx:hr>159</gpxtpx:hr>
          </gpxtpx:TrackPointExtension>
        </extensions>
      </trkpt>
      <trkpt lat="31.23166223594887" lon="121.34240207178979">
        <ele>3.0</ele>
        <time>2026-09-19T11:52:25Z</time>
        <extensions>
          <gpxtpx:TrackPointExtension>
            <gpxtpx:hr>158</gpxtpx:hr>
          </gpxtpx:TrackPointExtension>
        </extensions>
      </trkpt>
      <trkpt lat="31.231812148825846" lon="121.3424120378345">
        <ele>3.0</ele>
        <time>2026-09-19T11:52:29Z</time>
        <extensions>
          <gpxtpx:TrackPointExtension>
            <gpxtpx:hr>159</gpxtpx:hr>
          </gpxtpx:TrackPointExtension>
        </extensions>
      </trkpt>
      <trkpt lat="31.231935102597145" lon="121.34240603979738">
        <ele>2.799999952316284</ele>
        <time>2026-09-19T11:52:33Z</time>
        <extensions>
          <gpxtpx:TrackPointExtension>
            <gpxtpx:hr>158</gpxtpx:hr>
          </gpxtpx:TrackPointExtension>
        </extensions>
      </trkpt>
      <trkpt lat="31.232055031152875" lon="121.3424150105345">
        <ele>2.799999952316284</ele>
        <time>2026-09-19T11:52:37Z</time>
        <extensions>
          <gpxtpx:TrackPointExtension>
            <gpxtpx:hr>158</gpxtpx:hr>
          </gpxtpx:TrackPointExtension>
        </extensions>
      </trkpt>
      <trkpt lat="31.232143972275036" lon="121.34242498185371">
        <ele>2.799999952316284</ele>
        <time>2026-09-19T11:52:41Z</time>
        <extensions>
          <gpxtpx:TrackPointExtension>
            <gpxtpx:hr>158</gpxtpx:hr>
          </gpxtpx:TrackPointExtension>
        </extensions>
      </trkpt>
      <trkpt lat="31.232254905014532" lon="121.34243395337167">
        <ele>2.5999999046325684</ele>
        <time>2026-09-19T11:52:45Z</time>
        <extensions>
          <gpxtpx:TrackPointExtension>
            <gpxtpx:hr>159</gpxtpx:hr>
          </gpxtpx:TrackPointExtension>
        </extensions>
      </trkpt>
      <trkpt lat="31.232395852292775" lon="121.34242695587484">
        <ele>2.799999952316284</ele>
        <time>2026-09-19T11:52:49Z</time>
        <extensions>
          <gpxtpx:TrackPointExtension>
            <gpxtpx:hr>160</gpxtpx:hr>
          </gpxtpx:TrackPointExtension>
        </extensions>
      </trkpt>
      <trkpt lat="31.232511846623037" lon="121.34240000251994">
        <ele>2.799999952316284</ele>
        <time>2026-09-19T11:52:53Z</time>
        <extensions>
          <gpxtpx:TrackPointExtension>
            <gpxtpx:hr>160</gpxtpx:hr>
          </gpxtpx:TrackPointExtension>
        </extensions>
      </trkpt>
      <trkpt lat="31.23261888418418" lon="121.34235109615355">
        <ele>3.0</ele>
        <time>2026-09-19T11:52:57Z</time>
        <extensions>
          <gpxtpx:TrackPointExtension>
            <gpxtpx:hr>161</gpxtpx:hr>
          </gpxtpx:TrackPointExtension>
        </extensions>
      </trkpt>
      <trkpt lat="31.232714933973128" lon="121.34229819918538">
        <ele>3.200000047683716</ele>
        <time>2026-09-19T11:53:01Z</time>
        <extensions>
          <gpxtpx:TrackPointExtension>
            <gpxtpx:hr>161</gpxtpx:hr>
          </gpxtpx:TrackPointExtension>
        </extensions>
      </trkpt>
      <trkpt lat="31.232804026136353" lon="121.34222334912096">
        <ele>3.5999999046325684</ele>
        <time>2026-09-19T11:53:05Z</time>
        <extensions>
          <gpxtpx:TrackPointExtension>
            <gpxtpx:hr>161</gpxtpx:hr>
          </gpxtpx:TrackPointExtension>
        </extensions>
      </trkpt>
      <trkpt lat="31.232883092775804" lon="121.34216546426113">
        <ele>3.4000000953674316</ele>
        <time>2026-09-19T11:53:09Z</time>
        <extensions>
          <gpxtpx:TrackPointExtension>
            <gpxtpx:hr>161</gpxtpx:hr>
          </gpxtpx:TrackPointExtension>
        </extensions>
      </trkpt>
      <trkpt lat="31.233003193924837" lon="121.34207763905962">
        <ele>3.4000000953674316</ele>
        <time>2026-09-19T11:53:13Z</time>
        <extensions>
          <gpxtpx:TrackPointExtension>
            <gpxtpx:hr>162</gpxtpx:hr>
          </gpxtpx:TrackPointExtension>
        </extensions>
      </trkpt>
      <trkpt lat="31.23309728048591" lon="121.34200478464703">
        <ele>3.5999999046325684</ele>
        <time>2026-09-19T11:53:17Z</time>
        <extensions>
          <gpxtpx:TrackPointExtension>
            <gpxtpx:hr>163</gpxtpx:hr>
          </gpxtpx:TrackPointExtension>
        </extensions>
      </trkpt>
      <trkpt lat="31.233215306190306" lon="121.34195986924955">
        <ele>3.4000000953674316</ele>
        <time>2026-09-19T11:53:21Z</time>
        <extensions>
          <gpxtpx:TrackPointExtension>
            <gpxtpx:hr>163</gpxtpx:hr>
          </gpxtpx:TrackPointExtension>
        </extensions>
      </trkpt>
      <trkpt lat="31.23333230389337" lon="121.34193092025063">
        <ele>3.200000047683716</ele>
        <time>2026-09-19T11:53:25Z</time>
        <extensions>
          <gpxtpx:TrackPointExtension>
            <gpxtpx:hr>163</gpxtpx:hr>
          </gpxtpx:TrackPointExtension>
        </extensions>
      </trkpt>
      <trkpt lat="31.233458265401925" lon="121.3419199325456">
        <ele>3.0</ele>
        <time>2026-09-19T11:53:29Z</time>
        <extensions>
          <gpxtpx:TrackPointExtension>
            <gpxtpx:hr>163</gpxtpx:hr>
          </gpxtpx:TrackPointExtension>
        </extensions>
      </trkpt>
      <trkpt lat="31.233582181528487" lon="121.3419348902137">
        <ele>3.0</ele>
        <time>2026-09-19T11:53:33Z</time>
        <extensions>
          <gpxtpx:TrackPointExtension>
            <gpxtpx:hr>163</gpxtpx:hr>
          </gpxtpx:TrackPointExtension>
        </extensions>
      </trkpt>
      <trkpt lat="31.23369110102115" lon="121.34195184496751">
        <ele>3.0</ele>
        <time>2026-09-19T11:53:37Z</time>
        <extensions>
          <gpxtpx:TrackPointExtension>
            <gpxtpx:hr>162</gpxtpx:hr>
          </gpxtpx:TrackPointExtension>
        </extensions>
      </trkpt>
      <trkpt lat="31.23380400265913" lon="121.34197778041886">
        <ele>2.5999999046325684</ele>
        <time>2026-09-19T11:53:41Z</time>
        <extensions>
          <gpxtpx:TrackPointExtension>
            <gpxtpx:hr>163</gpxtpx:hr>
          </gpxtpx:TrackPointExtension>
        </extensions>
      </trkpt>
      <trkpt lat="31.23391689541696" lon="121.34200870535057">
        <ele>2.5999999046325684</ele>
        <time>2026-09-19T11:53:45Z</time>
        <extensions>
          <gpxtpx:TrackPointExtension>
            <gpxtpx:hr>164</gpxtpx:hr>
          </gpxtpx:TrackPointExtension>
        </extensions>
      </trkpt>
      <trkpt lat="31.234035869105803" lon="121.34199272876745">
        <ele>2.5999999046325684</ele>
        <time>2026-09-19T11:53:49Z</time>
        <extensions>
          <gpxtpx:TrackPointExtension>
            <gpxtpx:hr>164</gpxtpx:hr>
          </gpxtpx:TrackPointExtension>
        </extensions>
      </trkpt>
      <trkpt lat="31.23410889248069" lon="121.34196078987586">
        <ele>2.5999999046325684</ele>
        <time>2026-09-19T11:53:53Z</time>
        <extensions>
          <gpxtpx:TrackPointExtension>
            <gpxtpx:hr>164</gpxtpx:hr>
          </gpxtpx:TrackPointExtension>
        </extensions>
      </trkpt>
      <trkpt lat="31.234246937625645" lon="121.34189990651403">
        <ele>2.5999999046325684</ele>
        <time>2026-09-19T11:53:57Z</time>
        <extensions>
          <gpxtpx:TrackPointExtension>
            <gpxtpx:hr>165</gpxtpx:hr>
          </gpxtpx:TrackPointExtension>
        </extensions>
      </trkpt>
      <trkpt lat="31.234355978358554" lon="121.34184900463292">
        <ele>2.799999952316284</ele>
        <time>2026-09-19T11:54:01Z</time>
        <extensions>
          <gpxtpx:TrackPointExtension>
            <gpxtpx:hr>164</gpxtpx:hr>
          </gpxtpx:TrackPointExtension>
        </extensions>
      </trkpt>
      <trkpt lat="31.234468003493483" lon="121.34180608565929">
        <ele>3.200000047683716</ele>
        <time>2026-09-19T11:54:05Z</time>
        <extensions>
          <gpxtpx:TrackPointExtension>
            <gpxtpx:hr>164</gpxtpx:hr>
          </gpxtpx:TrackPointExtension>
        </extensions>
      </trkpt>
      <trkpt lat="31.234576997939783" lon="121.34178112898991">
        <ele>3.200000047683716</ele>
        <time>2026-09-19T11:54:09Z</time>
        <extensions>
          <gpxtpx:TrackPointExtension>
            <gpxtpx:hr>164</gpxtpx:hr>
          </gpxtpx:TrackPointExtension>
        </extensions>
      </trkpt>
      <trkpt lat="31.234692987403182" lon="121.34175716961586">
        <ele>3.0</ele>
        <time>2026-09-19T11:54:13Z</time>
        <extensions>
          <gpxtpx:TrackPointExtension>
            <gpxtpx:hr>163</gpxtpx:hr>
          </gpxtpx:TrackPointExtension>
        </extensions>
      </trkpt>
      <trkpt lat="31.23480995858569" lon="121.34174318905534">
        <ele>3.0</ele>
        <time>2026-09-19T11:54:17Z</time>
        <extensions>
          <gpxtpx:TrackPointExtension>
            <gpxtpx:hr>163</gpxtpx:hr>
          </gpxtpx:TrackPointExtension>
        </extensions>
      </trkpt>
      <trkpt lat="31.234922903074995" lon="121.34174517506726">
        <ele>3.0</ele>
        <time>2026-09-19T11:54:21Z</time>
        <extensions>
          <gpxtpx:TrackPointExtension>
            <gpxtpx:hr>163</gpxtpx:hr>
          </gpxtpx:TrackPointExtension>
        </extensions>
      </trkpt>
      <trkpt lat="31.235035844008003" lon="121.3417491568575">
        <ele>2.799999952316284</ele>
        <time>2026-09-19T11:54:25Z</time>
        <extensions>
          <gpxtpx:TrackPointExtension>
            <gpxtpx:hr>163</gpxtpx:hr>
          </gpxtpx:TrackPointExtension>
        </extensions>
      </trkpt>
      <trkpt lat="31.235153788007853" lon="121.3417501445482">
        <ele>2.799999952316284</ele>
        <time>2026-09-19T11:54:29Z</time>
        <extensions>
          <gpxtpx:TrackPointExtension>
            <gpxtpx:hr>161</gpxtpx:hr>
          </gpxtpx:TrackPointExtension>
        </extensions>
      </trkpt>
      <trkpt lat="31.23526472809975" lon="121.34175512440079">
        <ele>2.5999999046325684</ele>
        <time>2026-09-19T11:54:33Z</time>
        <extensions>
          <gpxtpx:TrackPointExtension>
            <gpxtpx:hr>159</gpxtpx:hr>
          </gpxtpx:TrackPointExtension>
        </extensions>
      </trkpt>
      <trkpt lat="31.235381722538918" lon="121.341728171285">
        <ele>2.5999999046325684</ele>
        <time>2026-09-19T11:54:37Z</time>
        <extensions>
          <gpxtpx:TrackPointExtension>
            <gpxtpx:hr>159</gpxtpx:hr>
          </gpxtpx:TrackPointExtension>
        </extensions>
      </trkpt>
      <trkpt lat="31.23550571735688" lon="121.34169922180045">
        <ele>2.799999952316284</ele>
        <time>2026-09-19T11:54:41Z</time>
        <extensions>
          <gpxtpx:TrackPointExtension>
            <gpxtpx:hr>159</gpxtpx:hr>
          </gpxtpx:TrackPointExtension>
        </extensions>
      </trkpt>
      <trkpt lat="31.23562768991323" lon="121.34168324504604">
        <ele>2.4000000953674316</ele>
        <time>2026-09-19T11:54:45Z</time>
        <extensions>
          <gpxtpx:TrackPointExtension>
            <gpxtpx:hr>159</gpxtpx:hr>
          </gpxtpx:TrackPointExtension>
        </extensions>
      </trkpt>
      <trkpt lat="31.23575864229113" lon="121.34167624850842">
        <ele>2.4000000953674316</ele>
        <time>2026-09-19T11:54:49Z</time>
        <extensions>
          <gpxtpx:TrackPointExtension>
            <gpxtpx:hr>159</gpxtpx:hr>
          </gpxtpx:TrackPointExtension>
        </extensions>
      </trkpt>
      <trkpt lat="31.235888602284962" lon="121.34166526050723">
        <ele>2.200000047683716</ele>
        <time>2026-09-19T11:54:53Z</time>
        <extensions>
          <gpxtpx:TrackPointExtension>
            <gpxtpx:hr>159</gpxtpx:hr>
          </gpxtpx:TrackPointExtension>
        </extensions>
      </trkpt>
      <trkpt lat="31.236007490583095" lon="121.34169718263678">
        <ele>2.200000047683716</ele>
        <time>2026-09-19T11:54:57Z</time>
        <extensions>
          <gpxtpx:TrackPointExtension>
            <gpxtpx:hr>160</gpxtpx:hr>
          </gpxtpx:TrackPointExtension>
        </extensions>
      </trkpt>
      <trkpt lat="31.236093303059334" lon="121.34177999998711">
        <ele>2.4000000953674316</ele>
        <time>2026-09-19T11:55:01Z</time>
        <extensions>
          <gpxtpx:TrackPointExtension>
            <gpxtpx:hr>159</gpxtpx:hr>
          </gpxtpx:TrackPointExtension>
        </extensions>
      </trkpt>
      <trkpt lat="31.23617208676949" lon="121.34188078010607">
        <ele>2.799999952316284</ele>
        <time>2026-09-19T11:55:05Z</time>
        <extensions>
          <gpxtpx:TrackPointExtension>
            <gpxtpx:hr>159</gpxtpx:hr>
          </gpxtpx:TrackPointExtension>
        </extensions>
      </trkpt>
      <trkpt lat="31.23627394023392" lon="121.34193665323858">
        <ele>3.200000047683716</ele>
        <time>2026-09-19T11:55:09Z</time>
        <extensions>
          <gpxtpx:TrackPointExtension>
            <gpxtpx:hr>160</gpxtpx:hr>
          </gpxtpx:TrackPointExtension>
        </extensions>
      </trkpt>
      <trkpt lat="31.23641393129829" lon="121.34190570648057">
        <ele>3.4000000953674316</ele>
        <time>2026-09-19T11:55:13Z</time>
        <extensions>
          <gpxtpx:TrackPointExtension>
            <gpxtpx:hr>160</gpxtpx:hr>
          </gpxtpx:TrackPointExtension>
        </extensions>
      </trkpt>
      <trkpt lat="31.236530957883865" lon="121.34186079125062">
        <ele>3.799999952316284</ele>
        <time>2026-09-19T11:55:17Z</time>
        <extensions>
          <gpxtpx:TrackPointExtension>
            <gpxtpx:hr>162</gpxtpx:hr>
          </gpxtpx:TrackPointExtension>
        </extensions>
      </trkpt>
      <trkpt lat="31.2366409930666" lon="121.34181288299071">
        <ele>3.5999999046325684</ele>
        <time>2026-09-19T11:55:21Z</time>
        <extensions>
          <gpxtpx:TrackPointExtension>
            <gpxtpx:hr>163</gpxtpx:hr>
          </gpxtpx:TrackPointExtension>
        </extensions>
      </trkpt>
      <trkpt lat="31.23673808598259" lon="121.3417360371097">
        <ele>3.4000000953674316</ele>
        <time>2026-09-19T11:55:25Z</time>
        <extensions>
          <gpxtpx:TrackPointExtension>
            <gpxtpx:hr>164</gpxtpx:hr>
          </gpxtpx:TrackPointExtension>
        </extensions>
      </trkpt>
      <trkpt lat="31.23682620632265" lon="121.34164621957378">
        <ele>3.0</ele>
        <time>2026-09-19T11:55:29Z</time>
        <extensions>
          <gpxtpx:TrackPointExtension>
            <gpxtpx:hr>165</gpxtpx:hr>
          </gpxtpx:TrackPointExtension>
        </extensions>
      </trkpt>
      <trkpt lat="31.236947243791814" lon="121.34159431899832">
        <ele>2.799999952316284</ele>
        <time>2026-09-19T11:55:33Z</time>
        <extensions>
          <gpxtpx:TrackPointExtension>
            <gpxtpx:hr>165</gpxtpx:hr>
          </gpxtpx:TrackPointExtension>
        </extensions>
      </trkpt>
      <trkpt lat="31.23706719422657" lon="121.34159131496753">
        <ele>2.5999999046325684</ele>
        <time>2026-09-19T11:55:37Z</time>
        <extensions>
          <gpxtpx:TrackPointExtension>
            <gpxtpx:hr>164</gpxtpx:hr>
          </gpxtpx:TrackPointExtension>
        </extensions>
      </trkpt>
      <trkpt lat="31.237145156746855" lon="121.34159230611232">
        <ele>2.5999999046325684</ele>
        <time>2026-09-19T11:55:41Z</time>
        <extensions>
          <gpxtpx:TrackPointExtension>
            <gpxtpx:hr>164</gpxtpx:hr>
          </gpxtpx:TrackPointExtension>
        </extensions>
      </trkpt>
      <trkpt lat="31.237275131211494" lon="121.34157333503828">
        <ele>2.5999999046325684</ele>
        <time>2026-09-19T11:55:45Z</time>
        <extensions>
          <gpxtpx:TrackPointExtension>
            <gpxtpx:hr>164</gpxtpx:hr>
          </gpxtpx:TrackPointExtension>
        </extensions>
      </trkpt>
      <trkpt lat="31.237383097891225" lon="121.34156434473005">
        <ele>2.5999999046325684</ele>
        <time>2026-09-19T11:55:49Z</time>
        <extensions>
          <gpxtpx:TrackPointExtension>
            <gpxtpx:hr>163</gpxtpx:hr>
          </gpxtpx:TrackPointExtension>
        </extensions>
      </trkpt>
      <trkpt lat="31.237498031009043" lon="121.34157231787813">
        <ele>2.5999999046325684</ele>
        <time>2026-09-19T11:55:53Z</time>
        <extensions>
          <gpxtpx:TrackPointExtension>
            <gpxtpx:hr>163</gpxtpx:hr>
          </gpxtpx:TrackPointExtension>
        </extensions>
      </trkpt>
      <trkpt lat="31.237613958323642" lon="121.34158328459938">
        <ele>2.5999999046325684</ele>
        <time>2026-09-19T11:55:57Z</time>
        <extensions>
          <gpxtpx:TrackPointExtension>
            <gpxtpx:hr>164</gpxtpx:hr>
          </gpxtpx:TrackPointExtension>
        </extensions>
      </trkpt>
      <trkpt lat="31.237724859359837" lon="121.34161021793943">
        <ele>2.5999999046325684</ele>
        <time>2026-09-19T11:56:01Z</time>
        <extensions>
          <gpxtpx:TrackPointExtension>
            <gpxtpx:hr>164</gpxtpx:hr>
          </gpxtpx:TrackPointExtension>
        </extensions>
      </trkpt>
      <trkpt lat="31.237820752987425" lon="121.34164513568618">
        <ele>2.5999999046325684</ele>
        <time>2026-09-19T11:56:05Z</time>
        <extensions>
          <gpxtpx:TrackPointExtension>
            <gpxtpx:hr>165</gpxtpx:hr>
          </gpxtpx:TrackPointExtension>
        </extensions>
      </trkpt>
      <trkpt lat="31.237957567228634" lon="121.34171397810859">
        <ele>2.4000000953674316</ele>
        <time>2026-09-19T11:56:09Z</time>
        <extensions>
          <gpxtpx:TrackPointExtension>
            <gpxtpx:hr>164</gpxtpx:hr>
          </gpxtpx:TrackPointExtension>
        </extensions>
      </trkpt>
      <trkpt lat="31.238058405130868" lon="121.34177883216672">
        <ele>2.4000000953674316</ele>
        <time>2026-09-19T11:56:13Z</time>
        <extensions>
          <gpxtpx:TrackPointExtension>
            <gpxtpx:hr>164</gpxtpx:hr>
          </gpxtpx:TrackPointExtension>
        </extensions>
      </trkpt>
      <trkpt lat="31.2381482249526" lon="121.34185665983065">
        <ele>2.4000000953674316</ele>
        <time>2026-09-19T11:56:17Z</time>
        <extensions>
          <gpxtpx:TrackPointExtension>
            <gpxtpx:hr>164</gpxtpx:hr>
          </gpxtpx:TrackPointExtension>
        </extensions>
      </trkpt>
      <trkpt lat="31.238263061958822" lon="121.34191851916471">
        <ele>2.200000047683716</ele>
        <time>2026-09-19T11:56:21Z</time>
        <extensions>
          <gpxtpx:TrackPointExtension>
            <gpxtpx:hr>164</gpxtpx:hr>
          </gpxtpx:TrackPointExtension>
        </extensions>
      </trkpt>
      <trkpt lat="31.238382980458702" lon="121.3419334771747">
        <ele>2.200000047683716</ele>
        <time>2026-09-19T11:56:25Z</time>
        <extensions>
          <gpxtpx:TrackPointExtension>
            <gpxtpx:hr>164</gpxtpx:hr>
          </gpxtpx:TrackPointExtension>
        </extensions>
      </trkpt>
      <trkpt lat="31.238509913593163" lon="121.34193845565835">
        <ele>2.200000047683716</ele>
        <time>2026-09-19T11:56:29Z</time>
        <extensions>
          <gpxtpx:TrackPointExtension>
            <gpxtpx:hr>163</gpxtpx:hr>
          </gpxtpx:TrackPointExtension>
        </extensions>
      </trkpt>
      <trkpt lat="31.238623890082327" lon="121.3419224795274">
        <ele>2.200000047683716</ele>
        <time>2026-09-19T11:56:33Z</time>
        <extensions>
          <gpxtpx:TrackPointExtension>
            <gpxtpx:hr>163</gpxtpx:hr>
          </gpxtpx:TrackPointExtension>
        </extensions>
      </trkpt>
      <trkpt lat="31.238727894312273" lon="121.34189353167287">
        <ele>2.200000047683716</ele>
        <time>2026-09-19T11:56:37Z</time>
        <extensions>
          <gpxtpx:TrackPointExtension>
            <gpxtpx:hr>164</gpxtpx:hr>
          </gpxtpx:TrackPointExtension>
        </extensions>
      </trkpt>
      <trkpt lat="31.23883790830514" lon="121.34185759807725">
        <ele>2.5999999046325684</ele>
        <time>2026-09-19T11:56:41Z</time>
        <extensions>
          <gpxtpx:TrackPointExtension>
            <gpxtpx:hr>163</gpxtpx:hr>
          </gpxtpx:TrackPointExtension>
        </extensions>
      </trkpt>
      <trkpt lat="31.238960829052594" lon="121.3418705600291">
        <ele>2.799999952316284</ele>
        <time>2026-09-19T11:56:45Z</time>
        <extensions>
          <gpxtpx:TrackPointExtension>
            <gpxtpx:hr>163</gpxtpx:hr>
          </gpxtpx:TrackPointExtension>
        </extensions>
      </trkpt>
      <trkpt lat="31.239074677302174" lon="121.34192643210989">
        <ele>3.0</ele>
        <time>2026-09-19T11:56:49Z</time>
        <extensions>
          <gpxtpx:TrackPointExtension>
            <gpxtpx:hr>163</gpxtpx:hr>
          </gpxtpx:TrackPointExtension>
        </extensions>
      </trkpt>
      <trkpt lat="31.23918152523748" lon="121.34198430063717">
        <ele>3.0</ele>
        <time>2026-09-19T11:56:53Z</time>
        <extensions>
          <gpxtpx:TrackPointExtension>
            <gpxtpx:hr>163</gpxtpx:hr>
          </gpxtpx:TrackPointExtension>
        </extensions>
      </trkpt>
      <trkpt lat="31.239285374598776" lon="121.342042169483">
        <ele>3.0</ele>
        <time>2026-09-19T11:56:57Z</time>
        <extensions>
          <gpxtpx:TrackPointExtension>
            <gpxtpx:hr>163</gpxtpx:hr>
          </gpxtpx:TrackPointExtension>
        </extensions>
      </trkpt>
      <trkpt lat="31.23939721325925" lon="121.34210402927783">
        <ele>2.799999952316284</ele>
        <time>2026-09-19T11:57:01Z</time>
        <extensions>
          <gpxtpx:TrackPointExtension>
            <gpxtpx:hr>163</gpxtpx:hr>
          </gpxtpx:TrackPointExtension>
        </extensions>
      </trkpt>
      <trkpt lat="31.23949606857551" lon="121.34215990288625">
        <ele>3.0</ele>
        <time>2026-09-19T11:57:05Z</time>
        <extensions>
          <gpxtpx:TrackPointExtension>
            <gpxtpx:hr>164</gpxtpx:hr>
          </gpxtpx:TrackPointExtension>
        </extensions>
      </trkpt>
      <trkpt lat="31.239599948330586" lon="121.34220080766005">
        <ele>2.799999952316284</ele>
        <time>2026-09-19T11:57:09Z</time>
        <extensions>
          <gpxtpx:TrackPointExtension>
            <gpxtpx:hr>164</gpxtpx:hr>
          </gpxtpx:TrackPointExtension>
        </extensions>
      </trkpt>
      <trkpt lat="31.23971482666688" lon="121.34223971571714">
        <ele>3.200000047683716</ele>
        <time>2026-09-19T11:57:13Z</time>
        <extensions>
          <gpxtpx:TrackPointExtension>
            <gpxtpx:hr>164</gpxtpx:hr>
          </gpxtpx:TrackPointExtension>
        </extensions>
      </trkpt>
      <trkpt lat="31.239795748934398" lon="121.34226266036762">
        <ele>3.200000047683716</ele>
        <time>2026-09-19T11:57:17Z</time>
        <extensions>
          <gpxtpx:TrackPointExtension>
            <gpxtpx:hr>164</gpxtpx:hr>
          </gpxtpx:TrackPointExtension>
        </extensions>
      </trkpt>
      <trkpt lat="31.23989454050018" lon="121.34235445851647">
        <ele>3.4000000953674316</ele>
        <time>2026-09-19T11:57:21Z</time>
        <extensions>
          <gpxtpx:TrackPointExtension>
            <gpxtpx:hr>163</gpxtpx:hr>
          </gpxtpx:TrackPointExtension>
        </extensions>
      </trkpt>
      <trkpt lat="31.240003402165566" lon="121.34240434410636">
        <ele>3.200000047683716</ele>
        <time>2026-09-19T11:57:25Z</time>
        <extensions>
          <gpxtpx:TrackPointExtension>
            <gpxtpx:hr>163</gpxtpx:hr>
          </gpxtpx:TrackPointExtension>
        </extensions>
      </trkpt>
      <trkpt lat="31.240132327518424" lon="121.34241331406038">
        <ele>3.0</ele>
        <time>2026-09-19T11:57:29Z</time>
        <extensions>
          <gpxtpx:TrackPointExtension>
            <gpxtpx:hr>163</gpxtpx:hr>
          </gpxtpx:TrackPointExtension>
        </extensions>
      </trkpt>
      <trkpt lat="31.240222300785085" lon="121.34240532307254">
        <ele>2.799999952316284</ele>
        <time>2026-09-19T11:57:33Z</time>
        <extensions>
          <gpxtpx:TrackPointExtension>
            <gpxtpx:hr>162</gpxtpx:hr>
          </gpxtpx:TrackPointExtension>
        </extensions>
      </trkpt>
      <trkpt lat="31.240358333019106" lon="121.34235242260036">
        <ele>2.799999952316284</ele>
        <time>2026-09-19T11:57:37Z</time>
        <extensions>
          <gpxtpx:TrackPointExtension>
            <gpxtpx:hr>161</gpxtpx:hr>
          </gpxtpx:TrackPointExtension>
        </extensions>
      </trkpt>
      <trkpt lat="31.240468368248234" lon="121.34230451392133">
        <ele>2.799999952316284</ele>
        <time>2026-09-19T11:57:41Z</time>
        <extensions>
          <gpxtpx:TrackPointExtension>
            <gpxtpx:hr>162</gpxtpx:hr>
          </gpxtpx:TrackPointExtension>
        </extensions>
      </trkpt>
      <trkpt lat="31.24059836068106" lon="121.34227556362094">
        <ele>3.0</ele>
        <time>2026-09-19T11:57:45Z</time>
        <extensions>
          <gpxtpx:TrackPointExtension>
            <gpxtpx:hr>161</gpxtpx:hr>
          </gpxtpx:TrackPointExtension>
        </extensions>
      </trkpt>
      <trkpt lat="31.24071435594796" lon="121.34224861034194">
        <ele>3.0</ele>
        <time>2026-09-19T11:57:49Z</time>
        <extensions>
          <gpxtpx:TrackPointExtension>
            <gpxtpx:hr>161</gpxtpx:hr>
          </gpxtpx:TrackPointExtension>
        </extensions>
      </trkpt>
      <trkpt lat="31.240839300949265" lon="121.34224760163686">
        <ele>3.200000047683716</ele>
        <time>2026-09-19T11:57:53Z</time>
        <extensions>
          <gpxtpx:TrackPointExtension>
            <gpxtpx:hr>161</gpxtpx:hr>
          </gpxtpx:TrackPointExtension>
        </extensions>
      </trkpt>
      <trkpt lat="31.24095220166879" lon="121.34227453511636">
        <ele>3.200000047683716</ele>
        <time>2026-09-19T11:57:57Z</time>
        <extensions>
          <gpxtpx:TrackPointExtension>
            <gpxtpx:hr>162</gpxtpx:hr>
          </gpxtpx:TrackPointExtension>
        </extensions>
      </trkpt>
      <trkpt lat="31.24102397011642" lon="121.34238629362056">
        <ele>3.200000047683716</ele>
        <time>2026-09-19T11:58:01Z</time>
        <extensions>
          <gpxtpx:TrackPointExtension>
            <gpxtpx:hr>162</gpxtpx:hr>
          </gpxtpx:TrackPointExtension>
        </extensions>
      </trkpt>
      <trkpt lat="31.24102272225099" lon="121.34252599993721">
        <ele>3.0</ele>
        <time>2026-09-19T11:58:05Z</time>
        <extensions>
          <gpxtpx:TrackPointExtension>
            <gpxtpx:hr>162</gpxtpx:hr>
          </gpxtpx:TrackPointExtension>
        </extensions>
      </trkpt>
      <trkpt lat="31.24098648879602" lon="121.34266670754197">
        <ele>3.0</ele>
        <time>2026-09-19T11:58:09Z</time>
        <extensions>
          <gpxtpx:TrackPointExtension>
            <gpxtpx:hr>162</gpxtpx:hr>
          </gpxtpx:TrackPointExtension>
        </extensions>
      </trkpt>
      <trkpt lat="31.240935310204282" lon="121.34278047329653">
        <ele>2.5999999046325684</ele>
        <time>2026-09-19T11:58:13Z</time>
        <extensions>
          <gpxtpx:TrackPointExtension>
            <gpxtpx:hr>163</gpxtpx:hr>
          </gpxtpx:TrackPointExtension>
        </extensions>
      </trkpt>
      <trkpt lat="31.24090015105387" lon="121.34287926926376">
        <ele>2.5999999046325684</ele>
        <time>2026-09-19T11:58:17Z</time>
        <extensions>
          <gpxtpx:TrackPointExtension>
            <gpxtpx:hr>162</gpxtpx:hr>
          </gpxtpx:TrackPointExtension>
        </extensions>
      </trkpt>
      <trkpt lat="31.24086886842832" lon="121.34304692098647">
        <ele>2.799999952316284</ele>
        <time>2026-09-19T11:58:21Z</time>
        <extensions>
          <gpxtpx:TrackPointExtension>
            <gpxtpx:hr>163</gpxtpx:hr>
          </gpxtpx:TrackPointExtension>
        </extensions>
      </trkpt>
      <trkpt lat="31.240848669369797" lon="121.34316467652415">
        <ele>2.5999999046325684</ele>
        <time>2026-09-19T11:58:25Z</time>
        <extensions>
          <gpxtpx:TrackPointExtension>
            <gpxtpx:hr>164</gpxtpx:hr>
          </gpxtpx:TrackPointExtension>
        </extensions>
      </trkpt>
      <trkpt lat="31.240839521895616" lon="121.34325049803886">
        <ele>2.5999999046325684</ele>
        <time>2026-09-19T11:58:29Z</time>
        <extensions>
          <gpxtpx:TrackPointExtension>
            <gpxtpx:hr>165</gpxtpx:hr>
          </gpxtpx:TrackPointExtension>
        </extensions>
      </trkpt>
      <trkpt lat="31.240832417640853" lon="121.34331137157649">
        <ele>2.4000000953674316</ele>
        <time>2026-09-19T11:58:33Z</time>
        <extensions>
          <gpxtpx:TrackPointExtension>
            <gpxtpx:hr>165</gpxtpx:hr>
          </gpxtpx:TrackPointExtension>
        </extensions>
      </trkpt>
    </trkseg>
  </trk>
</gpx>